{"beta": 90, "tz": 0, "actin_num": 10, "tx": -90.0, "ty": 0, "defocus": 1.8617747265286706, "alpha": 90, "iteration": 1120, "gamma": 0.0}
{"beta": 90, "tz": 0, "actin_num": 10, "tx": -90.0, "ty": 0, "defocus": 2.198013693980425, "alpha": 90, "iteration": 1121, "gamma": 22.5}
{"beta": 90, "tz": 0, "actin_num": 10, "tx": -90.0, "ty": 0, "defocus": 3.3803276370401782, "alpha": 90, "iteration": 1122, "gamma": 45.0}
{"beta": 90, "tz": 0, "actin_num": 10, "tx": -90.0, "ty": 0, "defocus": 2.4209854748609385, "alpha": 90, "iteration": 1123, "gamma": 67.5}
{"beta": 90, "tz": 0, "actin_num": 10, "tx": -90.0, "ty": 0, "defocus": 2.3351491600936587, "alpha": 90, "iteration": 1124, "gamma": 90.0}
{"beta": 90, "tz": 0, "actin_num": 10, "tx": -90.0, "ty": 0, "defocus": 2.8607944107238836, "alpha": 90, "iteration": 1125, "gamma": 112.5}
{"beta": 90, "tz": 0, "actin_num": 10, "tx": -90.0, "ty": 0, "defocus": 1.7253327543124604, "alpha": 90, "iteration": 1126, "gamma": 135.0}
{"beta": 90, "tz": 0, "actin_num": 10, "tx": -90.0, "ty": 0, "defocus": 3.2246119718648876, "alpha": 90, "iteration": 1127, "gamma": 157.5}
{"beta": 90, "tz": 0, "actin_num": 10, "tx": -90.0, "ty": 0, "defocus": 3.2422975250813355, "alpha": 90, "iteration": 1128, "gamma": 180.0}
{"beta": 90, "tz": 0, "actin_num": 10, "tx": -90.0, "ty": 0, "defocus": 1.9777223827386747, "alpha": 90, "iteration": 1129, "gamma": 202.5}
{"beta": 90, "tz": 0, "actin_num": 10, "tx": -90.0, "ty": 0, "defocus": 1.6677712466445056, "alpha": 90, "iteration": 1130, "gamma": 225.0}
{"beta": 90, "tz": 0, "actin_num": 10, "tx": -90.0, "ty": 0, "defocus": 3.841829362583878, "alpha": 90, "iteration": 1131, "gamma": 247.5}
{"beta": 90, "tz": 0, "actin_num": 10, "tx": -90.0, "ty": 0, "defocus": 3.1339172364885313, "alpha": 90, "iteration": 1132, "gamma": 270.0}
{"beta": 90, "tz": 0, "actin_num": 10, "tx": -90.0, "ty": 0, "defocus": 2.4800144320732445, "alpha": 90, "iteration": 1133, "gamma": 292.5}
{"beta": 90, "tz": 0, "actin_num": 10, "tx": -90.0, "ty": 0, "defocus": 2.759885861236201, "alpha": 90, "iteration": 1134, "gamma": 315.0}
{"beta": 90, "tz": 0, "actin_num": 10, "tx": -90.0, "ty": 0, "defocus": 3.3152256732331367, "alpha": 90, "iteration": 1135, "gamma": 337.5}
{"beta": 90, "tz": 0, "actin_num": 10, "tx": -60.0, "ty": 0, "defocus": 2.2378207540760355, "alpha": 90, "iteration": 1136, "gamma": 0.0}
{"beta": 90, "tz": 0, "actin_num": 10, "tx": -60.0, "ty": 0, "defocus": 2.780195334387887, "alpha": 90, "iteration": 1137, "gamma": 22.5}
{"beta": 90, "tz": 0, "actin_num": 10, "tx": -60.0, "ty": 0, "defocus": 3.588708689934422, "alpha": 90, "iteration": 1138, "gamma": 45.0}
{"beta": 90, "tz": 0, "actin_num": 10, "tx": -60.0, "ty": 0, "defocus": 2.742184713384246, "alpha": 90, "iteration": 1139, "gamma": 67.5}
{"beta": 90, "tz": 0, "actin_num": 10, "tx": -60.0, "ty": 0, "defocus": 1.7142100433410914, "alpha": 90, "iteration": 1140, "gamma": 90.0}
{"beta": 90, "tz": 0, "actin_num": 10, "tx": -60.0, "ty": 0, "defocus": 3.160936892009242, "alpha": 90, "iteration": 1141, "gamma": 112.5}
{"beta": 90, "tz": 0, "actin_num": 10, "tx": -60.0, "ty": 0, "defocus": 2.814685323734751, "alpha": 90, "iteration": 1142, "gamma": 135.0}
{"beta": 90, "tz": 0, "actin_num": 10, "tx": -60.0, "ty": 0, "defocus": 2.7646342303784843, "alpha": 90, "iteration": 1143, "gamma": 157.5}
{"beta": 90, "tz": 0, "actin_num": 10, "tx": -60.0, "ty": 0, "defocus": 2.039003642752283, "alpha": 90, "iteration": 1144, "gamma": 180.0}
{"beta": 90, "tz": 0, "actin_num": 10, "tx": -60.0, "ty": 0, "defocus": 2.610880990717776, "alpha": 90, "iteration": 1145, "gamma": 202.5}
{"beta": 90, "tz": 0, "actin_num": 10, "tx": -60.0, "ty": 0, "defocus": 3.773839508003558, "alpha": 90, "iteration": 1146, "gamma": 225.0}
{"beta": 90, "tz": 0, "actin_num": 10, "tx": -60.0, "ty": 0, "defocus": 1.9279646943094517, "alpha": 90, "iteration": 1147, "gamma": 247.5}
{"beta": 90, "tz": 0, "actin_num": 10, "tx": -60.0, "ty": 0, "defocus": 2.4508626879196784, "alpha": 90, "iteration": 1148, "gamma": 270.0}
{"beta": 90, "tz": 0, "actin_num": 10, "tx": -60.0, "ty": 0, "defocus": 2.9972830810293134, "alpha": 90, "iteration": 1149, "gamma": 292.5}
{"beta": 90, "tz": 0, "actin_num": 10, "tx": -60.0, "ty": 0, "defocus": 1.6447364866588126, "alpha": 90, "iteration": 1150, "gamma": 315.0}
{"beta": 90, "tz": 0, "actin_num": 10, "tx": -60.0, "ty": 0, "defocus": 3.60851019830901, "alpha": 90, "iteration": 1151, "gamma": 337.5}
{"beta": 90, "tz": 0, "actin_num": 10, "tx": -30.0, "ty": 0, "defocus": 1.7175449619982235, "alpha": 90, "iteration": 1152, "gamma": 0.0}
{"beta": 90, "tz": 0, "actin_num": 10, "tx": -30.0, "ty": 0, "defocus": 2.0313715787506337, "alpha": 90, "iteration": 1153, "gamma": 22.5}
{"beta": 90, "tz": 0, "actin_num": 10, "tx": -30.0, "ty": 0, "defocus": 2.020637868871137, "alpha": 90, "iteration": 1154, "gamma": 45.0}
{"beta": 90, "tz": 0, "actin_num": 10, "tx": -30.0, "ty": 0, "defocus": 2.2271093674434472, "alpha": 90, "iteration": 1155, "gamma": 67.5}
{"beta": 90, "tz": 0, "actin_num": 10, "tx": -30.0, "ty": 0, "defocus": 2.712615359658527, "alpha": 90, "iteration": 1156, "gamma": 90.0}
{"beta": 90, "tz": 0, "actin_num": 10, "tx": -30.0, "ty": 0, "defocus": 2.3200904664705426, "alpha": 90, "iteration": 1157, "gamma": 112.5}
{"beta": 90, "tz": 0, "actin_num": 10, "tx": -30.0, "ty": 0, "defocus": 3.268239127388123, "alpha": 90, "iteration": 1158, "gamma": 135.0}
{"beta": 90, "tz": 0, "actin_num": 10, "tx": -30.0, "ty": 0, "defocus": 3.6134470351380092, "alpha": 90, "iteration": 1159, "gamma": 157.5}
{"beta": 90, "tz": 0, "actin_num": 10, "tx": -30.0, "ty": 0, "defocus": 3.8246445948989387, "alpha": 90, "iteration": 1160, "gamma": 180.0}
{"beta": 90, "tz": 0, "actin_num": 10, "tx": -30.0, "ty": 0, "defocus": 3.792620904940726, "alpha": 90, "iteration": 1161, "gamma": 202.5}
{"beta": 90, "tz": 0, "actin_num": 10, "tx": -30.0, "ty": 0, "defocus": 2.6824549671281037, "alpha": 90, "iteration": 1162, "gamma": 225.0}
{"beta": 90, "tz": 0, "actin_num": 10, "tx": -30.0, "ty": 0, "defocus": 2.1057720714380017, "alpha": 90, "iteration": 1163, "gamma": 247.5}
{"beta": 90, "tz": 0, "actin_num": 10, "tx": -30.0, "ty": 0, "defocus": 1.754439400076837, "alpha": 90, "iteration": 1164, "gamma": 270.0}
{"beta": 90, "tz": 0, "actin_num": 10, "tx": -30.0, "ty": 0, "defocus": 2.105400847526363, "alpha": 90, "iteration": 1165, "gamma": 292.5}
{"beta": 90, "tz": 0, "actin_num": 10, "tx": -30.0, "ty": 0, "defocus": 3.815066823316078, "alpha": 90, "iteration": 1166, "gamma": 315.0}
{"beta": 90, "tz": 0, "actin_num": 10, "tx": -30.0, "ty": 0, "defocus": 2.1024723437969643, "alpha": 90, "iteration": 1167, "gamma": 337.5}
{"beta": 90, "tz": 0, "actin_num": 10, "tx": 0.0, "ty": 0, "defocus": 1.8651018286214551, "alpha": 90, "iteration": 1168, "gamma": 0.0}
{"beta": 90, "tz": 0, "actin_num": 10, "tx": 0.0, "ty": 0, "defocus": 2.9656810205076645, "alpha": 90, "iteration": 1169, "gamma": 22.5}
{"beta": 90, "tz": 0, "actin_num": 10, "tx": 0.0, "ty": 0, "defocus": 2.102416023540968, "alpha": 90, "iteration": 1170, "gamma": 45.0}
{"beta": 90, "tz": 0, "actin_num": 10, "tx": 0.0, "ty": 0, "defocus": 3.157360734858914, "alpha": 90, "iteration": 1171, "gamma": 67.5}
{"beta": 90, "tz": 0, "actin_num": 10, "tx": 0.0, "ty": 0, "defocus": 1.861974336130098, "alpha": 90, "iteration": 1172, "gamma": 90.0}
{"beta": 90, "tz": 0, "actin_num": 10, "tx": 0.0, "ty": 0, "defocus": 2.112275315333438, "alpha": 90, "iteration": 1173, "gamma": 112.5}
{"beta": 90, "tz": 0, "actin_num": 10, "tx": 0.0, "ty": 0, "defocus": 3.5039440935968056, "alpha": 90, "iteration": 1174, "gamma": 135.0}
{"beta": 90, "tz": 0, "actin_num": 10, "tx": 0.0, "ty": 0, "defocus": 2.123658221672576, "alpha": 90, "iteration": 1175, "gamma": 157.5}
{"beta": 90, "tz": 0, "actin_num": 10, "tx": 0.0, "ty": 0, "defocus": 2.9115194425446207, "alpha": 90, "iteration": 1176, "gamma": 180.0}
{"beta": 90, "tz": 0, "actin_num": 10, "tx": 0.0, "ty": 0,