{"beta": 90, "tz": 0, "actin_num": 9, "tx": -90.0, "ty": 0, "defocus": 2.898887658343552, "alpha": 90, "iteration": 1008, "gamma": 0.0}
{"beta": 90, "tz": 0, "actin_num": 9, "tx": -90.0, "ty": 0, "defocus": 1.7325621663581745, "alpha": 90, "iteration": 1009, "gamma": 22.5}
{"beta": 90, "tz": 0, "actin_num": 9, "tx": -90.0, "ty": 0, "defocus": 2.7709044340938664, "alpha": 90, "iteration": 1010, "gamma": 45.0}
{"beta": 90, "tz": 0, "actin_num": 9, "tx": -90.0, "ty": 0, "defocus": 2.760803336954554, "alpha": 90, "iteration": 1011, "gamma": 67.5}
{"beta": 90, "tz": 0, "actin_num": 9, "tx": -90.0, "ty": 0, "defocus": 2.8412800119889736, "alpha": 90, "iteration": 1012, "gamma": 90.0}
{"beta": 90, "tz": 0, "actin_num": 9, "tx": -90.0, "ty": 0, "defocus": 2.7111005172645912, "alpha": 90, "iteration": 1013, "gamma": 112.5}
{"beta": 90, "tz": 0, "actin_num": 9, "tx": -90.0, "ty": 0, "defocus": 2.8848732085478974, "alpha": 90, "iteration": 1014, "gamma": 135.0}
{"beta": 90, "tz": 0, "actin_num": 9, "tx": -90.0, "ty": 0, "defocus": 3.7996349669988567, "alpha": 90, "iteration": 1015, "gamma": 157.5}
{"beta": 90, "tz": 0, "actin_num": 9, "tx": -90.0, "ty": 0, "defocus": 3.3591999788674167, "alpha": 90, "iteration": 1016, "gamma": 180.0}
{"beta": 90, "tz": 0, "actin_num": 9, "tx": -90.0, "ty": 0, "defocus": 1.9897846108257342, "alpha": 90, "iteration": 1017, "gamma": 202.5}
{"beta": 90, "tz": 0, "actin_num": 9, "tx": -90.0, "ty": 0, "defocus": 2.8107131196816493, "alpha": 90, "iteration": 1018, "gamma": 225.0}
{"beta": 90, "tz": 0, "actin_num": 9, "tx": -90.0, "ty": 0, "defocus": 2.4251888763610214, "alpha": 90, "iteration": 1019, "gamma": 247.5}
{"beta": 90, "tz": 0, "actin_num": 9, "tx": -90.0, "ty": 0, "defocus": 3.039127231200669, "alpha": 90, "iteration": 1020, "gamma": 270.0}
{"beta": 90, "tz": 0, "actin_num": 9, "tx": -90.0, "ty": 0, "defocus": 3.69141866670554, "alpha": 90, "iteration": 1021, "gamma": 292.5}
{"beta": 90, "tz": 0, "actin_num": 9, "tx": -90.0, "ty": 0, "defocus": 2.4834728312530006, "alpha": 90, "iteration": 1022, "gamma": 315.0}
{"beta": 90, "tz": 0, "actin_num": 9, "tx": -90.0, "ty": 0, "defocus": 2.8866869262996286, "alpha": 90, "iteration": 1023, "gamma": 337.5}
{"beta": 90, "tz": 0, "actin_num": 9, "tx": -60.0, "ty": 0, "defocus": 1.730086344257749, "alpha": 90, "iteration": 1024, "gamma": 0.0}
{"beta": 90, "tz": 0, "actin_num": 9, "tx": -60.0, "ty": 0, "defocus": 2.2809223767578795, "alpha": 90, "iteration": 1025, "gamma": 22.5}
{"beta": 90, "tz": 0, "actin_num": 9, "tx": -60.0, "ty": 0, "defocus": 1.884498269620853, "alpha": 90, "iteration": 1026, "gamma": 45.0}
{"beta": 90, "tz": 0, "actin_num": 9, "tx": -60.0, "ty": 0, "defocus": 2.096435607765039, "alpha": 90, "iteration": 1027, "gamma": 67.5}
{"beta": 90, "tz": 0, "actin_num": 9, "tx": -60.0, "ty": 0, "defocus": 1.9733385444280658, "alpha": 90, "iteration": 1028, "gamma": 90.0}
{"beta": 90, "tz": 0, "actin_num": 9, "tx": -60.0, "ty": 0, "defocus": 3.668372107446051, "alpha": 90, "iteration": 1029, "gamma": 112.5}
{"beta": 90, "tz": 0, "actin_num": 9, "tx": -60.0, "ty": 0, "defocus": 3.5345119957646105, "alpha": 90, "iteration": 1030, "gamma": 135.0}
{"beta": 90, "tz": 0, "actin_num": 9, "tx": -60.0, "ty": 0, "defocus": 3.095960001158333, "alpha": 90, "iteration": 1031, "gamma": 157.5}
{"beta": 90, "tz": 0, "actin_num": 9, "tx": -60.0, "ty": 0, "defocus": 2.1026208457380813, "alpha": 90, "iteration": 1032, "gamma": 180.0}
{"beta": 90, "tz": 0, "actin_num": 9, "tx": -60.0, "ty": 0, "defocus": 3.5700067973898917, "alpha": 90, "iteration": 1033, "gamma": 202.5}
{"beta": 90, "tz": 0, "actin_num": 9, "tx": -60.0, "ty": 0, "defocus": 1.645442271573233, "alpha": 90, "iteration": 1034, "gamma": 225.0}
{"beta": 90, "tz": 0, "actin_num": 9, "tx": -60.0, "ty": 0, "defocus": 3.4801761916715632, "alpha": 90, "iteration": 1035, "gamma": 247.5}
{"beta": 90, "tz": 0, "actin_num": 9, "tx": -60.0, "ty": 0, "defocus": 2.704805626719787, "alpha": 90, "iteration": 1036, "gamma": 270.0}
{"beta": 90, "tz": 0, "actin_num": 9, "tx": -60.0, "ty": 0, "defocus": 2.5234446286165406, "alpha": 90, "iteration": 1037, "gamma": 292.5}
{"beta": 90, "tz": 0, "actin_num": 9, "tx": -60.0, "ty": 0, "defocus": 1.8418840027248828, "alpha": 90, "iteration": 1038, "gamma": 315.0}
{"beta": 90, "tz": 0, "actin_num": 9, "tx": -60.0, "ty": 0, "defocus": 1.612371703523972, "alpha": 90, "iteration": 1039, "gamma": 337.5}
{"beta": 90, "tz": 0, "actin_num": 9, "tx": -30.0, "ty": 0, "defocus": 2.8275807392884227, "alpha": 90, "iteration": 1040, "gamma": 0.0}
{"beta": 90, "tz": 0, "actin_num": 9, "tx": -30.0, "ty": 0, "defocus": 3.672646001748706, "alpha": 90, "iteration": 1041, "gamma": 22.5}
{"beta": 90, "tz": 0, "actin_num": 9, "tx": -30.0, "ty": 0, "defocus": 3.2990294098145068, "alpha": 90, "iteration": 1042, "gamma": 45.0}
{"beta": 90, "tz": 0, "actin_num": 9, "tx": -30.0, "ty": 0, "defocus": 3.2252205832069434, "alpha": 90, "iteration": 1043, "gamma": 67.5}
{"beta": 90, "tz": 0, "actin_num": 9, "tx": -30.0, "ty": 0, "defocus": 1.6044708198623363, "alpha": 90, "iteration": 1044, "gamma": 90.0}
{"beta": 90, "tz": 0, "actin_num": 9, "tx": -30.0, "ty": 0, "defocus": 3.810347413810187, "alpha": 90, "iteration": 1045, "gamma": 112.5}
{"beta": 90, "tz": 0, "actin_num": 9, "tx": -30.0, "ty": 0, "defocus": 3.77703129995722, "alpha": 90, "iteration": 1046, "gamma": 135.0}
{"beta": 90, "tz": 0, "actin_num": 9, "tx": -30.0, "ty": 0, "defocus": 2.4516886310915305, "alpha": 90, "iteration": 1047, "gamma": 157.5}
{"beta": 90, "tz": 0, "actin_num": 9, "tx": -30.0, "ty": 0, "defocus": 3.5510087104155006, "alpha": 90, "iteration": 1048, "gamma": 180.0}
{"beta": 90, "tz": 0, "actin_num": 9, "tx": -30.0, "ty": 0, "defocus": 3.2427589851391545, "alpha": 90, "iteration": 1049, "gamma": 202.5}
{"beta": 90, "tz": 0, "actin_num": 9, "tx": -30.0, "ty": 0, "defocus": 3.616409935260351, "alpha": 90, "iteration": 1050, "gamma": 225.0}
{"beta": 90, "tz": 0, "actin_num": 9, "tx": -30.0, "ty": 0, "defocus": 3.112238989533753, "alpha": 90, "iteration": 1051, "gamma": 247.5}
{"beta": 90, "tz": 0, "actin_num": 9, "tx": -30.0, "ty": 0, "defocus": 3.007481292006534, "alpha": 90, "iteration": 1052, "gamma": 270.0}
{"beta": 90, "tz": 0, "actin_num": 9, "tx": -30.0, "ty": 0, "defocus": 1.6163198298960375, "alpha": 90, "iteration": 1053, "gamma": 292.5}
{"beta": 90, "tz": 0, "actin_num": 9, "tx": -30.0, "ty": 0, "defocus": 2.0778718412850528, "alpha": 90, "iteration": 1054, "gamma": 315.0}
{"beta": 90, "tz": 0, "actin_num": 9, "tx": -30.0, "ty": 0, "defocus": 2.290397410885496, "alpha": 90, "iteration": 1055, "gamma": 337.5}
{"beta": 90, "tz": 0, "actin_num": 9, "tx": 0.0, "ty": 0, "defocus": 2.9350312971680053, "alpha": 90, "iteration": 1056, "gamma": 0.0}
{"beta": 90, "tz": 0, "actin_num": 9, "tx": 0.0, "ty": 0, "defocus": 2.4821253415234463, "alpha": 90, "iteration": 1057, "gamma": 22.5}
{"beta": 90, "tz": 0, "actin_num": 9, "tx": 0.0, "ty": 0, "defocus": 1.9662905704846385, "alpha": 90, "iteration": 1058, "gamma": 45.0}
{"beta": 90, "tz": 0, "actin_num": 9, "tx": 0.0, "ty": 0, "defocus": 3.337711780709387, "alpha": 90, "iteration": 1059, "gamma": 67.5}
{"beta": 90, "tz": 0, "actin_num": 9, "tx": 0.0, "ty": 0, "defocus": 3.226591290802614, "alpha": 90, "iteration": 1060, "gamma": 90.0}
{"beta": 90, "tz": 0, "actin_num": 9, "tx": 0.0, "ty": 0, "defocus": 2.0282611623964617, "alpha": 90, "iteration": 1061, "gamma": 112.5}
{"beta": 90, "tz": 0, "actin_num": 9, "tx": 0.0, "ty": 0, "defocus": 2.7240220226729077, "alpha": 90, "iteration": 1062, "gamma": 135.0}
{"beta": 90, "tz": 0, "actin_num": 9, "tx": 0.0, "ty": 0, "defocus": 2.2203122346668014, "alpha": 90, "iteration": 1063, "gamma": 157.5}
{"beta": 90, "tz": 0, "actin_num": 9, "tx": 0.0, "ty": 0, "defocus": 3.425807288886241, "alpha": 90, "iteration": 1064, "gamma": 180.0}
{"beta": 90, "tz": 0, "actin_num": 9, "tx": 0.0, "ty": 0, "defocus": 2.9310639546051407, "alpha": 90, "iteration": 1065,