{"beta": 90, "tz": 0, "actin_num": 17, "tx": -90.0, "ty": 0, "defocus": 3.085427925536377, "alpha": 90, "iteration": 1904, "gamma": 0.0}
{"beta": 90, "tz": 0, "actin_num": 17, "tx": -90.0, "ty": 0, "defocus": 1.7335898315542124, "alpha": 90, "iteration": 1905, "gamma": 22.5}
{"beta": 90, "tz": 0, "actin_num": 17, "tx": -90.0, "ty": 0, "defocus": 1.8332030638119976, "alpha": 90, "iteration": 1906, "gamma": 45.0}
{"beta": 90, "tz": 0, "actin_num": 17, "tx": -90.0, "ty": 0, "defocus": 2.4707445327578323, "alpha": 90, "iteration": 1907, "gamma": 67.5}
{"beta": 90, "tz": 0, "actin_num": 17, "tx": -90.0, "ty": 0, "defocus": 3.897573769343289, "alpha": 90, "iteration": 1908, "gamma": 90.0}
{"beta": 90, "tz": 0, "actin_num": 17, "tx": -90.0, "ty": 0, "defocus": 1.8824533312673646, "alpha": 90, "iteration": 1909, "gamma": 112.5}
{"beta": 90, "tz": 0, "actin_num": 17, "tx": -90.0, "ty": 0, "defocus": 3.5149676156135445, "alpha": 90, "iteration": 1910, "gamma": 135.0}
{"beta": 90, "tz": 0, "actin_num": 17, "tx": -90.0, "ty": 0, "defocus": 1.7881598800794525, "alpha": 90, "iteration": 1911, "gamma": 157.5}
{"beta": 90, "tz": 0, "actin_num": 17, "tx": -90.0, "ty": 0, "defocus": 2.340635907184279, "alpha": 90, "iteration": 1912, "gamma": 180.0}
{"beta": 90, "tz": 0, "actin_num": 17, "tx": -90.0, "ty": 0, "defocus": 2.76079731361979, "alpha": 90, "iteration": 1913, "gamma": 202.5}
{"beta": 90, "tz": 0, "actin_num": 17, "tx": -90.0, "ty": 0, "defocus": 2.722009273748201, "alpha": 90, "iteration": 1914, "gamma": 225.0}
{"beta": 90, "tz": 0, "actin_num": 17, "tx": -90.0, "ty": 0, "defocus": 3.2063829491169793, "alpha": 90, "iteration": 1915, "gamma": 247.5}
{"beta": 90, "tz": 0, "actin_num": 17, "tx": -90.0, "ty": 0, "defocus": 2.8772560625164285, "alpha": 90, "iteration": 1916, "gamma": 270.0}
{"beta": 90, "tz": 0, "actin_num": 17, "tx": -90.0, "ty": 0, "defocus": 2.3114257871944317, "alpha": 90, "iteration": 1917, "gamma": 292.5}
{"beta": 90, "tz": 0, "actin_num": 17, "tx": -90.0, "ty": 0, "defocus": 1.8154625256093682, "alpha": 90, "iteration": 1918, "gamma": 315.0}
{"beta": 90, "tz": 0, "actin_num": 17, "tx": -90.0, "ty": 0, "defocus": 3.8738540705341276, "alpha": 90, "iteration": 1919, "gamma": 337.5}
{"beta": 90, "tz": 0, "actin_num": 17, "tx": -60.0, "ty": 0, "defocus": 1.6613522148115367, "alpha": 90, "iteration": 1920, "gamma": 0.0}
{"beta": 90, "tz": 0, "actin_num": 17, "tx": -60.0, "ty": 0, "defocus": 2.7050140205865, "alpha": 90, "iteration": 1921, "gamma": 22.5}
{"beta": 90, "tz": 0, "actin_num": 17, "tx": -60.0, "ty": 0, "defocus": 3.8131338315100645, "alpha": 90, "iteration": 1922, "gamma": 45.0}
{"beta": 90, "tz": 0, "actin_num": 17, "tx": -60.0, "ty": 0, "defocus": 2.734911701682462, "alpha": 90, "iteration": 1923, "gamma": 67.5}
{"beta": 90, "tz": 0, "actin_num": 17, "tx": -60.0, "ty": 0, "defocus": 3.126895290044315, "alpha": 90, "iteration": 1924, "gamma": 90.0}
{"beta": 90, "tz": 0, "actin_num": 17, "tx": -60.0, "ty": 0, "defocus": 3.941303654873244, "alpha": 90, "iteration": 1925, "gamma": 112.5}
{"beta": 90, "tz": 0, "actin_num": 17, "tx": -60.0, "ty": 0, "defocus": 3.4395558713281345, "alpha": 90, "iteration": 1926, "gamma": 135.0}
{"beta": 90, "tz": 0, "actin_num": 17, "tx": -60.0, "ty": 0, "defocus": 3.0558888331284653, "alpha": 90, "iteration": 1927, "gamma": 157.5}
{"beta": 90, "tz": 0, "actin_num": 17, "tx": -60.0, "ty": 0, "defocus": 2.9974808858284145, "alpha": 90, "iteration": 1928, "gamma": 180.0}
{"beta": 90, "tz": 0, "actin_num": 17, "tx": -60.0, "ty": 0, "defocus": 1.7764594220626835, "alpha": 90, "iteration": 1929, "gamma": 202.5}
{"beta": 90, "tz": 0, "actin_num": 17, "tx": -60.0, "ty": 0, "defocus": 2.072836720763668, "alpha": 90, "iteration": 1930, "gamma": 225.0}
{"beta": 90, "tz": 0, "actin_num": 17, "tx": -60.0, "ty": 0, "defocus": 3.966668951531735, "alpha": 90, "iteration": 1931, "gamma": 247.5}
{"beta": 90, "tz": 0, "actin_num": 17, "tx": -60.0, "ty": 0, "defocus": 1.8961196876651258, "alpha": 90, "iteration": 1932, "gamma": 270.0}
{"beta": 90, "tz": 0, "actin_num": 17, "tx": -60.0, "ty": 0, "defocus": 2.255261339252134, "alpha": 90, "iteration": 1933, "gamma": 292.5}
{"beta": 90, "tz": 0, "actin_num": 17, "tx": -60.0, "ty": 0, "defocus": 2.7753397230925385, "alpha": 90, "iteration": 1934, "gamma": 315.0}
{"beta": 90, "tz": 0, "actin_num": 17, "tx": -60.0, "ty": 0, "defocus": 3.5163082856087495, "alpha": 90, "iteration": 1935, "gamma": 337.5}
{"beta": 90, "tz": 0, "actin_num": 17, "tx": -30.0, "ty": 0, "defocus": 2.191048154507965, "alpha": 90, "iteration": 1936, "gamma": 0.0}
{"beta": 90, "tz": 0, "actin_num": 17, "tx": -30.0, "ty": 0, "defocus": 2.031162258684307, "alpha": 90, "iteration": 1937, "gamma": 22.5}
{"beta": 90, "tz": 0, "actin_num": 17, "tx": -30.0, "ty": 0, "defocus": 2.2950880419537176, "alpha": 90, "iteration": 1938, "gamma": 45.0}
{"beta": 90, "tz": 0, "actin_num": 17, "tx": -30.0, "ty": 0, "defocus": 3.3029033361325935, "alpha": 90, "iteration": 1939, "gamma": 67.5}
{"beta": 90, "tz": 0, "actin_num": 17, "tx": -30.0, "ty": 0, "defocus": 3.0452684259622895, "alpha": 90, "iteration": 1940, "gamma": 90.0}
{"beta": 90, "tz": 0, "actin_num": 17, "tx": -30.0, "ty": 0, "defocus": 3.9745261620147456, "alpha": 90, "iteration": 1941, "gamma": 112.5}
{"beta": 90, "tz": 0, "actin_num": 17, "tx": -30.0, "ty": 0, "defocus": 3.502234029931248, "alpha": 90, "iteration": 1942, "gamma": 135.0}
{"beta": 90, "tz": 0, "actin_num": 17, "tx": -30.0, "ty": 0, "defocus": 1.777990055340358, "alpha": 90, "iteration": 1943, "gamma": 157.5}
{"beta": 90, "tz": 0, "actin_num": 17, "tx": -30.0, "ty": 0, "defocus": 3.292665508919395, "alpha": 90, "iteration": 1944, "gamma": 180.0}
{"beta": 90, "tz": 0, "actin_num": 17, "tx": -30.0, "ty": 0, "defocus": 1.914089143792838, "alpha": 90, "iteration": 1945, "gamma": 202.5}
{"beta": 90, "tz": 0, "actin_num": 17, "tx": -30.0, "ty": 0, "defocus": 3.9181124031573953, "alpha": 90, "iteration": 1946, "gamma": 225.0}
{"beta": 90, "tz": 0, "actin_num": 17, "tx": -30.0, "ty": 0, "defocus": 3.495324908854607, "alpha": 90, "iteration": 1947, "gamma": 247.5}
{"beta": 90, "tz": 0, "actin_num": 17, "tx": -30.0, "ty": 0, "defocus": 1.8544581669153999, "alpha": 90, "iteration": 1948, "gamma": 270.0}
{"beta": 90, "tz": 0, "actin_num": 17, "tx": -30.0, "ty": 0, "defocus": 1.8288932237034357, "alpha": 90, "iteration": 1949, "gamma": 292.5}
{"beta": 90, "tz": 0, "actin_num": 17, "tx": -30.0, "ty": 0, "defocus": 3.8905332749217165, "alpha": 90, "iteration": 1950, "gamma": 315.0}
{"beta": 90, "tz": 0, "actin_num": 17, "tx": -30.0, "ty": 0, "defocus": 3.1135301184093462, "alpha": 90, "iteration": 1951, "gamma": 337.5}
{"beta": 90, "tz": 0, "actin_num": 17, "tx": 0.0, "ty": 0, "defocus": 3.8157714906658207, "alpha": 90, "iteration": 1952, "gamma": 0.0}
{"beta": 90, "tz": 0, "actin_num": 17, "tx": 0.0, "ty": 0, "defocus": 3.311756077975125, "alpha": 90, "iteration": 1953, "gamma": 22.5}
{"beta": 90, "tz": 0, "actin_num": 17, "tx": 0.0, "ty": 0, "defocus": 2.1148322652398743, "alpha": 90, "iteration": 1954, "gamma": 45.0}
{"beta": 90, "tz": 0, "actin_num": 17, "tx": 0.0, "ty": 0, "defocus": 2.738988194326919, "alpha": 90, "iteration": 1955, "gamma": 67.5}
{"beta": 90, "tz": 0, "actin_num": 17, "tx": 0.0, "ty": 0, "defocus": 3.398392853827363, "alpha": 90, "iteration": 1956, "gamma": 90.0}
{"beta": 90, "tz": 0, "actin_num": 17, "tx": 0.0, "ty": 0, "defocus": 1.8406497482321318, "alpha": 90, "iteration": 1957, "gamma": 112.5}
{"beta": 90, "tz": 0, "actin_num": 17, "tx": 0.0, "ty": 0, "defocus": 3.8357715122658402, "alpha": 90, "iteration": 1958, "gamma": 135.0}
{"beta": 90, "tz": 0, "actin_num": 17, "tx": 0.0, "ty": 0, "defocus": 3.3259640106998942, "alpha": 90, "iteration": 1959, "gamma": 157.5}
{"beta": 90, "tz": 0, "actin_num": 17, "tx": 0.0, "ty": 0, "defocus": 2.741173267990482, "alpha": 90, "iteration": 1960, "gamma": 180.0}
{"beta": 90, "tz": 0, "actin_num": 17, "tx": 0.0, "ty": 0, "defocus": 3.431778354220338,