{"beta": 90, "tz": 0, "actin_num": 11, "tx": -90.0, "ty": 0, "defocus": 2.1527981158246923, "alpha": 90, "iteration": 1232, "gamma": 0.0}
{"beta": 90, "tz": 0, "actin_num": 11, "tx": -90.0, "ty": 0, "defocus": 2.8859681486826583, "alpha": 90, "iteration": 1233, "gamma": 22.5}
{"beta": 90, "tz": 0, "actin_num": 11, "tx": -90.0, "ty": 0, "defocus": 1.816842984490338, "alpha": 90, "iteration": 1234, "gamma": 45.0}
{"beta": 90, "tz": 0, "actin_num": 11, "tx": -90.0, "ty": 0, "defocus": 2.5097502139211096, "alpha": 90, "iteration": 1235, "gamma": 67.5}
{"beta": 90, "tz": 0, "actin_num": 11, "tx": -90.0, "ty": 0, "defocus": 3.634888448273968, "alpha": 90, "iteration": 1236, "gamma": 90.0}
{"beta": 90, "tz": 0, "actin_num": 11, "tx": -90.0, "ty": 0, "defocus": 2.9919246088117357, "alpha": 90, "iteration": 1237, "gamma": 112.5}
{"beta": 90, "tz": 0, "actin_num": 11, "tx": -90.0, "ty": 0, "defocus": 2.4998110741832544, "alpha": 90, "iteration": 1238, "gamma": 135.0}
{"beta": 90, "tz": 0, "actin_num": 11, "tx": -90.0, "ty": 0, "defocus": 2.2146894219957227, "alpha": 90, "iteration": 1239, "gamma": 157.5}
{"beta": 90, "tz": 0, "actin_num": 11, "tx": -90.0, "ty": 0, "defocus": 1.6174270256864267, "alpha": 90, "iteration": 1240, "gamma": 180.0}
{"beta": 90, "tz": 0, "actin_num": 11, "tx": -90.0, "ty": 0, "defocus": 2.754032890425024, "alpha": 90, "iteration": 1241, "gamma": 202.5}
{"beta": 90, "tz": 0, "actin_num": 11, "tx": -90.0, "ty": 0, "defocus": 1.7153230499895529, "alpha": 90, "iteration": 1242, "gamma": 225.0}
{"beta": 90, "tz": 0, "actin_num": 11, "tx": -90.0, "ty": 0, "defocus": 2.3562211607246555, "alpha": 90, "iteration": 1243, "gamma": 247.5}
{"beta": 90, "tz": 0, "actin_num": 11, "tx": -90.0, "ty": 0, "defocus": 3.1273380806344613, "alpha": 90, "iteration": 1244, "gamma": 270.0}
{"beta": 90, "tz": 0, "actin_num": 11, "tx": -90.0, "ty": 0, "defocus": 2.6705178188624874, "alpha": 90, "iteration": 1245, "gamma": 292.5}
{"beta": 90, "tz": 0, "actin_num": 11, "tx": -90.0, "ty": 0, "defocus": 1.8800311688322535, "alpha": 90, "iteration": 1246, "gamma": 315.0}
{"beta": 90, "tz": 0, "actin_num": 11, "tx": -90.0, "ty": 0, "defocus": 3.5857381266943564, "alpha": 90, "iteration": 1247, "gamma": 337.5}
{"beta": 90, "tz": 0, "actin_num": 11, "tx": -60.0, "ty": 0, "defocus": 3.082200083429167, "alpha": 90, "iteration": 1248, "gamma": 0.0}
{"beta": 90, "tz": 0, "actin_num": 11, "tx": -60.0, "ty": 0, "defocus": 3.381815956257629, "alpha": 90, "iteration": 1249, "gamma": 22.5}
{"beta": 90, "tz": 0, "actin_num": 11, "tx": -60.0, "ty": 0, "defocus": 1.6163580569904603, "alpha": 90, "iteration": 1250, "gamma": 45.0}
{"beta": 90, "tz": 0, "actin_num": 11, "tx": -60.0, "ty": 0, "defocus": 3.5829947724993367, "alpha": 90, "iteration": 1251, "gamma": 67.5}
{"beta": 90, "tz": 0, "actin_num": 11, "tx": -60.0, "ty": 0, "defocus": 3.9262880368190123, "alpha": 90, "iteration": 1252, "gamma": 90.0}
{"beta": 90, "tz": 0, "actin_num": 11, "tx": -60.0, "ty": 0, "defocus": 1.9860168563845693, "alpha": 90, "iteration": 1253, "gamma": 112.5}
{"beta": 90, "tz": 0, "actin_num": 11, "tx": -60.0, "ty": 0, "defocus": 3.068880384121912, "alpha": 90, "iteration": 1254, "gamma": 135.0}
{"beta": 90, "tz": 0, "actin_num": 11, "tx": -60.0, "ty": 0, "defocus": 3.644706911281382, "alpha": 90, "iteration": 1255, "gamma": 157.5}
{"beta": 90, "tz": 0, "actin_num": 11, "tx": -60.0, "ty": 0, "defocus": 2.421862981182032, "alpha": 90, "iteration": 1256, "gamma": 180.0}
{"beta": 90, "tz": 0, "actin_num": 11, "tx": -60.0, "ty": 0, "defocus": 1.6392720969579246, "alpha": 90, "iteration": 1257, "gamma": 202.5}
{"beta": 90, "tz": 0, "actin_num": 11, "tx": -60.0, "ty": 0, "defocus": 2.1753673834132434, "alpha": 90, "iteration": 1258, "gamma": 225.0}
{"beta": 90, "tz": 0, "actin_num": 11, "tx": -60.0, "ty": 0, "defocus": 3.718789711896683, "alpha": 90, "iteration": 1259, "gamma": 247.5}
{"beta": 90, "tz": 0, "actin_num": 11, "tx": -60.0, "ty": 0, "defocus": 3.3556875030450963, "alpha": 90, "iteration": 1260, "gamma": 270.0}
{"beta": 90, "tz": 0, "actin_num": 11, "tx": -60.0, "ty": 0, "defocus": 3.9865286876618446, "alpha": 90, "iteration": 1261, "gamma": 292.5}
{"beta": 90, "tz": 0, "actin_num": 11, "tx": -60.0, "ty": 0, "defocus": 3.03219418421262, "alpha": 90, "iteration": 1262, "gamma": 315.0}
{"beta": 90, "tz": 0, "actin_num": 11, "tx": -60.0, "ty": 0, "defocus": 1.757676326044784, "alpha": 90, "iteration": 1263, "gamma": 337.5}
{"beta": 90, "tz": 0, "actin_num": 11, "tx": -30.0, "ty": 0, "defocus": 2.365082334657841, "alpha": 90, "iteration": 1264, "gamma": 0.0}
{"beta": 90, "tz": 0, "actin_num": 11, "tx": -30.0, "ty": 0, "defocus": 2.9343519954062076, "alpha": 90, "iteration": 1265, "gamma": 22.5}
{"beta": 90, "tz": 0, "actin_num": 11, "tx": -30.0, "ty": 0, "defocus": 2.2078957099758747, "alpha": 90, "iteration": 1266, "gamma": 45.0}
{"beta": 90, "tz": 0, "actin_num": 11, "tx": -30.0, "ty": 0, "defocus": 3.0502880168801605, "alpha": 90, "iteration": 1267, "gamma": 67.5}
{"beta": 90, "tz": 0, "actin_num": 11, "tx": -30.0, "ty": 0, "defocus": 3.0056099441623827, "alpha": 90, "iteration": 1268, "gamma": 90.0}
{"beta": 90, "tz": 0, "actin_num": 11, "tx": -30.0, "ty": 0, "defocus": 2.8983650020761114, "alpha": 90, "iteration": 1269, "gamma": 112.5}
{"beta": 90, "tz": 0, "actin_num": 11, "tx": -30.0, "ty": 0, "defocus": 1.8398479261199288, "alpha": 90, "iteration": 1270, "gamma": 135.0}
{"beta": 90, "tz": 0, "actin_num": 11, "tx": -30.0, "ty": 0, "defocus": 3.3691644395633036, "alpha": 90, "iteration": 1271, "gamma": 157.5}
{"beta": 90, "tz": 0, "actin_num": 11, "tx": -30.0, "ty": 0, "defocus": 1.9723257768599618, "alpha": 90, "iteration": 1272, "gamma": 180.0}
{"beta": 90, "tz": 0, "actin_num": 11, "tx": -30.0, "ty": 0, "defocus": 3.2944962420552124, "alpha": 90, "iteration": 1273, "gamma": 202.5}
{"beta": 90, "tz": 0, "actin_num": 11, "tx": -30.0, "ty": 0, "defocus": 1.6902737543821091, "alpha": 90, "iteration": 1274, "gamma": 225.0}
{"beta": 90, "tz": 0, "actin_num": 11, "tx": -30.0, "ty": 0, "defocus": 2.024928233577092, "alpha": 90, "iteration": 1275, "gamma": 247.5}
{"beta": 90, "tz": 0, "actin_num": 11, "tx": -30.0, "ty": 0, "defocus": 1.856761130879549, "alpha": 90, "iteration": 1276, "gamma": 270.0}
{"beta": 90, "tz": 0, "actin_num": 11, "tx": -30.0, "ty": 0, "defocus": 2.5908111891209056, "alpha": 90, "iteration": 1277, "gamma": 292.5}
{"beta": 90, "tz": 0, "actin_num": 11, "tx": -30.0, "ty": 0, "defocus": 2.3047756123174623, "alpha": 90, "iteration": 1278, "gamma": 315.0}
{"beta": 90, "tz": 0, "actin_num": 11, "tx": -30.0, "ty": 0, "defocus": 2.492473557248246, "alpha": 90, "iteration": 1279, "gamma": 337.5}
{"beta": 90, "tz": 0, "actin_num": 11, "tx": 0.0, "ty": 0, "defocus": 3.4281980097651603, "alpha": 90, "iteration": 1280, "gamma": 0.0}
{"beta": 90, "tz": 0, "actin_num": 11, "tx": 0.0, "ty": 0, "defocus": 3.0405818832267215, "alpha": 90, "iteration": 1281, "gamma": 22.5}
{"beta": 90, "tz": 0, "actin_num": 11, "tx": 0.0, "ty": 0, "defocus": 2.1470763033898734, "alpha": 90, "iteration": 1282, "gamma": 45.0}
{"beta": 90, "tz": 0, "actin_num": 11, "tx": 0.0, "ty": 0, "defocus": 3.6071679751684482, "alpha": 90, "iteration": 1283, "gamma": 67.5}
{"beta": 90, "tz": 0, "actin_num": 11, "tx": 0.0, "ty": 0, "defocus": 3.140152209296719, "alpha": 90, "iteration": 1284, "gamma": 90.0}
{"beta": 90, "tz": 0, "actin_num": 11, "tx": 0.0, "ty": 0, "defocus": 1.925451408667803, "alpha": 90, "iteration": 1285, "gamma": 112.5}
{"beta": 90, "tz": 0, "actin_num": 11, "tx": 0.0, "ty": 0, "defocus": 2.2116837057949965, "alpha": 90, "iteration": 1286, "gamma": 135.0}
{"beta": 90, "tz": 0, "actin_num": 11, "tx": 0.0, "ty": 0, "defocus": 2.1228695548876053, "alpha": 90, "iteration": 1287, "gamma": 157.5}
{"beta": 90, "tz": 0, "actin_num": 11, "tx": 0.0, "ty": 0, "defocus": 1.815612065562516, "alpha": 90, "iteration": 1288, "gamma": 180.0}
{"beta": 90, "tz": 0, "actin_num": 11, "tx": 0.0, "ty": 0,