{"beta": 90, "tz": 0, "actin_num": 3, "tx": -90.0, "ty": 0, "defocus": 2.4140774952093578, "alpha": 90, "iteration": 336, "gamma": 0.0}
{"beta": 90, "tz": 0, "actin_num": 3, "tx": -90.0, "ty": 0, "defocus": 3.1338297097792287, "alpha": 90, "iteration": 337, "gamma": 22.5}
{"beta": 90, "tz": 0, "actin_num": 3, "tx": -90.0, "ty": 0, "defocus": 2.3963407170781923, "alpha": 90, "iteration": 338, "gamma": 45.0}
{"beta": 90, "tz": 0, "actin_num": 3, "tx": -90.0, "ty": 0, "defocus": 2.0751292201118035, "alpha": 90, "iteration": 339, "gamma": 67.5}
{"beta": 90, "tz": 0, "actin_num": 3, "tx": -90.0, "ty": 0, "defocus": 3.543954041516002, "alpha": 90, "iteration": 340, "gamma": 90.0}
{"beta": 90, "tz": 0, "actin_num": 3, "tx": -90.0, "ty": 0, "defocus": 2.5021413008286792, "alpha": 90, "iteration": 341, "gamma": 112.5}
{"beta": 90, "tz": 0, "actin_num": 3, "tx": -90.0, "ty": 0, "defocus": 3.96305428185739, "alpha": 90, "iteration": 342, "gamma": 135.0}
{"beta": 90, "tz": 0, "actin_num": 3, "tx": -90.0, "ty": 0, "defocus": 2.9961559382862006, "alpha": 90, "iteration": 343, "gamma": 157.5}
{"beta": 90, "tz": 0, "actin_num": 3, "tx": -90.0, "ty": 0, "defocus": 2.040042523995113, "alpha": 90, "iteration": 344, "gamma": 180.0}
{"beta": 90, "tz": 0, "actin_num": 3, "tx": -90.0, "ty": 0, "defocus": 2.897922200766253, "alpha": 90, "iteration": 345, "gamma": 202.5}
{"beta": 90, "tz": 0, "actin_num": 3, "tx": -90.0, "ty": 0, "defocus": 3.7480723141991965, "alpha": 90, "iteration": 346, "gamma": 225.0}
{"beta": 90, "tz": 0, "actin_num": 3, "tx": -90.0, "ty": 0, "defocus": 3.3472074303335466, "alpha": 90, "iteration": 347, "gamma": 247.5}
{"beta": 90, "tz": 0, "actin_num": 3, "tx": -90.0, "ty": 0, "defocus": 3.2036662021967937, "alpha": 90, "iteration": 348, "gamma": 270.0}
{"beta": 90, "tz": 0, "actin_num": 3, "tx": -90.0, "ty": 0, "defocus": 3.826641694346958, "alpha": 90, "iteration": 349, "gamma": 292.5}
{"beta": 90, "tz": 0, "actin_num": 3, "tx": -90.0, "ty": 0, "defocus": 3.1907255891780286, "alpha": 90, "iteration": 350, "gamma": 315.0}
{"beta": 90, "tz": 0, "actin_num": 3, "tx": -90.0, "ty": 0, "defocus": 2.2880741771092614, "alpha": 90, "iteration": 351, "gamma": 337.5}
{"beta": 90, "tz": 0, "actin_num": 3, "tx": -60.0, "ty": 0, "defocus": 2.2534103258536504, "alpha": 90, "iteration": 352, "gamma": 0.0}
{"beta": 90, "tz": 0, "actin_num": 3, "tx": -60.0, "ty": 0, "defocus": 1.7999446860485926, "alpha": 90, "iteration": 353, "gamma": 22.5}
{"beta": 90, "tz": 0, "actin_num": 3, "tx": -60.0, "ty": 0, "defocus": 3.2946767431100668, "alpha": 90, "iteration": 354, "gamma": 45.0}
{"beta": 90, "tz": 0, "actin_num": 3, "tx": -60.0, "ty": 0, "defocus": 3.9236862892131295, "alpha": 90, "iteration": 355, "gamma": 67.5}
{"beta": 90, "tz": 0, "actin_num": 3, "tx": -60.0, "ty": 0, "defocus": 2.42495316794312, "alpha": 90, "iteration": 356, "gamma": 90.0}
{"beta": 90, "tz": 0, "actin_num": 3, "tx": -60.0, "ty": 0, "defocus": 2.115657095794889, "alpha": 90, "iteration": 357, "gamma": 112.5}
{"beta": 90, "tz": 0, "actin_num": 3, "tx": -60.0, "ty": 0, "defocus": 3.9219093002117624, "alpha": 90, "iteration": 358, "gamma": 135.0}
{"beta": 90, "tz": 0, "actin_num": 3, "tx": -60.0, "ty": 0, "defocus": 3.871095635068188, "alpha": 90, "iteration": 359, "gamma": 157.5}
{"beta": 90, "tz": 0, "actin_num": 3, "tx": -60.0, "ty": 0, "defocus": 2.6179177307481827, "alpha": 90, "iteration": 360, "gamma": 180.0}
{"beta": 90, "tz": 0, "actin_num": 3, "tx": -60.0, "ty": 0, "defocus": 2.364975153975629, "alpha": 90, "iteration": 361, "gamma": 202.5}
{"beta": 90, "tz": 0, "actin_num": 3, "tx": -60.0, "ty": 0, "defocus": 3.5473437364001255, "alpha": 90, "iteration": 362, "gamma": 225.0}
{"beta": 90, "tz": 0, "actin_num": 3, "tx": -60.0, "ty": 0, "defocus": 3.3577638525543527, "alpha": 90, "iteration": 363, "gamma": 247.5}
{"beta": 90, "tz": 0, "actin_num": 3, "tx": -60.0, "ty": 0, "defocus": 2.277925009129983, "alpha": 90, "iteration": 364, "gamma": 270.0}
{"beta": 90, "tz": 0, "actin_num": 3, "tx": -60.0, "ty": 0, "defocus": 1.8735034692570798, "alpha": 90, "iteration": 365, "gamma": 292.5}
{"beta": 90, "tz": 0, "actin_num": 3, "tx": -60.0, "ty": 0, "defocus": 2.2623369485240263, "alpha": 90, "iteration": 366, "gamma": 315.0}
{"beta": 90, "tz": 0, "actin_num": 3, "tx": -60.0, "ty": 0, "defocus": 2.651305813840942, "alpha": 90, "iteration": 367, "gamma": 337.5}
{"beta": 90, "tz": 0, "actin_num": 3, "tx": -30.0, "ty": 0, "defocus": 3.4968016486003615, "alpha": 90, "iteration": 368, "gamma": 0.0}
{"beta": 90, "tz": 0, "actin_num": 3, "tx": -30.0, "ty": 0, "defocus": 3.5694316900711813, "alpha": 90, "iteration": 369, "gamma": 22.5}
{"beta": 90, "tz": 0, "actin_num": 3, "tx": -30.0, "ty": 0, "defocus": 3.8458864925588223, "alpha": 90, "iteration": 370, "gamma": 45.0}
{"beta": 90, "tz": 0, "actin_num": 3, "tx": -30.0, "ty": 0, "defocus": 3.015345182448213, "alpha": 90, "iteration": 371, "gamma": 67.5}
{"beta": 90, "tz": 0, "actin_num": 3, "tx": -30.0, "ty": 0, "defocus": 2.346611101962596, "alpha": 90, "iteration": 372, "gamma": 90.0}
{"beta": 90, "tz": 0, "actin_num": 3, "tx": -30.0, "ty": 0, "defocus": 2.640953847221219, "alpha": 90, "iteration": 373, "gamma": 112.5}
{"beta": 90, "tz": 0, "actin_num": 3, "tx": -30.0, "ty": 0, "defocus": 1.6191112844260254, "alpha": 90, "iteration": 374, "gamma": 135.0}
{"beta": 90, "tz": 0, "actin_num": 3, "tx": -30.0, "ty": 0, "defocus": 1.6874234241303059, "alpha": 90, "iteration": 375, "gamma": 157.5}
{"beta": 90, "tz": 0, "actin_num": 3, "tx": -30.0, "ty": 0, "defocus": 2.3428617309893407, "alpha": 90, "iteration": 376, "gamma": 180.0}
{"beta": 90, "tz": 0, "actin_num": 3, "tx": -30.0, "ty": 0, "defocus": 3.6605585298668255, "alpha": 90, "iteration": 377, "gamma": 202.5}
{"beta": 90, "tz": 0, "actin_num": 3, "tx": -30.0, "ty": 0, "defocus": 3.972229348651149, "alpha": 90, "iteration": 378, "gamma": 225.0}
{"beta": 90, "tz": 0, "actin_num": 3, "tx": -30.0, "ty": 0, "defocus": 2.179227123229991, "alpha": 90, "iteration": 379, "gamma": 247.5}
{"beta": 90, "tz": 0, "actin_num": 3, "tx": -30.0, "ty": 0, "defocus": 3.6018389108073023, "alpha": 90, "iteration": 380, "gamma": 270.0}
{"beta": 90, "tz": 0, "actin_num": 3, "tx": -30.0, "ty": 0, "defocus": 2.46259727593584, "alpha": 90, "iteration": 381, "gamma": 292.5}
{"beta": 90, "tz": 0, "actin_num": 3, "tx": -30.0, "ty": 0, "defocus": 3.2640285024883458, "alpha": 90, "iteration": 382, "gamma": 315.0}
{"beta": 90, "tz": 0, "actin_num": 3, "tx": -30.0, "ty": 0, "defocus": 1.807958041217817, "alpha": 90, "iteration": 383, "gamma": 337.5}
{"beta": 90, "tz": 0, "actin_num": 3, "tx": 0.0, "ty": 0, "defocus": 2.917509961467932, "alpha": 90, "iteration": 384, "gamma": 0.0}
{"beta": 90, "tz": 0, "actin_num": 3, "tx": 0.0, "ty": 0, "defocus": 2.997066295867884, "alpha": 90, "iteration": 385, "gamma": 22.5}
{"beta": 90, "tz": 0, "actin_num": 3, "tx": 0.0, "ty": 0, "defocus": 2.0982304130746354, "alpha": 90, "iteration": 386, "gamma": 45.0}
{"beta": 90, "tz": 0, "actin_num": 3, "tx": 0.0, "ty": 0, "defocus": 2.71936152406629, "alpha": 90, "iteration": 387, "gamma": 67.5}
{"beta": 90, "tz": 0, "actin_num": 3, "tx": 0.0, "ty": 0, "defocus": 3.888719642623405, "alpha": 90, "iteration": 388, "gamma": 90.0}
{"beta": 90, "tz": 0, "actin_num": 3, "tx": 0.0, "ty": 0, "defocus": 3.5262859919753753, "alpha": 90, "iteration": 389, "gamma": 112.5}
{"beta": 90, "tz": 0, "actin_num": 3, "tx": 0.0, "ty": 0, "defocus": 2.3709781915118224, "alpha": 90, "iteration": 390, "gamma": 135.0}
{"beta": 90, "tz": 0, "actin_num": 3, "tx": 0.0, "ty": 0, "defocus": 2.670886497263334, "alpha": 90, "iteration": 391, "gamma": 157.5}
{"beta": 90, "tz": 0, "actin_num": 3, "tx": 0.0, "ty": 0, "defocus": 3.749489516508302, "alpha": 90, "iteration": 392, "gamma": 180.0}
{"beta": 90, "tz": 0, "actin_num": 3, "tx": 0.0, "ty": 0, "defocus": 3.397186270655723, "alpha": 90, "iteration": 393, "gamma": 202.5}
{"beta": 90, "tz": 0, "actin_num": 3, "tx": 0.0, "ty": 0,