{"beta": 90, "tz": 0, "actin_num": 7, "tx": -90.0, "ty": 0, "defocus": 2.136885166689748, "alpha": 90, "iteration": 784, "gamma": 0.0}
{"beta": 90, "tz": 0, "actin_num": 7, "tx": -90.0, "ty": 0, "defocus": 3.2114696887139784, "alpha": 90, "iteration": 785, "gamma": 22.5}
{"beta": 90, "tz": 0, "actin_num": 7, "tx": -90.0, "ty": 0, "defocus": 2.7047826720712376, "alpha": 90, "iteration": 786, "gamma": 45.0}
{"beta": 90, "tz": 0, "actin_num": 7, "tx": -90.0, "ty": 0, "defocus": 3.4666091397586847, "alpha": 90, "iteration": 787, "gamma": 67.5}
{"beta": 90, "tz": 0, "actin_num": 7, "tx": -90.0, "ty": 0, "defocus": 3.4231841746565537, "alpha": 90, "iteration": 788, "gamma": 90.0}
{"beta": 90, "tz": 0, "actin_num": 7, "tx": -90.0, "ty": 0, "defocus": 3.905119294957241, "alpha": 90, "iteration": 789, "gamma": 112.5}
{"beta": 90, "tz": 0, "actin_num": 7, "tx": -90.0, "ty": 0, "defocus": 3.83641298177955, "alpha": 90, "iteration": 790, "gamma": 135.0}
{"beta": 90, "tz": 0, "actin_num": 7, "tx": -90.0, "ty": 0, "defocus": 3.578395661801681, "alpha": 90, "iteration": 791, "gamma": 157.5}
{"beta": 90, "tz": 0, "actin_num": 7, "tx": -90.0, "ty": 0, "defocus": 3.3904383670301597, "alpha": 90, "iteration": 792, "gamma": 180.0}
{"beta": 90, "tz": 0, "actin_num": 7, "tx": -90.0, "ty": 0, "defocus": 2.810593215373209, "alpha": 90, "iteration": 793, "gamma": 202.5}
{"beta": 90, "tz": 0, "actin_num": 7, "tx": -90.0, "ty": 0, "defocus": 2.6173130137389204, "alpha": 90, "iteration": 794, "gamma": 225.0}
{"beta": 90, "tz": 0, "actin_num": 7, "tx": -90.0, "ty": 0, "defocus": 2.394293563811543, "alpha": 90, "iteration": 795, "gamma": 247.5}
{"beta": 90, "tz": 0, "actin_num": 7, "tx": -90.0, "ty": 0, "defocus": 3.4529827974165572, "alpha": 90, "iteration": 796, "gamma": 270.0}
{"beta": 90, "tz": 0, "actin_num": 7, "tx": -90.0, "ty": 0, "defocus": 3.1438030469680385, "alpha": 90, "iteration": 797, "gamma": 292.5}
{"beta": 90, "tz": 0, "actin_num": 7, "tx": -90.0, "ty": 0, "defocus": 3.7944501400350643, "alpha": 90, "iteration": 798, "gamma": 315.0}
{"beta": 90, "tz": 0, "actin_num": 7, "tx": -90.0, "ty": 0, "defocus": 3.7514422388441737, "alpha": 90, "iteration": 799, "gamma": 337.5}
{"beta": 90, "tz": 0, "actin_num": 7, "tx": -60.0, "ty": 0, "defocus": 1.9419129560373856, "alpha": 90, "iteration": 800, "gamma": 0.0}
{"beta": 90, "tz": 0, "actin_num": 7, "tx": -60.0, "ty": 0, "defocus": 3.5156367782830737, "alpha": 90, "iteration": 801, "gamma": 22.5}
{"beta": 90, "tz": 0, "actin_num": 7, "tx": -60.0, "ty": 0, "defocus": 2.418776118494498, "alpha": 90, "iteration": 802, "gamma": 45.0}
{"beta": 90, "tz": 0, "actin_num": 7, "tx": -60.0, "ty": 0, "defocus": 3.5088096444418153, "alpha": 90, "iteration": 803, "gamma": 67.5}
{"beta": 90, "tz": 0, "actin_num": 7, "tx": -60.0, "ty": 0, "defocus": 3.526439813491529, "alpha": 90, "iteration": 804, "gamma": 90.0}
{"beta": 90, "tz": 0, "actin_num": 7, "tx": -60.0, "ty": 0, "defocus": 3.7696140591595166, "alpha": 90, "iteration": 805, "gamma": 112.5}
{"beta": 90, "tz": 0, "actin_num": 7, "tx": -60.0, "ty": 0, "defocus": 1.9609767197059416, "alpha": 90, "iteration": 806, "gamma": 135.0}
{"beta": 90, "tz": 0, "actin_num": 7, "tx": -60.0, "ty": 0, "defocus": 1.6715545543169315, "alpha": 90, "iteration": 807, "gamma": 157.5}
{"beta": 90, "tz": 0, "actin_num": 7, "tx": -60.0, "ty": 0, "defocus": 3.274905685415596, "alpha": 90, "iteration": 808, "gamma": 180.0}
{"beta": 90, "tz": 0, "actin_num": 7, "tx": -60.0, "ty": 0, "defocus": 2.338223354815854, "alpha": 90, "iteration": 809, "gamma": 202.5}
{"beta": 90, "tz": 0, "actin_num": 7, "tx": -60.0, "ty": 0, "defocus": 2.0405469502506253, "alpha": 90, "iteration": 810, "gamma": 225.0}
{"beta": 90, "tz": 0, "actin_num": 7, "tx": -60.0, "ty": 0, "defocus": 3.265731718490605, "alpha": 90, "iteration": 811, "gamma": 247.5}
{"beta": 90, "tz": 0, "actin_num": 7, "tx": -60.0, "ty": 0, "defocus": 1.7892590577490972, "alpha": 90, "iteration": 812, "gamma": 270.0}
{"beta": 90, "tz": 0, "actin_num": 7, "tx": -60.0, "ty": 0, "defocus": 3.6459719552698684, "alpha": 90, "iteration": 813, "gamma": 292.5}
{"beta": 90, "tz": 0, "actin_num": 7, "tx": -60.0, "ty": 0, "defocus": 3.870391135008802, "alpha": 90, "iteration": 814, "gamma": 315.0}
{"beta": 90, "tz": 0, "actin_num": 7, "tx": -60.0, "ty": 0, "defocus": 1.6727314378410933, "alpha": 90, "iteration": 815, "gamma": 337.5}
{"beta": 90, "tz": 0, "actin_num": 7, "tx": -30.0, "ty": 0, "defocus": 3.1090214521821737, "alpha": 90, "iteration": 816, "gamma": 0.0}
{"beta": 90, "tz": 0, "actin_num": 7, "tx": -30.0, "ty": 0, "defocus": 3.7986925515770715, "alpha": 90, "iteration": 817, "gamma": 22.5}
{"beta": 90, "tz": 0, "actin_num": 7, "tx": -30.0, "ty": 0, "defocus": 2.0949420515519033, "alpha": 90, "iteration": 818, "gamma": 45.0}
{"beta": 90, "tz": 0, "actin_num": 7, "tx": -30.0, "ty": 0, "defocus": 3.6859938136457333, "alpha": 90, "iteration": 819, "gamma": 67.5}
{"beta": 90, "tz": 0, "actin_num": 7, "tx": -30.0, "ty": 0, "defocus": 3.0471308847098726, "alpha": 90, "iteration": 820, "gamma": 90.0}
{"beta": 90, "tz": 0, "actin_num": 7, "tx": -30.0, "ty": 0, "defocus": 3.544421182787289, "alpha": 90, "iteration": 821, "gamma": 112.5}
{"beta": 90, "tz": 0, "actin_num": 7, "tx": -30.0, "ty": 0, "defocus": 3.548291141825192, "alpha": 90, "iteration": 822, "gamma": 135.0}
{"beta": 90, "tz": 0, "actin_num": 7, "tx": -30.0, "ty": 0, "defocus": 3.0328351834416596, "alpha": 90, "iteration": 823, "gamma": 157.5}
{"beta": 90, "tz": 0, "actin_num": 7, "tx": -30.0, "ty": 0, "defocus": 2.6266212691628414, "alpha": 90, "iteration": 824, "gamma": 180.0}
{"beta": 90, "tz": 0, "actin_num": 7, "tx": -30.0, "ty": 0, "defocus": 1.908648513555595, "alpha": 90, "iteration": 825, "gamma": 202.5}
{"beta": 90, "tz": 0, "actin_num": 7, "tx": -30.0, "ty": 0, "defocus": 3.400162680083418, "alpha": 90, "iteration": 826, "gamma": 225.0}
{"beta": 90, "tz": 0, "actin_num": 7, "tx": -30.0, "ty": 0, "defocus": 3.6225931593385923, "alpha": 90, "iteration": 827, "gamma": 247.5}
{"beta": 90, "tz": 0, "actin_num": 7, "tx": -30.0, "ty": 0, "defocus": 2.16014463171427, "alpha": 90, "iteration": 828, "gamma": 270.0}
{"beta": 90, "tz": 0, "actin_num": 7, "tx": -30.0, "ty": 0, "defocus": 3.354137871266196, "alpha": 90, "iteration": 829, "gamma": 292.5}
{"beta": 90, "tz": 0, "actin_num": 7, "tx": -30.0, "ty": 0, "defocus": 1.8727797625070883, "alpha": 90, "iteration": 830, "gamma": 315.0}
{"beta": 90, "tz": 0, "actin_num": 7, "tx": -30.0, "ty": 0, "defocus": 2.802469464542866, "alpha": 90, "iteration": 831, "gamma": 337.5}
{"beta": 90, "tz": 0, "actin_num": 7, "tx": 0.0, "ty": 0, "defocus": 1.603536558325283, "alpha": 90, "iteration": 832, "gamma": 0.0}
{"beta": 90, "tz": 0, "actin_num": 7, "tx": 0.0, "ty": 0, "defocus": 3.959181173816356, "alpha": 90, "iteration": 833, "gamma": 22.5}
{"beta": 90, "tz": 0, "actin_num": 7, "tx": 0.0, "ty": 0, "defocus": 1.660956372422679, "alpha": 90, "iteration": 834, "gamma": 45.0}
{"beta": 90, "tz": 0, "actin_num": 7, "tx": 0.0, "ty": 0, "defocus": 3.8412712516598426, "alpha": 90, "iteration": 835, "gamma": 67.5}
{"beta": 90, "tz": 0, "actin_num": 7, "tx": 0.0, "ty": 0, "defocus": 3.1613285694879565, "alpha": 90, "iteration": 836, "gamma": 90.0}
{"beta": 90, "tz": 0, "actin_num": 7, "tx": 0.0, "ty": 0, "defocus": 3.4795824563000592, "alpha": 90, "iteration": 837, "gamma": 112.5}
{"beta": 90, "tz": 0, "actin_num": 7, "tx": 0.0, "ty": 0, "defocus": 3.5110991293296143, "alpha": 90, "iteration": 838, "gamma": 135.0}
{"beta": 90, "tz": 0, "actin_num": 7, "tx": 0.0, "ty": 0, "defocus": 2.9002856481542487, "alpha": 90, "iteration": 839, "gamma": 157.5}
{"beta": 90, "tz": 0, "actin_num": 7, "tx": 0.0, "ty": 0, "defocus": 3.333222714062803, "alpha": 90, "iteration": 840, "gamma": 180.0}
{"beta": 90, "tz": 0, "actin_num": 7, "tx": 0.0, "ty": 0, "defocus": 3.0605267596700276, "alpha": 90, "iteration": 841, "gamma": 202.5}
{"beta": 90, "tz": 0, "actin_num": 7, "tx": 0.0, "ty": 0,