{"beta": 90, "tz": 0, "actin_num": 0, "tx": -90.0, "ty": 0, "defocus": 1.6364715615801657, "alpha": 90, "iteration": 0, "gamma": 0.0}
{"beta": 90, "tz": 0, "actin_num": 0, "tx": -90.0, "ty": 0, "defocus": 2.532905921801594, "alpha": 90, "iteration": 1, "gamma": 22.5}
{"beta": 90, "tz": 0, "actin_num": 0, "tx": -90.0, "ty": 0, "defocus": 3.4239536936970207, "alpha": 90, "iteration": 2, "gamma": 45.0}
{"beta": 90, "tz": 0, "actin_num": 0, "tx": -90.0, "ty": 0, "defocus": 2.428705682103183, "alpha": 90, "iteration": 3, "gamma": 67.5}
{"beta": 90, "tz": 0, "actin_num": 0, "tx": -90.0, "ty": 0, "defocus": 2.1006409846965197, "alpha": 90, "iteration": 4, "gamma": 90.0}
{"beta": 90, "tz": 0, "actin_num": 0, "tx": -90.0, "ty": 0, "defocus": 2.8046824749024886, "alpha": 90, "iteration": 5, "gamma": 112.5}
{"beta": 90, "tz": 0, "actin_num": 0, "tx": -90.0, "ty": 0, "defocus": 2.945170670599567, "alpha": 90, "iteration": 6, "gamma": 135.0}
{"beta": 90, "tz": 0, "actin_num": 0, "tx": -90.0, "ty": 0, "defocus": 2.4518787697346247, "alpha": 90, "iteration": 7, "gamma": 157.5}
{"beta": 90, "tz": 0, "actin_num": 0, "tx": -90.0, "ty": 0, "defocus": 3.8567548605153807, "alpha": 90, "iteration": 8, "gamma": 180.0}
{"beta": 90, "tz": 0, "actin_num": 0, "tx": -90.0, "ty": 0, "defocus": 2.8422659141318043, "alpha": 90, "iteration": 9, "gamma": 202.5}
{"beta": 90, "tz": 0, "actin_num": 0, "tx": -90.0, "ty": 0, "defocus": 3.9592034193487455, "alpha": 90, "iteration": 10, "gamma": 225.0}
{"beta": 90, "tz": 0, "actin_num": 0, "tx": -90.0, "ty": 0, "defocus": 3.6755108139161106, "alpha": 90, "iteration": 11, "gamma": 247.5}
{"beta": 90, "tz": 0, "actin_num": 0, "tx": -90.0, "ty": 0, "defocus": 1.9069284543840577, "alpha": 90, "iteration": 12, "gamma": 270.0}
{"beta": 90, "tz": 0, "actin_num": 0, "tx": -90.0, "ty": 0, "defocus": 2.729301874800229, "alpha": 90, "iteration": 13, "gamma": 292.5}
{"beta": 90, "tz": 0, "actin_num": 0, "tx": -90.0, "ty": 0, "defocus": 2.076614689366824, "alpha": 90, "iteration": 14, "gamma": 315.0}
{"beta": 90, "tz": 0, "actin_num": 0, "tx": -90.0, "ty": 0, "defocus": 1.6454541987825293, "alpha": 90, "iteration": 15, "gamma": 337.5}
{"beta": 90, "tz": 0, "actin_num": 0, "tx": -60.0, "ty": 0, "defocus": 3.948408978005687, "alpha": 90, "iteration": 16, "gamma": 0.0}
{"beta": 90, "tz": 0, "actin_num": 0, "tx": -60.0, "ty": 0, "defocus": 1.8027584558112681, "alpha": 90, "iteration": 17, "gamma": 22.5}
{"beta": 90, "tz": 0, "actin_num": 0, "tx": -60.0, "ty": 0, "defocus": 1.8908354069046986, "alpha": 90, "iteration": 18, "gamma": 45.0}
{"beta": 90, "tz": 0, "actin_num": 0, "tx": -60.0, "ty": 0, "defocus": 1.9103117472828415, "alpha": 90, "iteration": 19, "gamma": 67.5}
{"beta": 90, "tz": 0, "actin_num": 0, "tx": -60.0, "ty": 0, "defocus": 1.903428335031401, "alpha": 90, "iteration": 20, "gamma": 90.0}
{"beta": 90, "tz": 0, "actin_num": 0, "tx": -60.0, "ty": 0, "defocus": 1.61001118509628, "alpha": 90, "iteration": 21, "gamma": 112.5}
{"beta": 90, "tz": 0, "actin_num": 0, "tx": -60.0, "ty": 0, "defocus": 1.8787804322642045, "alpha": 90, "iteration": 22, "gamma": 135.0}
{"beta": 90, "tz": 0, "actin_num": 0, "tx": -60.0, "ty": 0, "defocus": 2.631249381883581, "alpha": 90, "iteration": 23, "gamma": 157.5}
{"beta": 90, "tz": 0, "actin_num": 0, "tx": -60.0, "ty": 0, "defocus": 3.1017202233513914, "alpha": 90, "iteration": 24, "gamma": 180.0}
{"beta": 90, "tz": 0, "actin_num": 0, "tx": -60.0, "ty": 0, "defocus": 3.291327590142232, "alpha": 90, "iteration": 25, "gamma": 202.5}
{"beta": 90, "tz": 0, "actin_num": 0, "tx": -60.0, "ty": 0, "defocus": 1.820604752522851, "alpha": 90, "iteration": 26, "gamma": 225.0}
{"beta": 90, "tz": 0, "actin_num": 0, "tx": -60.0, "ty": 0, "defocus": 1.6003093301510634, "alpha": 90, "iteration": 27, "gamma": 247.5}
{"beta": 90, "tz": 0, "actin_num": 0, "tx": -60.0, "ty": 0, "defocus": 3.760587822006228, "alpha": 90, "iteration": 28, "gamma": 270.0}
{"beta": 90, "tz": 0, "actin_num": 0, "tx": -60.0, "ty": 0, "defocus": 2.3795868181115885, "alpha": 90, "iteration": 29, "gamma": 292.5}
{"beta": 90, "tz": 0, "actin_num": 0, "tx": -60.0, "ty": 0, "defocus": 2.6545748469351143, "alpha": 90, "iteration": 30, "gamma": 315.0}
{"beta": 90, "tz": 0, "actin_num": 0, "tx": -60.0, "ty": 0, "defocus": 1.9468828398315148, "alpha": 90, "iteration": 31, "gamma": 337.5}
{"beta": 90, "tz": 0, "actin_num": 0, "tx": -30.0, "ty": 0, "defocus": 2.6388011416091173, "alpha": 90, "iteration": 32, "gamma": 0.0}
{"beta": 90, "tz": 0, "actin_num": 0, "tx": -30.0, "ty": 0, "defocus": 2.0339467363805306, "alpha": 90, "iteration": 33, "gamma": 22.5}
{"beta": 90, "tz": 0, "actin_num": 0, "tx": -30.0, "ty": 0, "defocus": 2.350140895066977, "alpha": 90, "iteration": 34, "gamma": 45.0}
{"beta": 90, "tz": 0, "actin_num": 0, "tx": -30.0, "ty": 0, "defocus": 2.5797653712372295, "alpha": 90, "iteration": 35, "gamma": 67.5}
{"beta": 90, "tz": 0, "actin_num": 0, "tx": -30.0, "ty": 0, "defocus": 3.1682050010410556, "alpha": 90, "iteration": 36, "gamma": 90.0}
{"beta": 90, "tz": 0, "actin_num": 0, "tx": -30.0, "ty": 0, "defocus": 3.3474650027269695, "alpha": 90, "iteration": 37, "gamma": 112.5}
{"beta": 90, "tz": 0, "actin_num": 0, "tx": -30.0, "ty": 0, "defocus": 2.109555162214134, "alpha": 90, "iteration": 38, "gamma": 135.0}
{"beta": 90, "tz": 0, "actin_num": 0, "tx": -30.0, "ty": 0, "defocus": 2.681047466056005, "alpha": 90, "iteration": 39, "gamma": 157.5}
{"beta": 90, "tz": 0, "actin_num": 0, "tx": -30.0, "ty": 0, "defocus": 1.9594957448030035, "alpha": 90, "iteration": 40, "gamma": 180.0}
{"beta": 90, "tz": 0, "actin_num": 0, "tx": -30.0, "ty": 0, "defocus": 2.8159422941756778, "alpha": 90, "iteration": 41, "gamma": 202.5}
{"beta": 90, "tz": 0, "actin_num": 0, "tx": -30.0, "ty": 0, "defocus": 3.813941553651528, "alpha": 90, "iteration": 42, "gamma": 225.0}
{"beta": 90, "tz": 0, "actin_num": 0, "tx": -30.0, "ty": 0, "defocus": 2.6138349142123998, "alpha": 90, "iteration": 43, "gamma": 247.5}
{"beta": 90, "tz": 0, "actin_num": 0, "tx": -30.0, "ty": 0, "defocus": 1.6361656790632704, "alpha": 90, "iteration": 44, "gamma": 270.0}
{"beta": 90, "tz": 0, "actin_num": 0, "tx": -30.0, "ty": 0, "defocus": 2.037375954797141, "alpha": 90, "iteration": 45, "gamma": 292.5}
{"beta": 90, "tz": 0, "actin_num": 0, "tx": -30.0, "ty": 0, "defocus": 3.3529373235058175, "alpha": 90, "iteration": 46, "gamma": 315.0}
{"beta": 90, "tz": 0, "actin_num": 0, "tx": -30.0, "ty": 0, "defocus": 3.8579020049211694, "alpha": 90, "iteration": 47, "gamma": 337.5}
{"beta": 90, "tz": 0, "actin_num": 0, "tx": 0.0, "ty": 0, "defocus": 3.009581030814667, "alpha": 90, "iteration": 48, "gamma": 0.0}
{"beta": 90, "tz": 0, "actin_num": 0, "tx": 0.0, "ty": 0, "defocus": 3.1089762157792196, "alpha": 90, "iteration": 49, "gamma": 22.5}
{"beta": 90, "tz": 0, "actin_num": 0, "tx": 0.0, "ty": 0, "defocus": 2.9660777438583077, "alpha": 90, "iteration": 50, "gamma": 45.0}
{"beta": 90, "tz": 0, "actin_num": 0, "tx": 0.0, "ty": 0, "defocus": 2.8276356449510445, "alpha": 90, "iteration": 51, "gamma": 67.5}
{"beta": 90, "tz": 0, "actin_num": 0, "tx": 0.0, "ty": 0, "defocus": 2.1180151309915587, "alpha": 90, "iteration": 52, "gamma": 90.0}
{"beta": 90, "tz": 0, "actin_num": 0, "tx": 0.0, "ty": 0, "defocus": 2.1541643468489546, "alpha": 90, "iteration": 53, "gamma": 112.5}
{"beta": 90, "tz": 0, "actin_num": 0, "tx": 0.0, "ty": 0, "defocus": 3.3780868085519673, "alpha": 90, "iteration": 54, "gamma": 135.0}
{"beta": 90, "tz": 0, "actin_num": 0, "tx": 0.0, "ty": 0, "defocus": 2.800566093317994, "alpha": 90, "iteration": 55, "gamma": 157.5}
{"beta": 90, "tz": 0, "actin_num": 0, "tx": 0.0, "ty": 0, "defocus": 1.628344260979849, "alpha": 90, "iteration": 56, "gamma": 180.0}
{"beta": 90, "tz": 0, "actin_num": 0, "tx": 0.0, "ty": 0, "defocus": 2.8293674036869847, "alpha": 90, "iteration": 57, "gamma": 202.5}
{"beta": 90, "tz": 0, "actin_num": 0, "tx": 0.0, "ty": 0, "defocus": 2.3627775873488432, "alpha": 90, "iteration": 58,