{"beta": 90, "tz": 0, "actin_num": 6, "tx": -90.0, "ty": 0, "defocus": 2.227542163182055, "alpha": 90, "iteration": 672, "gamma": 0.0}
{"beta": 90, "tz": 0, "actin_num": 6, "tx": -90.0, "ty": 0, "defocus": 2.53405043654134, "alpha": 90, "iteration": 673, "gamma": 22.5}
{"beta": 90, "tz": 0, "actin_num": 6, "tx": -90.0, "ty": 0, "defocus": 2.1186588629130934, "alpha": 90, "iteration": 674, "gamma": 45.0}
{"beta": 90, "tz": 0, "actin_num": 6, "tx": -90.0, "ty": 0, "defocus": 1.8289126816323291, "alpha": 90, "iteration": 675, "gamma": 67.5}
{"beta": 90, "tz": 0, "actin_num": 6, "tx": -90.0, "ty": 0, "defocus": 3.6497154938963123, "alpha": 90, "iteration": 676, "gamma": 90.0}
{"beta": 90, "tz": 0, "actin_num": 6, "tx": -90.0, "ty": 0, "defocus": 3.8387987015402896, "alpha": 90, "iteration": 677, "gamma": 112.5}
{"beta": 90, "tz": 0, "actin_num": 6, "tx": -90.0, "ty": 0, "defocus": 3.8522350091494526, "alpha": 90, "iteration": 678, "gamma": 135.0}
{"beta": 90, "tz": 0, "actin_num": 6, "tx": -90.0, "ty": 0, "defocus": 2.6245143520440664, "alpha": 90, "iteration": 679, "gamma": 157.5}
{"beta": 90, "tz": 0, "actin_num": 6, "tx": -90.0, "ty": 0, "defocus": 2.294372068458685, "alpha": 90, "iteration": 680, "gamma": 180.0}
{"beta": 90, "tz": 0, "actin_num": 6, "tx": -90.0, "ty": 0, "defocus": 3.0140420467959146, "alpha": 90, "iteration": 681, "gamma": 202.5}
{"beta": 90, "tz": 0, "actin_num": 6, "tx": -90.0, "ty": 0, "defocus": 3.29162004376706, "alpha": 90, "iteration": 682, "gamma": 225.0}
{"beta": 90, "tz": 0, "actin_num": 6, "tx": -90.0, "ty": 0, "defocus": 3.065386415362111, "alpha": 90, "iteration": 683, "gamma": 247.5}
{"beta": 90, "tz": 0, "actin_num": 6, "tx": -90.0, "ty": 0, "defocus": 2.2017171700504043, "alpha": 90, "iteration": 684, "gamma": 270.0}
{"beta": 90, "tz": 0, "actin_num": 6, "tx": -90.0, "ty": 0, "defocus": 2.8299398785682603, "alpha": 90, "iteration": 685, "gamma": 292.5}
{"beta": 90, "tz": 0, "actin_num": 6, "tx": -90.0, "ty": 0, "defocus": 3.7297566185643585, "alpha": 90, "iteration": 686, "gamma": 315.0}
{"beta": 90, "tz": 0, "actin_num": 6, "tx": -90.0, "ty": 0, "defocus": 2.2831502259293086, "alpha": 90, "iteration": 687, "gamma": 337.5}
{"beta": 90, "tz": 0, "actin_num": 6, "tx": -60.0, "ty": 0, "defocus": 3.4117112518200776, "alpha": 90, "iteration": 688, "gamma": 0.0}
{"beta": 90, "tz": 0, "actin_num": 6, "tx": -60.0, "ty": 0, "defocus": 2.3420999848192787, "alpha": 90, "iteration": 689, "gamma": 22.5}
{"beta": 90, "tz": 0, "actin_num": 6, "tx": -60.0, "ty": 0, "defocus": 2.6181186853885796, "alpha": 90, "iteration": 690, "gamma": 45.0}
{"beta": 90, "tz": 0, "actin_num": 6, "tx": -60.0, "ty": 0, "defocus": 1.7570166831830694, "alpha": 90, "iteration": 691, "gamma": 67.5}
{"beta": 90, "tz": 0, "actin_num": 6, "tx": -60.0, "ty": 0, "defocus": 1.9085626682771837, "alpha": 90, "iteration": 692, "gamma": 90.0}
{"beta": 90, "tz": 0, "actin_num": 6, "tx": -60.0, "ty": 0, "defocus": 2.8668247448415127, "alpha": 90, "iteration": 693, "gamma": 112.5}
{"beta": 90, "tz": 0, "actin_num": 6, "tx": -60.0, "ty": 0, "defocus": 2.199936592863291, "alpha": 90, "iteration": 694, "gamma": 135.0}
{"beta": 90, "tz": 0, "actin_num": 6, "tx": -60.0, "ty": 0, "defocus": 1.8062936363660143, "alpha": 90, "iteration": 695, "gamma": 157.5}
{"beta": 90, "tz": 0, "actin_num": 6, "tx": -60.0, "ty": 0, "defocus": 2.3317926720988154, "alpha": 90, "iteration": 696, "gamma": 180.0}
{"beta": 90, "tz": 0, "actin_num": 6, "tx": -60.0, "ty": 0, "defocus": 3.2596460922154753, "alpha": 90, "iteration": 697, "gamma": 202.5}
{"beta": 90, "tz": 0, "actin_num": 6, "tx": -60.0, "ty": 0, "defocus": 3.1870144169839545, "alpha": 90, "iteration": 698, "gamma": 225.0}
{"beta": 90, "tz": 0, "actin_num": 6, "tx": -60.0, "ty": 0, "defocus": 2.3982363955385493, "alpha": 90, "iteration": 699, "gamma": 247.5}
{"beta": 90, "tz": 0, "actin_num": 6, "tx": -60.0, "ty": 0, "defocus": 2.618308973850649, "alpha": 90, "iteration": 700, "gamma": 270.0}
{"beta": 90, "tz": 0, "actin_num": 6, "tx": -60.0, "ty": 0, "defocus": 1.6357631791472518, "alpha": 90, "iteration": 701, "gamma": 292.5}
{"beta": 90, "tz": 0, "actin_num": 6, "tx": -60.0, "ty": 0, "defocus": 3.1801473398648756, "alpha": 90, "iteration": 702, "gamma": 315.0}
{"beta": 90, "tz": 0, "actin_num": 6, "tx": -60.0, "ty": 0, "defocus": 3.5361237730411434, "alpha": 90, "iteration": 703, "gamma": 337.5}
{"beta": 90, "tz": 0, "actin_num": 6, "tx": -30.0, "ty": 0, "defocus": 1.6115501535512378, "alpha": 90, "iteration": 704, "gamma": 0.0}
{"beta": 90, "tz": 0, "actin_num": 6, "tx": -30.0, "ty": 0, "defocus": 3.8473306640228406, "alpha": 90, "iteration": 705, "gamma": 22.5}
{"beta": 90, "tz": 0, "actin_num": 6, "tx": -30.0, "ty": 0, "defocus": 3.3207544744441746, "alpha": 90, "iteration": 706, "gamma": 45.0}
{"beta": 90, "tz": 0, "actin_num": 6, "tx": -30.0, "ty": 0, "defocus": 1.8321761684828761, "alpha": 90, "iteration": 707, "gamma": 67.5}
{"beta": 90, "tz": 0, "actin_num": 6, "tx": -30.0, "ty": 0, "defocus": 2.5042521626181693, "alpha": 90, "iteration": 708, "gamma": 90.0}
{"beta": 90, "tz": 0, "actin_num": 6, "tx": -30.0, "ty": 0, "defocus": 3.5069159702481776, "alpha": 90, "iteration": 709, "gamma": 112.5}
{"beta": 90, "tz": 0, "actin_num": 6, "tx": -30.0, "ty": 0, "defocus": 3.1825525905190775, "alpha": 90, "iteration": 710, "gamma": 135.0}
{"beta": 90, "tz": 0, "actin_num": 6, "tx": -30.0, "ty": 0, "defocus": 3.343138453062809, "alpha": 90, "iteration": 711, "gamma": 157.5}
{"beta": 90, "tz": 0, "actin_num": 6, "tx": -30.0, "ty": 0, "defocus": 1.8279049961954175, "alpha": 90, "iteration": 712, "gamma": 180.0}
{"beta": 90, "tz": 0, "actin_num": 6, "tx": -30.0, "ty": 0, "defocus": 1.6697739905459008, "alpha": 90, "iteration": 713, "gamma": 202.5}
{"beta": 90, "tz": 0, "actin_num": 6, "tx": -30.0, "ty": 0, "defocus": 3.03962700126418, "alpha": 90, "iteration": 714, "gamma": 225.0}
{"beta": 90, "tz": 0, "actin_num": 6, "tx": -30.0, "ty": 0, "defocus": 3.137511756662546, "alpha": 90, "iteration": 715, "gamma": 247.5}
{"beta": 90, "tz": 0, "actin_num": 6, "tx": -30.0, "ty": 0, "defocus": 3.8968975294563193, "alpha": 90, "iteration": 716, "gamma": 270.0}
{"beta": 90, "tz": 0, "actin_num": 6, "tx": -30.0, "ty": 0, "defocus": 1.7187845656293579, "alpha": 90, "iteration": 717, "gamma": 292.5}
{"beta": 90, "tz": 0, "actin_num": 6, "tx": -30.0, "ty": 0, "defocus": 3.8122453911562233, "alpha": 90, "iteration": 718, "gamma": 315.0}
{"beta": 90, "tz": 0, "actin_num": 6, "tx": -30.0, "ty": 0, "defocus": 3.099359457436641, "alpha": 90, "iteration": 719, "gamma": 337.5}
{"beta": 90, "tz": 0, "actin_num": 6, "tx": 0.0, "ty": 0, "defocus": 3.339255590180546, "alpha": 90, "iteration": 720, "gamma": 0.0}
{"beta": 90, "tz": 0, "actin_num": 6, "tx": 0.0, "ty": 0, "defocus": 2.9305320605784093, "alpha": 90, "iteration": 721, "gamma": 22.5}
{"beta": 90, "tz": 0, "actin_num": 6, "tx": 0.0, "ty": 0, "defocus": 2.733980519540077, "alpha": 90, "iteration": 722, "gamma": 45.0}
{"beta": 90, "tz": 0, "actin_num": 6, "tx": 0.0, "ty": 0, "defocus": 3.9435021465458804, "alpha": 90, "iteration": 723, "gamma": 67.5}
{"beta": 90, "tz": 0, "actin_num": 6, "tx": 0.0, "ty": 0, "defocus": 2.0256128637352884, "alpha": 90, "iteration": 724, "gamma": 90.0}
{"beta": 90, "tz": 0, "actin_num": 6, "tx": 0.0, "ty": 0, "defocus": 2.957298458689352, "alpha": 90, "iteration": 725, "gamma": 112.5}
{"beta": 90, "tz": 0, "actin_num": 6, "tx": 0.0, "ty": 0, "defocus": 2.881145399744713, "alpha": 90, "iteration": 726, "gamma": 135.0}
{"beta": 90, "tz": 0, "actin_num": 6, "tx": 0.0, "ty": 0, "defocus": 1.7060270452096025, "alpha": 90, "iteration": 727, "gamma": 157.5}
{"beta": 90, "tz": 0, "actin_num": 6, "tx": 0.0, "ty": 0, "defocus": 3.9766099464899614, "alpha": 90, "iteration": 728, "gamma": 180.0}
{"beta": 90, "tz": 0, "actin_num": 6, "tx": 0.0, "ty": 0, "defocus": 2.7776948312828926, "alpha": 90, "iteration": 729, "gamma": 202.5}
{"beta": 90, "tz": 0, "actin_num": 6, "tx": 0.0, "ty": 0,