{"beta": 90, "tz": 0, "actin_num": 16, "tx": -90.0, "ty": 0, "defocus": 3.344255295463709, "alpha": 90, "iteration": 1792, "gamma": 0.0}
{"beta": 90, "tz": 0, "actin_num": 16, "tx": -90.0, "ty": 0, "defocus": 1.9718660504959917, "alpha": 90, "iteration": 1793, "gamma": 22.5}
{"beta": 90, "tz": 0, "actin_num": 16, "tx": -90.0, "ty": 0, "defocus": 1.9859457107905873, "alpha": 90, "iteration": 1794, "gamma": 45.0}
{"beta": 90, "tz": 0, "actin_num": 16, "tx": -90.0, "ty": 0, "defocus": 3.1768627943882612, "alpha": 90, "iteration": 1795, "gamma": 67.5}
{"beta": 90, "tz": 0, "actin_num": 16, "tx": -90.0, "ty": 0, "defocus": 2.623706027202008, "alpha": 90, "iteration": 1796, "gamma": 90.0}
{"beta": 90, "tz": 0, "actin_num": 16, "tx": -90.0, "ty": 0, "defocus": 3.6596897938754878, "alpha": 90, "iteration": 1797, "gamma": 112.5}
{"beta": 90, "tz": 0, "actin_num": 16, "tx": -90.0, "ty": 0, "defocus": 1.6976147447419372, "alpha": 90, "iteration": 1798, "gamma": 135.0}
{"beta": 90, "tz": 0, "actin_num": 16, "tx": -90.0, "ty": 0, "defocus": 3.7795356516898826, "alpha": 90, "iteration": 1799, "gamma": 157.5}
{"beta": 90, "tz": 0, "actin_num": 16, "tx": -90.0, "ty": 0, "defocus": 2.4511705406799598, "alpha": 90, "iteration": 1800, "gamma": 180.0}
{"beta": 90, "tz": 0, "actin_num": 16, "tx": -90.0, "ty": 0, "defocus": 2.7252550044933477, "alpha": 90, "iteration": 1801, "gamma": 202.5}
{"beta": 90, "tz": 0, "actin_num": 16, "tx": -90.0, "ty": 0, "defocus": 2.789994162990884, "alpha": 90, "iteration": 1802, "gamma": 225.0}
{"beta": 90, "tz": 0, "actin_num": 16, "tx": -90.0, "ty": 0, "defocus": 3.7947729143598625, "alpha": 90, "iteration": 1803, "gamma": 247.5}
{"beta": 90, "tz": 0, "actin_num": 16, "tx": -90.0, "ty": 0, "defocus": 3.8880433098500977, "alpha": 90, "iteration": 1804, "gamma": 270.0}
{"beta": 90, "tz": 0, "actin_num": 16, "tx": -90.0, "ty": 0, "defocus": 2.560820978679586, "alpha": 90, "iteration": 1805, "gamma": 292.5}
{"beta": 90, "tz": 0, "actin_num": 16, "tx": -90.0, "ty": 0, "defocus": 2.788630545711821, "alpha": 90, "iteration": 1806, "gamma": 315.0}
{"beta": 90, "tz": 0, "actin_num": 16, "tx": -90.0, "ty": 0, "defocus": 2.757084422566339, "alpha": 90, "iteration": 1807, "gamma": 337.5}
{"beta": 90, "tz": 0, "actin_num": 16, "tx": -60.0, "ty": 0, "defocus": 2.4323883623270897, "alpha": 90, "iteration": 1808, "gamma": 0.0}
{"beta": 90, "tz": 0, "actin_num": 16, "tx": -60.0, "ty": 0, "defocus": 2.3960543354477144, "alpha": 90, "iteration": 1809, "gamma": 22.5}
{"beta": 90, "tz": 0, "actin_num": 16, "tx": -60.0, "ty": 0, "defocus": 2.4045031381864694, "alpha": 90, "iteration": 1810, "gamma": 45.0}
{"beta": 90, "tz": 0, "actin_num": 16, "tx": -60.0, "ty": 0, "defocus": 2.9993241366149155, "alpha": 90, "iteration": 1811, "gamma": 67.5}
{"beta": 90, "tz": 0, "actin_num": 16, "tx": -60.0, "ty": 0, "defocus": 2.3530790040893246, "alpha": 90, "iteration": 1812, "gamma": 90.0}
{"beta": 90, "tz": 0, "actin_num": 16, "tx": -60.0, "ty": 0, "defocus": 2.720379301643402, "alpha": 90, "iteration": 1813, "gamma": 112.5}
{"beta": 90, "tz": 0, "actin_num": 16, "tx": -60.0, "ty": 0, "defocus": 3.6528218279671636, "alpha": 90, "iteration": 1814, "gamma": 135.0}
{"beta": 90, "tz": 0, "actin_num": 16, "tx": -60.0, "ty": 0, "defocus": 2.1820199212744433, "alpha": 90, "iteration": 1815, "gamma": 157.5}
{"beta": 90, "tz": 0, "actin_num": 16, "tx": -60.0, "ty": 0, "defocus": 1.6198978727603213, "alpha": 90, "iteration": 1816, "gamma": 180.0}
{"beta": 90, "tz": 0, "actin_num": 16, "tx": -60.0, "ty": 0, "defocus": 3.373659074473904, "alpha": 90, "iteration": 1817, "gamma": 202.5}
{"beta": 90, "tz": 0, "actin_num": 16, "tx": -60.0, "ty": 0, "defocus": 3.952841582190437, "alpha": 90, "iteration": 1818, "gamma": 225.0}
{"beta": 90, "tz": 0, "actin_num": 16, "tx": -60.0, "ty": 0, "defocus": 2.8931133714425776, "alpha": 90, "iteration": 1819, "gamma": 247.5}
{"beta": 90, "tz": 0, "actin_num": 16, "tx": -60.0, "ty": 0, "defocus": 3.290713334946439, "alpha": 90, "iteration": 1820, "gamma": 270.0}
{"beta": 90, "tz": 0, "actin_num": 16, "tx": -60.0, "ty": 0, "defocus": 3.6342823535521975, "alpha": 90, "iteration": 1821, "gamma": 292.5}
{"beta": 90, "tz": 0, "actin_num": 16, "tx": -60.0, "ty": 0, "defocus": 3.459425755515039, "alpha": 90, "iteration": 1822, "gamma": 315.0}
{"beta": 90, "tz": 0, "actin_num": 16, "tx": -60.0, "ty": 0, "defocus": 3.324404862259015, "alpha": 90, "iteration": 1823, "gamma": 337.5}
{"beta": 90, "tz": 0, "actin_num": 16, "tx": -30.0, "ty": 0, "defocus": 2.521315072759714, "alpha": 90, "iteration": 1824, "gamma": 0.0}
{"beta": 90, "tz": 0, "actin_num": 16, "tx": -30.0, "ty": 0, "defocus": 3.547405666609033, "alpha": 90, "iteration": 1825, "gamma": 22.5}
{"beta": 90, "tz": 0, "actin_num": 16, "tx": -30.0, "ty": 0, "defocus": 1.9373609357595267, "alpha": 90, "iteration": 1826, "gamma": 45.0}
{"beta": 90, "tz": 0, "actin_num": 16, "tx": -30.0, "ty": 0, "defocus": 3.3892808498383618, "alpha": 90, "iteration": 1827, "gamma": 67.5}
{"beta": 90, "tz": 0, "actin_num": 16, "tx": -30.0, "ty": 0, "defocus": 2.242792203352751, "alpha": 90, "iteration": 1828, "gamma": 90.0}
{"beta": 90, "tz": 0, "actin_num": 16, "tx": -30.0, "ty": 0, "defocus": 1.7294507599617837, "alpha": 90, "iteration": 1829, "gamma": 112.5}
{"beta": 90, "tz": 0, "actin_num": 16, "tx": -30.0, "ty": 0, "defocus": 3.936310028827543, "alpha": 90, "iteration": 1830, "gamma": 135.0}
{"beta": 90, "tz": 0, "actin_num": 16, "tx": -30.0, "ty": 0, "defocus": 1.8513902005649119, "alpha": 90, "iteration": 1831, "gamma": 157.5}
{"beta": 90, "tz": 0, "actin_num": 16, "tx": -30.0, "ty": 0, "defocus": 1.9965600616947403, "alpha": 90, "iteration": 1832, "gamma": 180.0}
{"beta": 90, "tz": 0, "actin_num": 16, "tx": -30.0, "ty": 0, "defocus": 3.499551168610516, "alpha": 90, "iteration": 1833, "gamma": 202.5}
{"beta": 90, "tz": 0, "actin_num": 16, "tx": -30.0, "ty": 0, "defocus": 2.219916413593249, "alpha": 90, "iteration": 1834, "gamma": 225.0}
{"beta": 90, "tz": 0, "actin_num": 16, "tx": -30.0, "ty": 0, "defocus": 3.619448339545118, "alpha": 90, "iteration": 1835, "gamma": 247.5}
{"beta": 90, "tz": 0, "actin_num": 16, "tx": -30.0, "ty": 0, "defocus": 3.876446673629176, "alpha": 90, "iteration": 1836, "gamma": 270.0}
{"beta": 90, "tz": 0, "actin_num": 16, "tx": -30.0, "ty": 0, "defocus": 1.969001111363561, "alpha": 90, "iteration": 1837, "gamma": 292.5}
{"beta": 90, "tz": 0, "actin_num": 16, "tx": -30.0, "ty": 0, "defocus": 3.9712092154611103, "alpha": 90, "iteration": 1838, "gamma": 315.0}
{"beta": 90, "tz": 0, "actin_num": 16, "tx": -30.0, "ty": 0, "defocus": 3.071825085742061, "alpha": 90, "iteration": 1839, "gamma": 337.5}
{"beta": 90, "tz": 0, "actin_num": 16, "tx": 0.0, "ty": 0, "defocus": 3.3440335127757104, "alpha": 90, "iteration": 1840, "gamma": 0.0}
{"beta": 90, "tz": 0, "actin_num": 16, "tx": 0.0, "ty": 0, "defocus": 2.191428807704262, "alpha": 90, "iteration": 1841, "gamma": 22.5}
{"beta": 90, "tz": 0, "actin_num": 16, "tx": 0.0, "ty": 0, "defocus": 3.7447671942425025, "alpha": 90, "iteration": 1842, "gamma": 45.0}
{"beta": 90, "tz": 0, "actin_num": 16, "tx": 0.0, "ty": 0, "defocus": 3.327665616839168, "alpha": 90, "iteration": 1843, "gamma": 67.5}
{"beta": 90, "tz": 0, "actin_num": 16, "tx": 0.0, "ty": 0, "defocus": 3.1150364052592163, "alpha": 90, "iteration": 1844, "gamma": 90.0}
{"beta": 90, "tz": 0, "actin_num": 16, "tx": 0.0, "ty": 0, "defocus": 1.8483807871951108, "alpha": 90, "iteration": 1845, "gamma": 112.5}
{"beta": 90, "tz": 0, "actin_num": 16, "tx": 0.0, "ty": 0, "defocus": 3.8769025152479633, "alpha": 90, "iteration": 1846, "gamma": 135.0}
{"beta": 90, "tz": 0, "actin_num": 16, "tx": 0.0, "ty": 0, "defocus": 3.4698522405389376, "alpha": 90, "iteration": 1847, "gamma": 157.5}
{"beta": 90, "tz": 0, "actin_num": 16, "tx": 0.0, "ty": 0, "defocus": 3.165846153213658, "alpha": 90, "iteration": 1848, "gamma": 180.0}
{"beta": 90, "tz": 0, "actin_num": 16, "tx": 0.0, "ty": 0,