{"beta": 90, "tz": 0, "actin_num": 18, "tx": -90.0, "ty": 0, "defocus": 3.482422247330489, "alpha": 90, "iteration": 2016, "gamma": 0.0}
{"beta": 90, "tz": 0, "actin_num": 18, "tx": -90.0, "ty": 0, "defocus": 1.7373814234150609, "alpha": 90, "iteration": 2017, "gamma": 22.5}
{"beta": 90, "tz": 0, "actin_num": 18, "tx": -90.0, "ty": 0, "defocus": 2.3160618071154024, "alpha": 90, "iteration": 2018, "gamma": 45.0}
{"beta": 90, "tz": 0, "actin_num": 18, "tx": -90.0, "ty": 0, "defocus": 1.6156192797126645, "alpha": 90, "iteration": 2019, "gamma": 67.5}
{"beta": 90, "tz": 0, "actin_num": 18, "tx": -90.0, "ty": 0, "defocus": 1.7151853992341268, "alpha": 90, "iteration": 2020, "gamma": 90.0}
{"beta": 90, "tz": 0, "actin_num": 18, "tx": -90.0, "ty": 0, "defocus": 3.811763665478457, "alpha": 90, "iteration": 2021, "gamma": 112.5}
{"beta": 90, "tz": 0, "actin_num": 18, "tx": -90.0, "ty": 0, "defocus": 3.591167528228761, "alpha": 90, "iteration": 2022, "gamma": 135.0}
{"beta": 90, "tz": 0, "actin_num": 18, "tx": -90.0, "ty": 0, "defocus": 3.019669248440226, "alpha": 90, "iteration": 2023, "gamma": 157.5}
{"beta": 90, "tz": 0, "actin_num": 18, "tx": -90.0, "ty": 0, "defocus": 2.4981360154725953, "alpha": 90, "iteration": 2024, "gamma": 180.0}
{"beta": 90, "tz": 0, "actin_num": 18, "tx": -90.0, "ty": 0, "defocus": 3.7212058279060996, "alpha": 90, "iteration": 2025, "gamma": 202.5}
{"beta": 90, "tz": 0, "actin_num": 18, "tx": -90.0, "ty": 0, "defocus": 1.662183780487996, "alpha": 90, "iteration": 2026, "gamma": 225.0}
{"beta": 90, "tz": 0, "actin_num": 18, "tx": -90.0, "ty": 0, "defocus": 2.9702672024566636, "alpha": 90, "iteration": 2027, "gamma": 247.5}
{"beta": 90, "tz": 0, "actin_num": 18, "tx": -90.0, "ty": 0, "defocus": 2.1725743622640894, "alpha": 90, "iteration": 2028, "gamma": 270.0}
{"beta": 90, "tz": 0, "actin_num": 18, "tx": -90.0, "ty": 0, "defocus": 1.7207926313523203, "alpha": 90, "iteration": 2029, "gamma": 292.5}
{"beta": 90, "tz": 0, "actin_num": 18, "tx": -90.0, "ty": 0, "defocus": 1.8904119072530516, "alpha": 90, "iteration": 2030, "gamma": 315.0}
{"beta": 90, "tz": 0, "actin_num": 18, "tx": -90.0, "ty": 0, "defocus": 3.9331608000369074, "alpha": 90, "iteration": 2031, "gamma": 337.5}
{"beta": 90, "tz": 0, "actin_num": 18, "tx": -60.0, "ty": 0, "defocus": 2.638635682107447, "alpha": 90, "iteration": 2032, "gamma": 0.0}
{"beta": 90, "tz": 0, "actin_num": 18, "tx": -60.0, "ty": 0, "defocus": 3.7991292963015475, "alpha": 90, "iteration": 2033, "gamma": 22.5}
{"beta": 90, "tz": 0, "actin_num": 18, "tx": -60.0, "ty": 0, "defocus": 2.5417129942087935, "alpha": 90, "iteration": 2034, "gamma": 45.0}
{"beta": 90, "tz": 0, "actin_num": 18, "tx": -60.0, "ty": 0, "defocus": 2.9989340538978277, "alpha": 90, "iteration": 2035, "gamma": 67.5}
{"beta": 90, "tz": 0, "actin_num": 18, "tx": -60.0, "ty": 0, "defocus": 2.3374718074016285, "alpha": 90, "iteration": 2036, "gamma": 90.0}
{"beta": 90, "tz": 0, "actin_num": 18, "tx": -60.0, "ty": 0, "defocus": 1.9364338932571055, "alpha": 90, "iteration": 2037, "gamma": 112.5}
{"beta": 90, "tz": 0, "actin_num": 18, "tx": -60.0, "ty": 0, "defocus": 3.7250214931242005, "alpha": 90, "iteration": 2038, "gamma": 135.0}
{"beta": 90, "tz": 0, "actin_num": 18, "tx": -60.0, "ty": 0, "defocus": 2.332999532722213, "alpha": 90, "iteration": 2039, "gamma": 157.5}
{"beta": 90, "tz": 0, "actin_num": 18, "tx": -60.0, "ty": 0, "defocus": 3.248845859188272, "alpha": 90, "iteration": 2040, "gamma": 180.0}
{"beta": 90, "tz": 0, "actin_num": 18, "tx": -60.0, "ty": 0, "defocus": 2.966687517113158, "alpha": 90, "iteration": 2041, "gamma": 202.5}
{"beta": 90, "tz": 0, "actin_num": 18, "tx": -60.0, "ty": 0, "defocus": 3.9389551571590014, "alpha": 90, "iteration": 2042, "gamma": 225.0}
{"beta": 90, "tz": 0, "actin_num": 18, "tx": -60.0, "ty": 0, "defocus": 3.7164766392095627, "alpha": 90, "iteration": 2043, "gamma": 247.5}
{"beta": 90, "tz": 0, "actin_num": 18, "tx": -60.0, "ty": 0, "defocus": 2.416979117611134, "alpha": 90, "iteration": 2044, "gamma": 270.0}
{"beta": 90, "tz": 0, "actin_num": 18, "tx": -60.0, "ty": 0, "defocus": 2.415451502262572, "alpha": 90, "iteration": 2045, "gamma": 292.5}
{"beta": 90, "tz": 0, "actin_num": 18, "tx": -60.0, "ty": 0, "defocus": 1.6397816232102607, "alpha": 90, "iteration": 2046, "gamma": 315.0}
{"beta": 90, "tz": 0, "actin_num": 18, "tx": -60.0, "ty": 0, "defocus": 3.2020440040157894, "alpha": 90, "iteration": 2047, "gamma": 337.5}
{"beta": 90, "tz": 0, "actin_num": 18, "tx": -30.0, "ty": 0, "defocus": 3.4466073011038025, "alpha": 90, "iteration": 2048, "gamma": 0.0}
{"beta": 90, "tz": 0, "actin_num": 18, "tx": -30.0, "ty": 0, "defocus": 3.919538608262867, "alpha": 90, "iteration": 2049, "gamma": 22.5}
{"beta": 90, "tz": 0, "actin_num": 18, "tx": -30.0, "ty": 0, "defocus": 2.6732666800128264, "alpha": 90, "iteration": 2050, "gamma": 45.0}
{"beta": 90, "tz": 0, "actin_num": 18, "tx": -30.0, "ty": 0, "defocus": 1.632351289684567, "alpha": 90, "iteration": 2051, "gamma": 67.5}
{"beta": 90, "tz": 0, "actin_num": 18, "tx": -30.0, "ty": 0, "defocus": 2.8649730117298136, "alpha": 90, "iteration": 2052, "gamma": 90.0}
{"beta": 90, "tz": 0, "actin_num": 18, "tx": -30.0, "ty": 0, "defocus": 1.8729887548713986, "alpha": 90, "iteration": 2053, "gamma": 112.5}
{"beta": 90, "tz": 0, "actin_num": 18, "tx": -30.0, "ty": 0, "defocus": 3.7622291485893173, "alpha": 90, "iteration": 2054, "gamma": 135.0}
{"beta": 90, "tz": 0, "actin_num": 18, "tx": -30.0, "ty": 0, "defocus": 1.6468292418882655, "alpha": 90, "iteration": 2055, "gamma": 157.5}
{"beta": 90, "tz": 0, "actin_num": 18, "tx": -30.0, "ty": 0, "defocus": 1.6177937415104833, "alpha": 90, "iteration": 2056, "gamma": 180.0}
{"beta": 90, "tz": 0, "actin_num": 18, "tx": -30.0, "ty": 0, "defocus": 1.61922716839001, "alpha": 90, "iteration": 2057, "gamma": 202.5}
{"beta": 90, "tz": 0, "actin_num": 18, "tx": -30.0, "ty": 0, "defocus": 3.173589046100588, "alpha": 90, "iteration": 2058, "gamma": 225.0}
{"beta": 90, "tz": 0, "actin_num": 18, "tx": -30.0, "ty": 0, "defocus": 2.944376898177107, "alpha": 90, "iteration": 2059, "gamma": 247.5}
{"beta": 90, "tz": 0, "actin_num": 18, "tx": -30.0, "ty": 0, "defocus": 2.670162264811573, "alpha": 90, "iteration": 2060, "gamma": 270.0}
{"beta": 90, "tz": 0, "actin_num": 18, "tx": -30.0, "ty": 0, "defocus": 2.5143798203817864, "alpha": 90, "iteration": 2061, "gamma": 292.5}
{"beta": 90, "tz": 0, "actin_num": 18, "tx": -30.0, "ty": 0, "defocus": 3.408410656509094, "alpha": 90, "iteration": 2062, "gamma": 315.0}
{"beta": 90, "tz": 0, "actin_num": 18, "tx": -30.0, "ty": 0, "defocus": 2.165906326838801, "alpha": 90, "iteration": 2063, "gamma": 337.5}
{"beta": 90, "tz": 0, "actin_num": 18, "tx": 0.0, "ty": 0, "defocus": 1.8250196531490888, "alpha": 90, "iteration": 2064, "gamma": 0.0}
{"beta": 90, "tz": 0, "actin_num": 18, "tx": 0.0, "ty": 0, "defocus": 2.8583028260388383, "alpha": 90, "iteration": 2065, "gamma": 22.5}
{"beta": 90, "tz": 0, "actin_num": 18, "tx": 0.0, "ty": 0, "defocus": 1.8140240527692457, "alpha": 90, "iteration": 2066, "gamma": 45.0}
{"beta": 90, "tz": 0, "actin_num": 18, "tx": 0.0, "ty": 0, "defocus": 3.29230889261062, "alpha": 90, "iteration": 2067, "gamma": 67.5}
{"beta": 90, "tz": 0, "actin_num": 18, "tx": 0.0, "ty": 0, "defocus": 1.6087264131924135, "alpha": 90, "iteration": 2068, "gamma": 90.0}
{"beta": 90, "tz": 0, "actin_num": 18, "tx": 0.0, "ty": 0, "defocus": 1.9311228845044892, "alpha": 90, "iteration": 2069, "gamma": 112.5}
{"beta": 90, "tz": 0, "actin_num": 18, "tx": 0.0, "ty": 0, "defocus": 3.8309686967778593, "alpha": 90, "iteration": 2070, "gamma": 135.0}
{"beta": 90, "tz": 0, "actin_num": 18, "tx": 0.0, "ty": 0, "defocus": 3.4586660854895195, "alpha": 90, "iteration": 2071, "gamma": 157.5}
{"beta": 90, "tz": 0, "actin_num": 18, "tx": 0.0, "ty": 0, "defocus": 2.2884474693154955, "alpha": 90, "iteration": 2072, "gamma": 180.0}
{"beta": 90, "tz": 0, "actin_num": 18, "tx": 0.0, "ty": 0,