{"beta": 90, "tz": 0, "actin_num": 2, "tx": -90.0, "ty": 0, "defocus": 1.804881648066118, "alpha": 90, "iteration": 224, "gamma": 0.0}
{"beta": 90, "tz": 0, "actin_num": 2, "tx": -90.0, "ty": 0, "defocus": 3.0615872630504954, "alpha": 90, "iteration": 225, "gamma": 22.5}
{"beta": 90, "tz": 0, "actin_num": 2, "tx": -90.0, "ty": 0, "defocus": 3.2935551610286007, "alpha": 90, "iteration": 226, "gamma": 45.0}
{"beta": 90, "tz": 0, "actin_num": 2, "tx": -90.0, "ty": 0, "defocus": 3.8905842390966554, "alpha": 90, "iteration": 227, "gamma": 67.5}
{"beta": 90, "tz": 0, "actin_num": 2, "tx": -90.0, "ty": 0, "defocus": 2.6206136223864256, "alpha": 90, "iteration": 228, "gamma": 90.0}
{"beta": 90, "tz": 0, "actin_num": 2, "tx": -90.0, "ty": 0, "defocus": 3.1348449683949307, "alpha": 90, "iteration": 229, "gamma": 112.5}
{"beta": 90, "tz": 0, "actin_num": 2, "tx": -90.0, "ty": 0, "defocus": 2.955549721883517, "alpha": 90, "iteration": 230, "gamma": 135.0}
{"beta": 90, "tz": 0, "actin_num": 2, "tx": -90.0, "ty": 0, "defocus": 2.886615933584432, "alpha": 90, "iteration": 231, "gamma": 157.5}
{"beta": 90, "tz": 0, "actin_num": 2, "tx": -90.0, "ty": 0, "defocus": 3.1049890126975503, "alpha": 90, "iteration": 232, "gamma": 180.0}
{"beta": 90, "tz": 0, "actin_num": 2, "tx": -90.0, "ty": 0, "defocus": 3.5408439266222977, "alpha": 90, "iteration": 233, "gamma": 202.5}
{"beta": 90, "tz": 0, "actin_num": 2, "tx": -90.0, "ty": 0, "defocus": 1.8710620520758594, "alpha": 90, "iteration": 234, "gamma": 225.0}
{"beta": 90, "tz": 0, "actin_num": 2, "tx": -90.0, "ty": 0, "defocus": 1.9402984471992528, "alpha": 90, "iteration": 235, "gamma": 247.5}
{"beta": 90, "tz": 0, "actin_num": 2, "tx": -90.0, "ty": 0, "defocus": 3.8124480065055883, "alpha": 90, "iteration": 236, "gamma": 270.0}
{"beta": 90, "tz": 0, "actin_num": 2, "tx": -90.0, "ty": 0, "defocus": 2.4545234576625097, "alpha": 90, "iteration": 237, "gamma": 292.5}
{"beta": 90, "tz": 0, "actin_num": 2, "tx": -90.0, "ty": 0, "defocus": 3.464419118187824, "alpha": 90, "iteration": 238, "gamma": 315.0}
{"beta": 90, "tz": 0, "actin_num": 2, "tx": -90.0, "ty": 0, "defocus": 2.0162457395391167, "alpha": 90, "iteration": 239, "gamma": 337.5}
{"beta": 90, "tz": 0, "actin_num": 2, "tx": -60.0, "ty": 0, "defocus": 2.2202270216258477, "alpha": 90, "iteration": 240, "gamma": 0.0}
{"beta": 90, "tz": 0, "actin_num": 2, "tx": -60.0, "ty": 0, "defocus": 2.3763956014776157, "alpha": 90, "iteration": 241, "gamma": 22.5}
{"beta": 90, "tz": 0, "actin_num": 2, "tx": -60.0, "ty": 0, "defocus": 2.0106858889801837, "alpha": 90, "iteration": 242, "gamma": 45.0}
{"beta": 90, "tz": 0, "actin_num": 2, "tx": -60.0, "ty": 0, "defocus": 2.15716417933895, "alpha": 90, "iteration": 243, "gamma": 67.5}
{"beta": 90, "tz": 0, "actin_num": 2, "tx": -60.0, "ty": 0, "defocus": 3.17467366078895, "alpha": 90, "iteration": 244, "gamma": 90.0}
{"beta": 90, "tz": 0, "actin_num": 2, "tx": -60.0, "ty": 0, "defocus": 3.9816366562615197, "alpha": 90, "iteration": 245, "gamma": 112.5}
{"beta": 90, "tz": 0, "actin_num": 2, "tx": -60.0, "ty": 0, "defocus": 2.802509533890359, "alpha": 90, "iteration": 246, "gamma": 135.0}
{"beta": 90, "tz": 0, "actin_num": 2, "tx": -60.0, "ty": 0, "defocus": 3.996305808685542, "alpha": 90, "iteration": 247, "gamma": 157.5}
{"beta": 90, "tz": 0, "actin_num": 2, "tx": -60.0, "ty": 0, "defocus": 3.1678954811627156, "alpha": 90, "iteration": 248, "gamma": 180.0}
{"beta": 90, "tz": 0, "actin_num": 2, "tx": -60.0, "ty": 0, "defocus": 1.7824079497993792, "alpha": 90, "iteration": 249, "gamma": 202.5}
{"beta": 90, "tz": 0, "actin_num": 2, "tx": -60.0, "ty": 0, "defocus": 2.450753286312224, "alpha": 90, "iteration": 250, "gamma": 225.0}
{"beta": 90, "tz": 0, "actin_num": 2, "tx": -60.0, "ty": 0, "defocus": 2.448282026034893, "alpha": 90, "iteration": 251, "gamma": 247.5}
{"beta": 90, "tz": 0, "actin_num": 2, "tx": -60.0, "ty": 0, "defocus": 2.6392963902663906, "alpha": 90, "iteration": 252, "gamma": 270.0}
{"beta": 90, "tz": 0, "actin_num": 2, "tx": -60.0, "ty": 0, "defocus": 1.7078295649654285, "alpha": 90, "iteration": 253, "gamma": 292.5}
{"beta": 90, "tz": 0, "actin_num": 2, "tx": -60.0, "ty": 0, "defocus": 2.1147071634211447, "alpha": 90, "iteration": 254, "gamma": 315.0}
{"beta": 90, "tz": 0, "actin_num": 2, "tx": -60.0, "ty": 0, "defocus": 2.6796949395956027, "alpha": 90, "iteration": 255, "gamma": 337.5}
{"beta": 90, "tz": 0, "actin_num": 2, "tx": -30.0, "ty": 0, "defocus": 3.4874909947891766, "alpha": 90, "iteration": 256, "gamma": 0.0}
{"beta": 90, "tz": 0, "actin_num": 2, "tx": -30.0, "ty": 0, "defocus": 2.5653086484531524, "alpha": 90, "iteration": 257, "gamma": 22.5}
{"beta": 90, "tz": 0, "actin_num": 2, "tx": -30.0, "ty": 0, "defocus": 3.143377008620658, "alpha": 90, "iteration": 258, "gamma": 45.0}
{"beta": 90, "tz": 0, "actin_num": 2, "tx": -30.0, "ty": 0, "defocus": 3.508915410786786, "alpha": 90, "iteration": 259, "gamma": 67.5}
{"beta": 90, "tz": 0, "actin_num": 2, "tx": -30.0, "ty": 0, "defocus": 3.3751628950098946, "alpha": 90, "iteration": 260, "gamma": 90.0}
{"beta": 90, "tz": 0, "actin_num": 2, "tx": -30.0, "ty": 0, "defocus": 2.82157159150124, "alpha": 90, "iteration": 261, "gamma": 112.5}
{"beta": 90, "tz": 0, "actin_num": 2, "tx": -30.0, "ty": 0, "defocus": 1.6405203607524494, "alpha": 90, "iteration": 262, "gamma": 135.0}
{"beta": 90, "tz": 0, "actin_num": 2, "tx": -30.0, "ty": 0, "defocus": 1.7987359509170047, "alpha": 90, "iteration": 263, "gamma": 157.5}
{"beta": 90, "tz": 0, "actin_num": 2, "tx": -30.0, "ty": 0, "defocus": 3.2582908525319514, "alpha": 90, "iteration": 264, "gamma": 180.0}
{"beta": 90, "tz": 0, "actin_num": 2, "tx": -30.0, "ty": 0, "defocus": 2.1734026989339936, "alpha": 90, "iteration": 265, "gamma": 202.5}
{"beta": 90, "tz": 0, "actin_num": 2, "tx": -30.0, "ty": 0, "defocus": 2.5236448333447674, "alpha": 90, "iteration": 266, "gamma": 225.0}
{"beta": 90, "tz": 0, "actin_num": 2, "tx": -30.0, "ty": 0, "defocus": 1.8945726295859417, "alpha": 90, "iteration": 267, "gamma": 247.5}
{"beta": 90, "tz": 0, "actin_num": 2, "tx": -30.0, "ty": 0, "defocus": 2.8808330031252964, "alpha": 90, "iteration": 268, "gamma": 270.0}
{"beta": 90, "tz": 0, "actin_num": 2, "tx": -30.0, "ty": 0, "defocus": 2.7329994274777514, "alpha": 90, "iteration": 269, "gamma": 292.5}
{"beta": 90, "tz": 0, "actin_num": 2, "tx": -30.0, "ty": 0, "defocus": 1.8320329678910614, "alpha": 90, "iteration": 270, "gamma": 315.0}
{"beta": 90, "tz": 0, "actin_num": 2, "tx": -30.0, "ty": 0, "defocus": 2.7238735635140463, "alpha": 90, "iteration": 271, "gamma": 337.5}
{"beta": 90, "tz": 0, "actin_num": 2, "tx": 0.0, "ty": 0, "defocus": 3.7813207048952675, "alpha": 90, "iteration": 272, "gamma": 0.0}
{"beta": 90, "tz": 0, "actin_num": 2, "tx": 0.0, "ty": 0, "defocus": 2.4217633503092557, "alpha": 90, "iteration": 273, "gamma": 22.5}
{"beta": 90, "tz": 0, "actin_num": 2, "tx": 0.0, "ty": 0, "defocus": 3.00116805422497, "alpha": 90, "iteration": 274, "gamma": 45.0}
{"beta": 90, "tz": 0, "actin_num": 2, "tx": 0.0, "ty": 0, "defocus": 1.805740566323799, "alpha": 90, "iteration": 275, "gamma": 67.5}
{"beta": 90, "tz": 0, "actin_num": 2, "tx": 0.0, "ty": 0, "defocus": 2.9747070610162036, "alpha": 90, "iteration": 276, "gamma": 90.0}
{"beta": 90, "tz": 0, "actin_num": 2, "tx": 0.0, "ty": 0, "defocus": 2.0777379609064024, "alpha": 90, "iteration": 277, "gamma": 112.5}
{"beta": 90, "tz": 0, "actin_num": 2, "tx": 0.0, "ty": 0, "defocus": 3.3267574363094665, "alpha": 90, "iteration": 278, "gamma": 135.0}
{"beta": 90, "tz": 0, "actin_num": 2, "tx": 0.0, "ty": 0, "defocus": 2.470979967350718, "alpha": 90, "iteration": 279, "gamma": 157.5}
{"beta": 90, "tz": 0, "actin_num": 2, "tx": 0.0, "ty": 0, "defocus": 3.5886199811790784, "alpha": 90, "iteration": 280, "gamma": 180.0}
{"beta": 90, "tz": 0, "actin_num": 2, "tx": 0.0, "ty": 0, "defocus": 3.620325677590316, "alpha": 90, "iteration": 281, "gamma": 202.5}
{"beta": 90, "tz": 0, "actin_num": 2, "tx": 0.0, "ty": 0,