{"beta": 90, "tz": 0, "actin_num": 14, "tx": -90.0, "ty": 0, "defocus": 3.5779560395329937, "alpha": 90, "iteration": 1568, "gamma": 0.0}
{"beta": 90, "tz": 0, "actin_num": 14, "tx": -90.0, "ty": 0, "defocus": 2.838474834991495, "alpha": 90, "iteration": 1569, "gamma": 22.5}
{"beta": 90, "tz": 0, "actin_num": 14, "tx": -90.0, "ty": 0, "defocus": 2.0361459639394672, "alpha": 90, "iteration": 1570, "gamma": 45.0}
{"beta": 90, "tz": 0, "actin_num": 14, "tx": -90.0, "ty": 0, "defocus": 3.1929643053527896, "alpha": 90, "iteration": 1571, "gamma": 67.5}
{"beta": 90, "tz": 0, "actin_num": 14, "tx": -90.0, "ty": 0, "defocus": 2.525335958452803, "alpha": 90, "iteration": 1572, "gamma": 90.0}
{"beta": 90, "tz": 0, "actin_num": 14, "tx": -90.0, "ty": 0, "defocus": 2.739793178955538, "alpha": 90, "iteration": 1573, "gamma": 112.5}
{"beta": 90, "tz": 0, "actin_num": 14, "tx": -90.0, "ty": 0, "defocus": 2.9848027067301226, "alpha": 90, "iteration": 1574, "gamma": 135.0}
{"beta": 90, "tz": 0, "actin_num": 14, "tx": -90.0, "ty": 0, "defocus": 3.6054615745501906, "alpha": 90, "iteration": 1575, "gamma": 157.5}
{"beta": 90, "tz": 0, "actin_num": 14, "tx": -90.0, "ty": 0, "defocus": 2.0501747792258453, "alpha": 90, "iteration": 1576, "gamma": 180.0}
{"beta": 90, "tz": 0, "actin_num": 14, "tx": -90.0, "ty": 0, "defocus": 1.99223513749853, "alpha": 90, "iteration": 1577, "gamma": 202.5}
{"beta": 90, "tz": 0, "actin_num": 14, "tx": -90.0, "ty": 0, "defocus": 3.8128962129651325, "alpha": 90, "iteration": 1578, "gamma": 225.0}
{"beta": 90, "tz": 0, "actin_num": 14, "tx": -90.0, "ty": 0, "defocus": 2.937513663587451, "alpha": 90, "iteration": 1579, "gamma": 247.5}
{"beta": 90, "tz": 0, "actin_num": 14, "tx": -90.0, "ty": 0, "defocus": 3.2861058145267936, "alpha": 90, "iteration": 1580, "gamma": 270.0}
{"beta": 90, "tz": 0, "actin_num": 14, "tx": -90.0, "ty": 0, "defocus": 1.7842672421702213, "alpha": 90, "iteration": 1581, "gamma": 292.5}
{"beta": 90, "tz": 0, "actin_num": 14, "tx": -90.0, "ty": 0, "defocus": 2.3826892044194947, "alpha": 90, "iteration": 1582, "gamma": 315.0}
{"beta": 90, "tz": 0, "actin_num": 14, "tx": -90.0, "ty": 0, "defocus": 2.2619058333446196, "alpha": 90, "iteration": 1583, "gamma": 337.5}
{"beta": 90, "tz": 0, "actin_num": 14, "tx": -60.0, "ty": 0, "defocus": 2.676542221817506, "alpha": 90, "iteration": 1584, "gamma": 0.0}
{"beta": 90, "tz": 0, "actin_num": 14, "tx": -60.0, "ty": 0, "defocus": 3.3151902309831494, "alpha": 90, "iteration": 1585, "gamma": 22.5}
{"beta": 90, "tz": 0, "actin_num": 14, "tx": -60.0, "ty": 0, "defocus": 2.926249951511472, "alpha": 90, "iteration": 1586, "gamma": 45.0}
{"beta": 90, "tz": 0, "actin_num": 14, "tx": -60.0, "ty": 0, "defocus": 3.0709484695089904, "alpha": 90, "iteration": 1587, "gamma": 67.5}
{"beta": 90, "tz": 0, "actin_num": 14, "tx": -60.0, "ty": 0, "defocus": 1.969861601689779, "alpha": 90, "iteration": 1588, "gamma": 90.0}
{"beta": 90, "tz": 0, "actin_num": 14, "tx": -60.0, "ty": 0, "defocus": 2.9062264922286216, "alpha": 90, "iteration": 1589, "gamma": 112.5}
{"beta": 90, "tz": 0, "actin_num": 14, "tx": -60.0, "ty": 0, "defocus": 2.5627832971917037, "alpha": 90, "iteration": 1590, "gamma": 135.0}
{"beta": 90, "tz": 0, "actin_num": 14, "tx": -60.0, "ty": 0, "defocus": 2.2342616559011264, "alpha": 90, "iteration": 1591, "gamma": 157.5}
{"beta": 90, "tz": 0, "actin_num": 14, "tx": -60.0, "ty": 0, "defocus": 1.9026022739737216, "alpha": 90, "iteration": 1592, "gamma": 180.0}
{"beta": 90, "tz": 0, "actin_num": 14, "tx": -60.0, "ty": 0, "defocus": 2.2852970190998674, "alpha": 90, "iteration": 1593, "gamma": 202.5}
{"beta": 90, "tz": 0, "actin_num": 14, "tx": -60.0, "ty": 0, "defocus": 2.4889157027559348, "alpha": 90, "iteration": 1594, "gamma": 225.0}
{"beta": 90, "tz": 0, "actin_num": 14, "tx": -60.0, "ty": 0, "defocus": 2.5758174341502342, "alpha": 90, "iteration": 1595, "gamma": 247.5}
{"beta": 90, "tz": 0, "actin_num": 14, "tx": -60.0, "ty": 0, "defocus": 2.936193338317236, "alpha": 90, "iteration": 1596, "gamma": 270.0}
{"beta": 90, "tz": 0, "actin_num": 14, "tx": -60.0, "ty": 0, "defocus": 2.3930701906611436, "alpha": 90, "iteration": 1597, "gamma": 292.5}
{"beta": 90, "tz": 0, "actin_num": 14, "tx": -60.0, "ty": 0, "defocus": 2.445319346070225, "alpha": 90, "iteration": 1598, "gamma": 315.0}
{"beta": 90, "tz": 0, "actin_num": 14, "tx": -60.0, "ty": 0, "defocus": 1.7987075993765365, "alpha": 90, "iteration": 1599, "gamma": 337.5}
{"beta": 90, "tz": 0, "actin_num": 14, "tx": -30.0, "ty": 0, "defocus": 2.3797833044282704, "alpha": 90, "iteration": 1600, "gamma": 0.0}
{"beta": 90, "tz": 0, "actin_num": 14, "tx": -30.0, "ty": 0, "defocus": 1.9852345722549096, "alpha": 90, "iteration": 1601, "gamma": 22.5}
{"beta": 90, "tz": 0, "actin_num": 14, "tx": -30.0, "ty": 0, "defocus": 2.0982012995097126, "alpha": 90, "iteration": 1602, "gamma": 45.0}
{"beta": 90, "tz": 0, "actin_num": 14, "tx": -30.0, "ty": 0, "defocus": 3.6133219419550566, "alpha": 90, "iteration": 1603, "gamma": 67.5}
{"beta": 90, "tz": 0, "actin_num": 14, "tx": -30.0, "ty": 0, "defocus": 3.0164864657035695, "alpha": 90, "iteration": 1604, "gamma": 90.0}
{"beta": 90, "tz": 0, "actin_num": 14, "tx": -30.0, "ty": 0, "defocus": 2.5379217137283945, "alpha": 90, "iteration": 1605, "gamma": 112.5}
{"beta": 90, "tz": 0, "actin_num": 14, "tx": -30.0, "ty": 0, "defocus": 2.7141467801169243, "alpha": 90, "iteration": 1606, "gamma": 135.0}
{"beta": 90, "tz": 0, "actin_num": 14, "tx": -30.0, "ty": 0, "defocus": 1.8049745890751514, "alpha": 90, "iteration": 1607, "gamma": 157.5}
{"beta": 90, "tz": 0, "actin_num": 14, "tx": -30.0, "ty": 0, "defocus": 2.9065251733042237, "alpha": 90, "iteration": 1608, "gamma": 180.0}
{"beta": 90, "tz": 0, "actin_num": 14, "tx": -30.0, "ty": 0, "defocus": 1.910984168799222, "alpha": 90, "iteration": 1609, "gamma": 202.5}
{"beta": 90, "tz": 0, "actin_num": 14, "tx": -30.0, "ty": 0, "defocus": 3.645458569830315, "alpha": 90, "iteration": 1610, "gamma": 225.0}
{"beta": 90, "tz": 0, "actin_num": 14, "tx": -30.0, "ty": 0, "defocus": 2.316186485326247, "alpha": 90, "iteration": 1611, "gamma": 247.5}
{"beta": 90, "tz": 0, "actin_num": 14, "tx": -30.0, "ty": 0, "defocus": 3.707739789383956, "alpha": 90, "iteration": 1612, "gamma": 270.0}
{"beta": 90, "tz": 0, "actin_num": 14, "tx": -30.0, "ty": 0, "defocus": 2.8583837013449207, "alpha": 90, "iteration": 1613, "gamma": 292.5}
{"beta": 90, "tz": 0, "actin_num": 14, "tx": -30.0, "ty": 0, "defocus": 2.3369298682027617, "alpha": 90, "iteration": 1614, "gamma": 315.0}
{"beta": 90, "tz": 0, "actin_num": 14, "tx": -30.0, "ty": 0, "defocus": 3.7065511199223837, "alpha": 90, "iteration": 1615, "gamma": 337.5}
{"beta": 90, "tz": 0, "actin_num": 14, "tx": 0.0, "ty": 0, "defocus": 2.0691416212771854, "alpha": 90, "iteration": 1616, "gamma": 0.0}
{"beta": 90, "tz": 0, "actin_num": 14, "tx": 0.0, "ty": 0, "defocus": 1.7435712541580246, "alpha": 90, "iteration": 1617, "gamma": 22.5}
{"beta": 90, "tz": 0, "actin_num": 14, "tx": 0.0, "ty": 0, "defocus": 2.803803367532687, "alpha": 90, "iteration": 1618, "gamma": 45.0}
{"beta": 90, "tz": 0, "actin_num": 14, "tx": 0.0, "ty": 0, "defocus": 3.542947331171616, "alpha": 90, "iteration": 1619, "gamma": 67.5}
{"beta": 90, "tz": 0, "actin_num": 14, "tx": 0.0, "ty": 0, "defocus": 2.1961695464833086, "alpha": 90, "iteration": 1620, "gamma": 90.0}
{"beta": 90, "tz": 0, "actin_num": 14, "tx": 0.0, "ty": 0, "defocus": 2.672661572948459, "alpha": 90, "iteration": 1621, "gamma": 112.5}
{"beta": 90, "tz": 0, "actin_num": 14, "tx": 0.0, "ty": 0, "defocus": 3.239698895530303, "alpha": 90, "iteration": 1622, "gamma": 135.0}
{"beta": 90, "tz": 0, "actin_num": 14, "tx": 0.0, "ty": 0, "defocus": 3.2095409789749785, "alpha": 90, "iteration": 1623, "gamma": 157.5}
{"beta": 90, "tz": 0, "actin_num": 14, "tx": 0.0, "ty": 0, "defocus": 1.6048840482094318, "alpha": 90, "iteration": 1624, "gamma": 180.0}
{"beta": 90, "tz": 0, "actin_num": 14, "tx": 0.0, "ty": 0,