{"beta": 90, "tz": 0, "actin_num": 1, "tx": -90.0, "ty": 0, "defocus": 2.2376798366208135, "alpha": 90, "iteration": 112, "gamma": 0.0}
{"beta": 90, "tz": 0, "actin_num": 1, "tx": -90.0, "ty": 0, "defocus": 2.5869420848798157, "alpha": 90, "iteration": 113, "gamma": 22.5}
{"beta": 90, "tz": 0, "actin_num": 1, "tx": -90.0, "ty": 0, "defocus": 2.1236382566611773, "alpha": 90, "iteration": 114, "gamma": 45.0}
{"beta": 90, "tz": 0, "actin_num": 1, "tx": -90.0, "ty": 0, "defocus": 3.715871163404812, "alpha": 90, "iteration": 115, "gamma": 67.5}
{"beta": 90, "tz": 0, "actin_num": 1, "tx": -90.0, "ty": 0, "defocus": 2.979394698531557, "alpha": 90, "iteration": 116, "gamma": 90.0}
{"beta": 90, "tz": 0, "actin_num": 1, "tx": -90.0, "ty": 0, "defocus": 2.3471903188679377, "alpha": 90, "iteration": 117, "gamma": 112.5}
{"beta": 90, "tz": 0, "actin_num": 1, "tx": -90.0, "ty": 0, "defocus": 1.6092741311425691, "alpha": 90, "iteration": 118, "gamma": 135.0}
{"beta": 90, "tz": 0, "actin_num": 1, "tx": -90.0, "ty": 0, "defocus": 2.794952358785543, "alpha": 90, "iteration": 119, "gamma": 157.5}
{"beta": 90, "tz": 0, "actin_num": 1, "tx": -90.0, "ty": 0, "defocus": 2.4144982417594916, "alpha": 90, "iteration": 120, "gamma": 180.0}
{"beta": 90, "tz": 0, "actin_num": 1, "tx": -90.0, "ty": 0, "defocus": 3.2411063252210326, "alpha": 90, "iteration": 121, "gamma": 202.5}
{"beta": 90, "tz": 0, "actin_num": 1, "tx": -90.0, "ty": 0, "defocus": 2.3076336712555827, "alpha": 90, "iteration": 122, "gamma": 225.0}
{"beta": 90, "tz": 0, "actin_num": 1, "tx": -90.0, "ty": 0, "defocus": 2.5658458056403655, "alpha": 90, "iteration": 123, "gamma": 247.5}
{"beta": 90, "tz": 0, "actin_num": 1, "tx": -90.0, "ty": 0, "defocus": 3.917588914405862, "alpha": 90, "iteration": 124, "gamma": 270.0}
{"beta": 90, "tz": 0, "actin_num": 1, "tx": -90.0, "ty": 0, "defocus": 2.2869003368743277, "alpha": 90, "iteration": 125, "gamma": 292.5}
{"beta": 90, "tz": 0, "actin_num": 1, "tx": -90.0, "ty": 0, "defocus": 1.8715760754591961, "alpha": 90, "iteration": 126, "gamma": 315.0}
{"beta": 90, "tz": 0, "actin_num": 1, "tx": -90.0, "ty": 0, "defocus": 2.205532575492416, "alpha": 90, "iteration": 127, "gamma": 337.5}
{"beta": 90, "tz": 0, "actin_num": 1, "tx": -60.0, "ty": 0, "defocus": 2.1657091424313233, "alpha": 90, "iteration": 128, "gamma": 0.0}
{"beta": 90, "tz": 0, "actin_num": 1, "tx": -60.0, "ty": 0, "defocus": 3.375521655284322, "alpha": 90, "iteration": 129, "gamma": 22.5}
{"beta": 90, "tz": 0, "actin_num": 1, "tx": -60.0, "ty": 0, "defocus": 1.9994597649127919, "alpha": 90, "iteration": 130, "gamma": 45.0}
{"beta": 90, "tz": 0, "actin_num": 1, "tx": -60.0, "ty": 0, "defocus": 1.7732518596494635, "alpha": 90, "iteration": 131, "gamma": 67.5}
{"beta": 90, "tz": 0, "actin_num": 1, "tx": -60.0, "ty": 0, "defocus": 3.20114974620213, "alpha": 90, "iteration": 132, "gamma": 90.0}
{"beta": 90, "tz": 0, "actin_num": 1, "tx": -60.0, "ty": 0, "defocus": 2.52194778244612, "alpha": 90, "iteration": 133, "gamma": 112.5}
{"beta": 90, "tz": 0, "actin_num": 1, "tx": -60.0, "ty": 0, "defocus": 3.678800576038401, "alpha": 90, "iteration": 134, "gamma": 135.0}
{"beta": 90, "tz": 0, "actin_num": 1, "tx": -60.0, "ty": 0, "defocus": 1.999831366247118, "alpha": 90, "iteration": 135, "gamma": 157.5}
{"beta": 90, "tz": 0, "actin_num": 1, "tx": -60.0, "ty": 0, "defocus": 3.060595933476475, "alpha": 90, "iteration": 136, "gamma": 180.0}
{"beta": 90, "tz": 0, "actin_num": 1, "tx": -60.0, "ty": 0, "defocus": 1.7436748753186404, "alpha": 90, "iteration": 137, "gamma": 202.5}
{"beta": 90, "tz": 0, "actin_num": 1, "tx": -60.0, "ty": 0, "defocus": 3.335761346895276, "alpha": 90, "iteration": 138, "gamma": 225.0}
{"beta": 90, "tz": 0, "actin_num": 1, "tx": -60.0, "ty": 0, "defocus": 3.4820040372239838, "alpha": 90, "iteration": 139, "gamma": 247.5}
{"beta": 90, "tz": 0, "actin_num": 1, "tx": -60.0, "ty": 0, "defocus": 3.6160357715281988, "alpha": 90, "iteration": 140, "gamma": 270.0}
{"beta": 90, "tz": 0, "actin_num": 1, "tx": -60.0, "ty": 0, "defocus": 1.6753135719596495, "alpha": 90, "iteration": 141, "gamma": 292.5}
{"beta": 90, "tz": 0, "actin_num": 1, "tx": -60.0, "ty": 0, "defocus": 2.7827006387360607, "alpha": 90, "iteration": 142, "gamma": 315.0}
{"beta": 90, "tz": 0, "actin_num": 1, "tx": -60.0, "ty": 0, "defocus": 2.489777722264005, "alpha": 90, "iteration": 143, "gamma": 337.5}
{"beta": 90, "tz": 0, "actin_num": 1, "tx": -30.0, "ty": 0, "defocus": 3.816008567546188, "alpha": 90, "iteration": 144, "gamma": 0.0}
{"beta": 90, "tz": 0, "actin_num": 1, "tx": -30.0, "ty": 0, "defocus": 2.3905878726165204, "alpha": 90, "iteration": 145, "gamma": 22.5}
{"beta": 90, "tz": 0, "actin_num": 1, "tx": -30.0, "ty": 0, "defocus": 1.9965694600108725, "alpha": 90, "iteration": 146, "gamma": 45.0}
{"beta": 90, "tz": 0, "actin_num": 1, "tx": -30.0, "ty": 0, "defocus": 3.770372374913131, "alpha": 90, "iteration": 147, "gamma": 67.5}
{"beta": 90, "tz": 0, "actin_num": 1, "tx": -30.0, "ty": 0, "defocus": 3.192126096308437, "alpha": 90, "iteration": 148, "gamma": 90.0}
{"beta": 90, "tz": 0, "actin_num": 1, "tx": -30.0, "ty": 0, "defocus": 2.963648297447244, "alpha": 90, "iteration": 149, "gamma": 112.5}
{"beta": 90, "tz": 0, "actin_num": 1, "tx": -30.0, "ty": 0, "defocus": 3.316587062068061, "alpha": 90, "iteration": 150, "gamma": 135.0}
{"beta": 90, "tz": 0, "actin_num": 1, "tx": -30.0, "ty": 0, "defocus": 3.7045926370697524, "alpha": 90, "iteration": 151, "gamma": 157.5}
{"beta": 90, "tz": 0, "actin_num": 1, "tx": -30.0, "ty": 0, "defocus": 1.7408321496252275, "alpha": 90, "iteration": 152, "gamma": 180.0}
{"beta": 90, "tz": 0, "actin_num": 1, "tx": -30.0, "ty": 0, "defocus": 2.8144606239745844, "alpha": 90, "iteration": 153, "gamma": 202.5}
{"beta": 90, "tz": 0, "actin_num": 1, "tx": -30.0, "ty": 0, "defocus": 3.7869152110455784, "alpha": 90, "iteration": 154, "gamma": 225.0}
{"beta": 90, "tz": 0, "actin_num": 1, "tx": -30.0, "ty": 0, "defocus": 2.833890318150819, "alpha": 90, "iteration": 155, "gamma": 247.5}
{"beta": 90, "tz": 0, "actin_num": 1, "tx": -30.0, "ty": 0, "defocus": 3.97345864719417, "alpha": 90, "iteration": 156, "gamma": 270.0}
{"beta": 90, "tz": 0, "actin_num": 1, "tx": -30.0, "ty": 0, "defocus": 3.772593168330824, "alpha": 90, "iteration": 157, "gamma": 292.5}
{"beta": 90, "tz": 0, "actin_num": 1, "tx": -30.0, "ty": 0, "defocus": 3.7326724682041066, "alpha": 90, "iteration": 158, "gamma": 315.0}
{"beta": 90, "tz": 0, "actin_num": 1, "tx": -30.0, "ty": 0, "defocus": 2.1526597643461716, "alpha": 90, "iteration": 159, "gamma": 337.5}
{"beta": 90, "tz": 0, "actin_num": 1, "tx": 0.0, "ty": 0, "defocus": 3.1227014488629736, "alpha": 90, "iteration": 160, "gamma": 0.0}
{"beta": 90, "tz": 0, "actin_num": 1, "tx": 0.0, "ty": 0, "defocus": 3.4794370449088303, "alpha": 90, "iteration": 161, "gamma": 22.5}
{"beta": 90, "tz": 0, "actin_num": 1, "tx": 0.0, "ty": 0, "defocus": 3.541481869145158, "alpha": 90, "iteration": 162, "gamma": 45.0}
{"beta": 90, "tz": 0, "actin_num": 1, "tx": 0.0, "ty": 0, "defocus": 3.0445822775936104, "alpha": 90, "iteration": 163, "gamma": 67.5}
{"beta": 90, "tz": 0, "actin_num": 1, "tx": 0.0, "ty": 0, "defocus": 2.5419805836173577, "alpha": 90, "iteration": 164, "gamma": 90.0}
{"beta": 90, "tz": 0, "actin_num": 1, "tx": 0.0, "ty": 0, "defocus": 2.639962704858709, "alpha": 90, "iteration": 165, "gamma": 112.5}
{"beta": 90, "tz": 0, "actin_num": 1, "tx": 0.0, "ty": 0, "defocus": 2.059737368781234, "alpha": 90, "iteration": 166, "gamma": 135.0}
{"beta": 90, "tz": 0, "actin_num": 1, "tx": 0.0, "ty": 0, "defocus": 3.8920480639517336, "alpha": 90, "iteration": 167, "gamma": 157.5}
{"beta": 90, "tz": 0, "actin_num": 1, "tx": 0.0, "ty": 0, "defocus": 3.5813870937278045, "alpha": 90, "iteration": 168, "gamma": 180.0}
{"beta": 90, "tz": 0, "actin_num": 1, "tx": 0.0, "ty": 0, "defocus": 3.7649934303728534, "alpha": 90, "iteration": 169, "gamma": 202.5}
{"beta": 90, "tz": 0, "actin_num": 1, "tx": 0.0, "ty": 0,