{"beta": 90, "tz": 0, "actin_num": 8, "tx": -90.0, "ty": 0, "defocus": 1.9004571360079479, "alpha": 90, "iteration": 896, "gamma": 0.0}
{"beta": 90, "tz": 0, "actin_num": 8, "tx": -90.0, "ty": 0, "defocus": 1.6676703453935071, "alpha": 90, "iteration": 897, "gamma": 22.5}
{"beta": 90, "tz": 0, "actin_num": 8, "tx": -90.0, "ty": 0, "defocus": 2.6449367609371874, "alpha": 90, "iteration": 898, "gamma": 45.0}
{"beta": 90, "tz": 0, "actin_num": 8, "tx": -90.0, "ty": 0, "defocus": 3.9367512583200437, "alpha": 90, "iteration": 899, "gamma": 67.5}
{"beta": 90, "tz": 0, "actin_num": 8, "tx": -90.0, "ty": 0, "defocus": 1.6408311678161087, "alpha": 90, "iteration": 900, "gamma": 90.0}
{"beta": 90, "tz": 0, "actin_num": 8, "tx": -90.0, "ty": 0, "defocus": 2.7416110014347668, "alpha": 90, "iteration": 901, "gamma": 112.5}
{"beta": 90, "tz": 0, "actin_num": 8, "tx": -90.0, "ty": 0, "defocus": 3.6171019392785833, "alpha": 90, "iteration": 902, "gamma": 135.0}
{"beta": 90, "tz": 0, "actin_num": 8, "tx": -90.0, "ty": 0, "defocus": 2.602048435165748, "alpha": 90, "iteration": 903, "gamma": 157.5}
{"beta": 90, "tz": 0, "actin_num": 8, "tx": -90.0, "ty": 0, "defocus": 3.2264691349684256, "alpha": 90, "iteration": 904, "gamma": 180.0}
{"beta": 90, "tz": 0, "actin_num": 8, "tx": -90.0, "ty": 0, "defocus": 1.7502426197220156, "alpha": 90, "iteration": 905, "gamma": 202.5}
{"beta": 90, "tz": 0, "actin_num": 8, "tx": -90.0, "ty": 0, "defocus": 3.8282356247573404, "alpha": 90, "iteration": 906, "gamma": 225.0}
{"beta": 90, "tz": 0, "actin_num": 8, "tx": -90.0, "ty": 0, "defocus": 3.46299271518203, "alpha": 90, "iteration": 907, "gamma": 247.5}
{"beta": 90, "tz": 0, "actin_num": 8, "tx": -90.0, "ty": 0, "defocus": 3.2412998908842887, "alpha": 90, "iteration": 908, "gamma": 270.0}
{"beta": 90, "tz": 0, "actin_num": 8, "tx": -90.0, "ty": 0, "defocus": 1.6131844712473744, "alpha": 90, "iteration": 909, "gamma": 292.5}
{"beta": 90, "tz": 0, "actin_num": 8, "tx": -90.0, "ty": 0, "defocus": 1.820374818943431, "alpha": 90, "iteration": 910, "gamma": 315.0}
{"beta": 90, "tz": 0, "actin_num": 8, "tx": -90.0, "ty": 0, "defocus": 3.1840986315549555, "alpha": 90, "iteration": 911, "gamma": 337.5}
{"beta": 90, "tz": 0, "actin_num": 8, "tx": -60.0, "ty": 0, "defocus": 2.9127953681452876, "alpha": 90, "iteration": 912, "gamma": 0.0}
{"beta": 90, "tz": 0, "actin_num": 8, "tx": -60.0, "ty": 0, "defocus": 1.9997823198994036, "alpha": 90, "iteration": 913, "gamma": 22.5}
{"beta": 90, "tz": 0, "actin_num": 8, "tx": -60.0, "ty": 0, "defocus": 1.6945568567510039, "alpha": 90, "iteration": 914, "gamma": 45.0}
{"beta": 90, "tz": 0, "actin_num": 8, "tx": -60.0, "ty": 0, "defocus": 2.484927952000267, "alpha": 90, "iteration": 915, "gamma": 67.5}
{"beta": 90, "tz": 0, "actin_num": 8, "tx": -60.0, "ty": 0, "defocus": 1.954020823063156, "alpha": 90, "iteration": 916, "gamma": 90.0}
{"beta": 90, "tz": 0, "actin_num": 8, "tx": -60.0, "ty": 0, "defocus": 2.439459865728341, "alpha": 90, "iteration": 917, "gamma": 112.5}
{"beta": 90, "tz": 0, "actin_num": 8, "tx": -60.0, "ty": 0, "defocus": 1.8486369844487538, "alpha": 90, "iteration": 918, "gamma": 135.0}
{"beta": 90, "tz": 0, "actin_num": 8, "tx": -60.0, "ty": 0, "defocus": 2.310369799250664, "alpha": 90, "iteration": 919, "gamma": 157.5}
{"beta": 90, "tz": 0, "actin_num": 8, "tx": -60.0, "ty": 0, "defocus": 3.4327476233194343, "alpha": 90, "iteration": 920, "gamma": 180.0}
{"beta": 90, "tz": 0, "actin_num": 8, "tx": -60.0, "ty": 0, "defocus": 3.2893346964708936, "alpha": 90, "iteration": 921, "gamma": 202.5}
{"beta": 90, "tz": 0, "actin_num": 8, "tx": -60.0, "ty": 0, "defocus": 2.6207273258149595, "alpha": 90, "iteration": 922, "gamma": 225.0}
{"beta": 90, "tz": 0, "actin_num": 8, "tx": -60.0, "ty": 0, "defocus": 1.7904333071333318, "alpha": 90, "iteration": 923, "gamma": 247.5}
{"beta": 90, "tz": 0, "actin_num": 8, "tx": -60.0, "ty": 0, "defocus": 2.5312918031358818, "alpha": 90, "iteration": 924, "gamma": 270.0}
{"beta": 90, "tz": 0, "actin_num": 8, "tx": -60.0, "ty": 0, "defocus": 3.4144874888040473, "alpha": 90, "iteration": 925, "gamma": 292.5}
{"beta": 90, "tz": 0, "actin_num": 8, "tx": -60.0, "ty": 0, "defocus": 3.5695484910722284, "alpha": 90, "iteration": 926, "gamma": 315.0}
{"beta": 90, "tz": 0, "actin_num": 8, "tx": -60.0, "ty": 0, "defocus": 2.4557285912863467, "alpha": 90, "iteration": 927, "gamma": 337.5}
{"beta": 90, "tz": 0, "actin_num": 8, "tx": -30.0, "ty": 0, "defocus": 3.1706404769512133, "alpha": 90, "iteration": 928, "gamma": 0.0}
{"beta": 90, "tz": 0, "actin_num": 8, "tx": -30.0, "ty": 0, "defocus": 1.7553697218779907, "alpha": 90, "iteration": 929, "gamma": 22.5}
{"beta": 90, "tz": 0, "actin_num": 8, "tx": -30.0, "ty": 0, "defocus": 1.861736094045579, "alpha": 90, "iteration": 930, "gamma": 45.0}
{"beta": 90, "tz": 0, "actin_num": 8, "tx": -30.0, "ty": 0, "defocus": 1.8765564013531288, "alpha": 90, "iteration": 931, "gamma": 67.5}
{"beta": 90, "tz": 0, "actin_num": 8, "tx": -30.0, "ty": 0, "defocus": 2.616748675799572, "alpha": 90, "iteration": 932, "gamma": 90.0}
{"beta": 90, "tz": 0, "actin_num": 8, "tx": -30.0, "ty": 0, "defocus": 2.8320480984056893, "alpha": 90, "iteration": 933, "gamma": 112.5}
{"beta": 90, "tz": 0, "actin_num": 8, "tx": -30.0, "ty": 0, "defocus": 2.378410513539527, "alpha": 90, "iteration": 934, "gamma": 135.0}
{"beta": 90, "tz": 0, "actin_num": 8, "tx": -30.0, "ty": 0, "defocus": 2.764522997823853, "alpha": 90, "iteration": 935, "gamma": 157.5}
{"beta": 90, "tz": 0, "actin_num": 8, "tx": -30.0, "ty": 0, "defocus": 3.0337954610489364, "alpha": 90, "iteration": 936, "gamma": 180.0}
{"beta": 90, "tz": 0, "actin_num": 8, "tx": -30.0, "ty": 0, "defocus": 2.106603411135519, "alpha": 90, "iteration": 937, "gamma": 202.5}
{"beta": 90, "tz": 0, "actin_num": 8, "tx": -30.0, "ty": 0, "defocus": 2.3825646455647598, "alpha": 90, "iteration": 938, "gamma": 225.0}
{"beta": 90, "tz": 0, "actin_num": 8, "tx": -30.0, "ty": 0, "defocus": 3.5988729141845166, "alpha": 90, "iteration": 939, "gamma": 247.5}
{"beta": 90, "tz": 0, "actin_num": 8, "tx": -30.0, "ty": 0, "defocus": 3.8769816798669567, "alpha": 90, "iteration": 940, "gamma": 270.0}
{"beta": 90, "tz": 0, "actin_num": 8, "tx": -30.0, "ty": 0, "defocus": 2.412252265323934, "alpha": 90, "iteration": 941, "gamma": 292.5}
{"beta": 90, "tz": 0, "actin_num": 8, "tx": -30.0, "ty": 0, "defocus": 3.4650533432554766, "alpha": 90, "iteration": 942, "gamma": 315.0}
{"beta": 90, "tz": 0, "actin_num": 8, "tx": -30.0, "ty": 0, "defocus": 3.2500206749277387, "alpha": 90, "iteration": 943, "gamma": 337.5}
{"beta": 90, "tz": 0, "actin_num": 8, "tx": 0.0, "ty": 0, "defocus": 3.3461265667761655, "alpha": 90, "iteration": 944, "gamma": 0.0}
{"beta": 90, "tz": 0, "actin_num": 8, "tx": 0.0, "ty": 0, "defocus": 2.828533771782303, "alpha": 90, "iteration": 945, "gamma": 22.5}
{"beta": 90, "tz": 0, "actin_num": 8, "tx": 0.0, "ty": 0, "defocus": 2.6579869425400355, "alpha": 90, "iteration": 946, "gamma": 45.0}
{"beta": 90, "tz": 0, "actin_num": 8, "tx": 0.0, "ty": 0, "defocus": 1.750508199333749, "alpha": 90, "iteration": 947, "gamma": 67.5}
{"beta": 90, "tz": 0, "actin_num": 8, "tx": 0.0, "ty": 0, "defocus": 1.812123753072457, "alpha": 90, "iteration": 948, "gamma": 90.0}
{"beta": 90, "tz": 0, "actin_num": 8, "tx": 0.0, "ty": 0, "defocus": 3.524332234664139, "alpha": 90, "iteration": 949, "gamma": 112.5}
{"beta": 90, "tz": 0, "actin_num": 8, "tx": 0.0, "ty": 0, "defocus": 2.1323056602763417, "alpha": 90, "iteration": 950, "gamma": 135.0}
{"beta": 90, "tz": 0, "actin_num": 8, "tx": 0.0, "ty": 0, "defocus": 1.6231558501208023, "alpha": 90, "iteration": 951, "gamma": 157.5}
{"beta": 90, "tz": 0, "actin_num": 8, "tx": 0.0, "ty": 0, "defocus": 3.9740933348734835, "alpha": 90, "iteration": 952, "gamma": 180.0}
{"beta": 90, "tz": 0, "actin_num": 8, "tx": 0.0, "ty": 0, "defocus": 3.893164468210607, "alpha": 90, "iteration": 953, "gamma": 202.5}
{"beta": 90, "tz": 0, "actin_num": 8, "tx": 0.0, "ty": 0,