{"beta": 90, "tz": 0, "actin_num": 12, "tx": -90.0, "ty": 0, "defocus": 3.2302294745614177, "alpha": 90, "iteration": 1344, "gamma": 0.0}
{"beta": 90, "tz": 0, "actin_num": 12, "tx": -90.0, "ty": 0, "defocus": 2.592052038444158, "alpha": 90, "iteration": 1345, "gamma": 22.5}
{"beta": 90, "tz": 0, "actin_num": 12, "tx": -90.0, "ty": 0, "defocus": 2.6594488395869145, "alpha": 90, "iteration": 1346, "gamma": 45.0}
{"beta": 90, "tz": 0, "actin_num": 12, "tx": -90.0, "ty": 0, "defocus": 2.522864043675662, "alpha": 90, "iteration": 1347, "gamma": 67.5}
{"beta": 90, "tz": 0, "actin_num": 12, "tx": -90.0, "ty": 0, "defocus": 2.4906097974660777, "alpha": 90, "iteration": 1348, "gamma": 90.0}
{"beta": 90, "tz": 0, "actin_num": 12, "tx": -90.0, "ty": 0, "defocus": 2.9206686613725577, "alpha": 90, "iteration": 1349, "gamma": 112.5}
{"beta": 90, "tz": 0, "actin_num": 12, "tx": -90.0, "ty": 0, "defocus": 2.275664092496987, "alpha": 90, "iteration": 1350, "gamma": 135.0}
{"beta": 90, "tz": 0, "actin_num": 12, "tx": -90.0, "ty": 0, "defocus": 2.9391217102501432, "alpha": 90, "iteration": 1351, "gamma": 157.5}
{"beta": 90, "tz": 0, "actin_num": 12, "tx": -90.0, "ty": 0, "defocus": 3.968032281550706, "alpha": 90, "iteration": 1352, "gamma": 180.0}
{"beta": 90, "tz": 0, "actin_num": 12, "tx": -90.0, "ty": 0, "defocus": 2.2840592790220535, "alpha": 90, "iteration": 1353, "gamma": 202.5}
{"beta": 90, "tz": 0, "actin_num": 12, "tx": -90.0, "ty": 0, "defocus": 3.0181792374417684, "alpha": 90, "iteration": 1354, "gamma": 225.0}
{"beta": 90, "tz": 0, "actin_num": 12, "tx": -90.0, "ty": 0, "defocus": 2.9919936163588603, "alpha": 90, "iteration": 1355, "gamma": 247.5}
{"beta": 90, "tz": 0, "actin_num": 12, "tx": -90.0, "ty": 0, "defocus": 2.1833939722320017, "alpha": 90, "iteration": 1356, "gamma": 270.0}
{"beta": 90, "tz": 0, "actin_num": 12, "tx": -90.0, "ty": 0, "defocus": 1.8385600073157593, "alpha": 90, "iteration": 1357, "gamma": 292.5}
{"beta": 90, "tz": 0, "actin_num": 12, "tx": -90.0, "ty": 0, "defocus": 3.3712051309528315, "alpha": 90, "iteration": 1358, "gamma": 315.0}
{"beta": 90, "tz": 0, "actin_num": 12, "tx": -90.0, "ty": 0, "defocus": 3.9408260139760043, "alpha": 90, "iteration": 1359, "gamma": 337.5}
{"beta": 90, "tz": 0, "actin_num": 12, "tx": -60.0, "ty": 0, "defocus": 1.6345720422283267, "alpha": 90, "iteration": 1360, "gamma": 0.0}
{"beta": 90, "tz": 0, "actin_num": 12, "tx": -60.0, "ty": 0, "defocus": 2.8313287951725328, "alpha": 90, "iteration": 1361, "gamma": 22.5}
{"beta": 90, "tz": 0, "actin_num": 12, "tx": -60.0, "ty": 0, "defocus": 3.0301068976106222, "alpha": 90, "iteration": 1362, "gamma": 45.0}
{"beta": 90, "tz": 0, "actin_num": 12, "tx": -60.0, "ty": 0, "defocus": 3.1250112639609515, "alpha": 90, "iteration": 1363, "gamma": 67.5}
{"beta": 90, "tz": 0, "actin_num": 12, "tx": -60.0, "ty": 0, "defocus": 3.4543716625231227, "alpha": 90, "iteration": 1364, "gamma": 90.0}
{"beta": 90, "tz": 0, "actin_num": 12, "tx": -60.0, "ty": 0, "defocus": 3.9586933642021345, "alpha": 90, "iteration": 1365, "gamma": 112.5}
{"beta": 90, "tz": 0, "actin_num": 12, "tx": -60.0, "ty": 0, "defocus": 1.9770890608326712, "alpha": 90, "iteration": 1366, "gamma": 135.0}
{"beta": 90, "tz": 0, "actin_num": 12, "tx": -60.0, "ty": 0, "defocus": 3.6264708928676765, "alpha": 90, "iteration": 1367, "gamma": 157.5}
{"beta": 90, "tz": 0, "actin_num": 12, "tx": -60.0, "ty": 0, "defocus": 3.861481430815577, "alpha": 90, "iteration": 1368, "gamma": 180.0}
{"beta": 90, "tz": 0, "actin_num": 12, "tx": -60.0, "ty": 0, "defocus": 3.4184589527078577, "alpha": 90, "iteration": 1369, "gamma": 202.5}
{"beta": 90, "tz": 0, "actin_num": 12, "tx": -60.0, "ty": 0, "defocus": 3.9666850519186228, "alpha": 90, "iteration": 1370, "gamma": 225.0}
{"beta": 90, "tz": 0, "actin_num": 12, "tx": -60.0, "ty": 0, "defocus": 1.8038598135759578, "alpha": 90, "iteration": 1371, "gamma": 247.5}
{"beta": 90, "tz": 0, "actin_num": 12, "tx": -60.0, "ty": 0, "defocus": 3.9612057484779823, "alpha": 90, "iteration": 1372, "gamma": 270.0}
{"beta": 90, "tz": 0, "actin_num": 12, "tx": -60.0, "ty": 0, "defocus": 1.9925765465699041, "alpha": 90, "iteration": 1373, "gamma": 292.5}
{"beta": 90, "tz": 0, "actin_num": 12, "tx": -60.0, "ty": 0, "defocus": 3.7077085523990867, "alpha": 90, "iteration": 1374, "gamma": 315.0}
{"beta": 90, "tz": 0, "actin_num": 12, "tx": -60.0, "ty": 0, "defocus": 2.1236057949989013, "alpha": 90, "iteration": 1375, "gamma": 337.5}
{"beta": 90, "tz": 0, "actin_num": 12, "tx": -30.0, "ty": 0, "defocus": 3.152967127859236, "alpha": 90, "iteration": 1376, "gamma": 0.0}
{"beta": 90, "tz": 0, "actin_num": 12, "tx": -30.0, "ty": 0, "defocus": 3.002419806869173, "alpha": 90, "iteration": 1377, "gamma": 22.5}
{"beta": 90, "tz": 0, "actin_num": 12, "tx": -30.0, "ty": 0, "defocus": 2.4254302335122784, "alpha": 90, "iteration": 1378, "gamma": 45.0}
{"beta": 90, "tz": 0, "actin_num": 12, "tx": -30.0, "ty": 0, "defocus": 3.016686103197621, "alpha": 90, "iteration": 1379, "gamma": 67.5}
{"beta": 90, "tz": 0, "actin_num": 12, "tx": -30.0, "ty": 0, "defocus": 2.610208612301699, "alpha": 90, "iteration": 1380, "gamma": 90.0}
{"beta": 90, "tz": 0, "actin_num": 12, "tx": -30.0, "ty": 0, "defocus": 1.936668993164719, "alpha": 90, "iteration": 1381, "gamma": 112.5}
{"beta": 90, "tz": 0, "actin_num": 12, "tx": -30.0, "ty": 0, "defocus": 3.394518895636259, "alpha": 90, "iteration": 1382, "gamma": 135.0}
{"beta": 90, "tz": 0, "actin_num": 12, "tx": -30.0, "ty": 0, "defocus": 1.751779360484359, "alpha": 90, "iteration": 1383, "gamma": 157.5}
{"beta": 90, "tz": 0, "actin_num": 12, "tx": -30.0, "ty": 0, "defocus": 2.7057583358382487, "alpha": 90, "iteration": 1384, "gamma": 180.0}
{"beta": 90, "tz": 0, "actin_num": 12, "tx": -30.0, "ty": 0, "defocus": 2.60217696935848, "alpha": 90, "iteration": 1385, "gamma": 202.5}
{"beta": 90, "tz": 0, "actin_num": 12, "tx": -30.0, "ty": 0, "defocus": 3.4926993720754496, "alpha": 90, "iteration": 1386, "gamma": 225.0}
{"beta": 90, "tz": 0, "actin_num": 12, "tx": -30.0, "ty": 0, "defocus": 2.821768776442998, "alpha": 90, "iteration": 1387, "gamma": 247.5}
{"beta": 90, "tz": 0, "actin_num": 12, "tx": -30.0, "ty": 0, "defocus": 2.278038465099674, "alpha": 90, "iteration": 1388, "gamma": 270.0}
{"beta": 90, "tz": 0, "actin_num": 12, "tx": -30.0, "ty": 0, "defocus": 2.549952771168842, "alpha": 90, "iteration": 1389, "gamma": 292.5}
{"beta": 90, "tz": 0, "actin_num": 12, "tx": -30.0, "ty": 0, "defocus": 2.6807157394191874, "alpha": 90, "iteration": 1390, "gamma": 315.0}
{"beta": 90, "tz": 0, "actin_num": 12, "tx": -30.0, "ty": 0, "defocus": 1.9344353028140087, "alpha": 90, "iteration": 1391, "gamma": 337.5}
{"beta": 90, "tz": 0, "actin_num": 12, "tx": 0.0, "ty": 0, "defocus": 3.660274493584089, "alpha": 90, "iteration": 1392, "gamma": 0.0}
{"beta": 90, "tz": 0, "actin_num": 12, "tx": 0.0, "ty": 0, "defocus": 1.75530505564622, "alpha": 90, "iteration": 1393, "gamma": 22.5}
{"beta": 90, "tz": 0, "actin_num": 12, "tx": 0.0, "ty": 0, "defocus": 3.6213953688563194, "alpha": 90, "iteration": 1394, "gamma": 45.0}
{"beta": 90, "tz": 0, "actin_num": 12, "tx": 0.0, "ty": 0, "defocus": 2.5601089862168545, "alpha": 90, "iteration": 1395, "gamma": 67.5}
{"beta": 90, "tz": 0, "actin_num": 12, "tx": 0.0, "ty": 0, "defocus": 3.243940916757391, "alpha": 90, "iteration": 1396, "gamma": 90.0}
{"beta": 90, "tz": 0, "actin_num": 12, "tx": 0.0, "ty": 0, "defocus": 2.2365059113548464, "alpha": 90, "iteration": 1397, "gamma": 112.5}
{"beta": 90, "tz": 0, "actin_num": 12, "tx": 0.0, "ty": 0, "defocus": 3.1691725404796194, "alpha": 90, "iteration": 1398, "gamma": 135.0}
{"beta": 90, "tz": 0, "actin_num": 12, "tx": 0.0, "ty": 0, "defocus": 3.604393107572846, "alpha": 90, "iteration": 1399, "gamma": 157.5}
{"beta": 90, "tz": 0, "actin_num": 12, "tx": 0.0, "ty": 0, "defocus": 2.3392680301166067, "alpha": 90, "iteration": 1400, "gamma": 180.0}
{"beta": 90, "tz": 0, "actin_num": 12, "tx": 0.0, "ty": 0,