{"beta": 90, "tz": 0, "actin_num": 19, "tx": -90.0, "ty": 0, "defocus": 2.108806004288614, "alpha": 90, "iteration": 2128, "gamma": 0.0}
{"beta": 90, "tz": 0, "actin_num": 19, "tx": -90.0, "ty": 0, "defocus": 3.67798952007695, "alpha": 90, "iteration": 2129, "gamma": 22.5}
{"beta": 90, "tz": 0, "actin_num": 19, "tx": -90.0, "ty": 0, "defocus": 2.8499094280213053, "alpha": 90, "iteration": 2130, "gamma": 45.0}
{"beta": 90, "tz": 0, "actin_num": 19, "tx": -90.0, "ty": 0, "defocus": 3.0795488958022306, "alpha": 90, "iteration": 2131, "gamma": 67.5}
{"beta": 90, "tz": 0, "actin_num": 19, "tx": -90.0, "ty": 0, "defocus": 3.4022042909467247, "alpha": 90, "iteration": 2132, "gamma": 90.0}
{"beta": 90, "tz": 0, "actin_num": 19, "tx": -90.0, "ty": 0, "defocus": 3.8778864222820184, "alpha": 90, "iteration": 2133, "gamma": 112.5}
{"beta": 90, "tz": 0, "actin_num": 19, "tx": -90.0, "ty": 0, "defocus": 1.8464150323424495, "alpha": 90, "iteration": 2134, "gamma": 135.0}
{"beta": 90, "tz": 0, "actin_num": 19, "tx": -90.0, "ty": 0, "defocus": 3.329023159338013, "alpha": 90, "iteration": 2135, "gamma": 157.5}
{"beta": 90, "tz": 0, "actin_num": 19, "tx": -90.0, "ty": 0, "defocus": 3.642262443902701, "alpha": 90, "iteration": 2136, "gamma": 180.0}
{"beta": 90, "tz": 0, "actin_num": 19, "tx": -90.0, "ty": 0, "defocus": 3.427421151128027, "alpha": 90, "iteration": 2137, "gamma": 202.5}
{"beta": 90, "tz": 0, "actin_num": 19, "tx": -90.0, "ty": 0, "defocus": 3.8897807590071425, "alpha": 90, "iteration": 2138, "gamma": 225.0}
{"beta": 90, "tz": 0, "actin_num": 19, "tx": -90.0, "ty": 0, "defocus": 3.6737859821651515, "alpha": 90, "iteration": 2139, "gamma": 247.5}
{"beta": 90, "tz": 0, "actin_num": 19, "tx": -90.0, "ty": 0, "defocus": 3.8598537741811985, "alpha": 90, "iteration": 2140, "gamma": 270.0}
{"beta": 90, "tz": 0, "actin_num": 19, "tx": -90.0, "ty": 0, "defocus": 1.7498170490761789, "alpha": 90, "iteration": 2141, "gamma": 292.5}
{"beta": 90, "tz": 0, "actin_num": 19, "tx": -90.0, "ty": 0, "defocus": 3.644091822496955, "alpha": 90, "iteration": 2142, "gamma": 315.0}
{"beta": 90, "tz": 0, "actin_num": 19, "tx": -90.0, "ty": 0, "defocus": 3.6289439207594802, "alpha": 90, "iteration": 2143, "gamma": 337.5}
{"beta": 90, "tz": 0, "actin_num": 19, "tx": -60.0, "ty": 0, "defocus": 2.0921769707526536, "alpha": 90, "iteration": 2144, "gamma": 0.0}
{"beta": 90, "tz": 0, "actin_num": 19, "tx": -60.0, "ty": 0, "defocus": 3.826882051401119, "alpha": 90, "iteration": 2145, "gamma": 22.5}
{"beta": 90, "tz": 0, "actin_num": 19, "tx": -60.0, "ty": 0, "defocus": 3.1758619650909736, "alpha": 90, "iteration": 2146, "gamma": 45.0}
{"beta": 90, "tz": 0, "actin_num": 19, "tx": -60.0, "ty": 0, "defocus": 3.8098382135188866, "alpha": 90, "iteration": 2147, "gamma": 67.5}
{"beta": 90, "tz": 0, "actin_num": 19, "tx": -60.0, "ty": 0, "defocus": 2.7005804914911815, "alpha": 90, "iteration": 2148, "gamma": 90.0}
{"beta": 90, "tz": 0, "actin_num": 19, "tx": -60.0, "ty": 0, "defocus": 2.410578843873301, "alpha": 90, "iteration": 2149, "gamma": 112.5}
{"beta": 90, "tz": 0, "actin_num": 19, "tx": -60.0, "ty": 0, "defocus": 3.451151407418773, "alpha": 90, "iteration": 2150, "gamma": 135.0}
{"beta": 90, "tz": 0, "actin_num": 19, "tx": -60.0, "ty": 0, "defocus": 1.8452526522144053, "alpha": 90, "iteration": 2151, "gamma": 157.5}
{"beta": 90, "tz": 0, "actin_num": 19, "tx": -60.0, "ty": 0, "defocus": 1.7501650601455205, "alpha": 90, "iteration": 2152, "gamma": 180.0}
{"beta": 90, "tz": 0, "actin_num": 19, "tx": -60.0, "ty": 0, "defocus": 1.6688826737798608, "alpha": 90, "iteration": 2153, "gamma": 202.5}
{"beta": 90, "tz": 0, "actin_num": 19, "tx": -60.0, "ty": 0, "defocus": 3.769190690998521, "alpha": 90, "iteration": 2154, "gamma": 225.0}
{"beta": 90, "tz": 0, "actin_num": 19, "tx": -60.0, "ty": 0, "defocus": 3.104105681209891, "alpha": 90, "iteration": 2155, "gamma": 247.5}
{"beta": 90, "tz": 0, "actin_num": 19, "tx": -60.0, "ty": 0, "defocus": 3.539947865552659, "alpha": 90, "iteration": 2156, "gamma": 270.0}
{"beta": 90, "tz": 0, "actin_num": 19, "tx": -60.0, "ty": 0, "defocus": 2.1560460160081494, "alpha": 90, "iteration": 2157, "gamma": 292.5}
{"beta": 90, "tz": 0, "actin_num": 19, "tx": -60.0, "ty": 0, "defocus": 1.7192098034308376, "alpha": 90, "iteration": 2158, "gamma": 315.0}
{"beta": 90, "tz": 0, "actin_num": 19, "tx": -60.0, "ty": 0, "defocus": 3.8822996337321753, "alpha": 90, "iteration": 2159, "gamma": 337.5}
{"beta": 90, "tz": 0, "actin_num": 19, "tx": -30.0, "ty": 0, "defocus": 2.0347918470603097, "alpha": 90, "iteration": 2160, "gamma": 0.0}
{"beta": 90, "tz": 0, "actin_num": 19, "tx": -30.0, "ty": 0, "defocus": 3.9589213808708825, "alpha": 90, "iteration": 2161, "gamma": 22.5}
{"beta": 90, "tz": 0, "actin_num": 19, "tx": -30.0, "ty": 0, "defocus": 3.922175156076508, "alpha": 90, "iteration": 2162, "gamma": 45.0}
{"beta": 90, "tz": 0, "actin_num": 19, "tx": -30.0, "ty": 0, "defocus": 3.812270130038509, "alpha": 90, "iteration": 2163, "gamma": 67.5}
{"beta": 90, "tz": 0, "actin_num": 19, "tx": -30.0, "ty": 0, "defocus": 3.6453178437360774, "alpha": 90, "iteration": 2164, "gamma": 90.0}
{"beta": 90, "tz": 0, "actin_num": 19, "tx": -30.0, "ty": 0, "defocus": 3.2777910645534116, "alpha": 90, "iteration": 2165, "gamma": 112.5}
{"beta": 90, "tz": 0, "actin_num": 19, "tx": -30.0, "ty": 0, "defocus": 3.100292684092941, "alpha": 90, "iteration": 2166, "gamma": 135.0}
{"beta": 90, "tz": 0, "actin_num": 19, "tx": -30.0, "ty": 0, "defocus": 3.001841216476329, "alpha": 90, "iteration": 2167, "gamma": 157.5}
{"beta": 90, "tz": 0, "actin_num": 19, "tx": -30.0, "ty": 0, "defocus": 2.3433948187569773, "alpha": 90, "iteration": 2168, "gamma": 180.0}
{"beta": 90, "tz": 0, "actin_num": 19, "tx": -30.0, "ty": 0, "defocus": 3.582067133612608, "alpha": 90, "iteration": 2169, "gamma": 202.5}
{"beta": 90, "tz": 0, "actin_num": 19, "tx": -30.0, "ty": 0, "defocus": 3.4845476709596728, "alpha": 90, "iteration": 2170, "gamma": 225.0}
{"beta": 90, "tz": 0, "actin_num": 19, "tx": -30.0, "ty": 0, "defocus": 1.8844291472825414, "alpha": 90, "iteration": 2171, "gamma": 247.5}
{"beta": 90, "tz": 0, "actin_num": 19, "tx": -30.0, "ty": 0, "defocus": 3.0339156564836296, "alpha": 90, "iteration": 2172, "gamma": 270.0}
{"beta": 90, "tz": 0, "actin_num": 19, "tx": -30.0, "ty": 0, "defocus": 2.7201529186786697, "alpha": 90, "iteration": 2173, "gamma": 292.5}
{"beta": 90, "tz": 0, "actin_num": 19, "tx": -30.0, "ty": 0, "defocus": 2.4455896100175725, "alpha": 90, "iteration": 2174, "gamma": 315.0}
{"beta": 90, "tz": 0, "actin_num": 19, "tx": -30.0, "ty": 0, "defocus": 3.8665033571916623, "alpha": 90, "iteration": 2175, "gamma": 337.5}
{"beta": 90, "tz": 0, "actin_num": 19, "tx": 0.0, "ty": 0, "defocus": 3.367757988631041, "alpha": 90, "iteration": 2176, "gamma": 0.0}
{"beta": 90, "tz": 0, "actin_num": 19, "tx": 0.0, "ty": 0, "defocus": 1.7097454022334961, "alpha": 90, "iteration": 2177, "gamma": 22.5}
{"beta": 90, "tz": 0, "actin_num": 19, "tx": 0.0, "ty": 0, "defocus": 2.056245372652683, "alpha": 90, "iteration": 2178, "gamma": 45.0}
{"beta": 90, "tz": 0, "actin_num": 19, "tx": 0.0, "ty": 0, "defocus": 3.6670043484545607, "alpha": 90, "iteration": 2179, "gamma": 67.5}
{"beta": 90, "tz": 0, "actin_num": 19, "tx": 0.0, "ty": 0, "defocus": 1.8978049800565766, "alpha": 90, "iteration": 2180, "gamma": 90.0}
{"beta": 90, "tz": 0, "actin_num": 19, "tx": 0.0, "ty": 0, "defocus": 3.1403552651313733, "alpha": 90, "iteration": 2181, "gamma": 112.5}
{"beta": 90, "tz": 0, "actin_num": 19, "tx": 0.0, "ty": 0, "defocus": 1.7716569948852368, "alpha": 90, "iteration": 2182, "gamma": 135.0}
{"beta": 90, "tz": 0, "actin_num": 19, "tx": 0.0, "ty": 0, "defocus": 3.5681058060756685, "alpha": 90, "iteration": 2183, "gamma": 157.5}
{"beta": 90, "tz": 0, "actin_num": 19, "tx": 0.0, "ty": 0, "defocus": 2.6160857515868865, "alpha": 90, "iteration": 2184, "gamma": 180.0}
{"beta": 90, "tz": 0, "actin_num": 19, "tx": 0.0, "ty": 0,