{"beta": 90, "tz": 0, "actin_num": 5, "tx": -90.0, "ty": 0, "defocus": 2.904822906839553, "alpha": 90, "iteration": 560, "gamma": 0.0}
{"beta": 90, "tz": 0, "actin_num": 5, "tx": -90.0, "ty": 0, "defocus": 2.8150634980419538, "alpha": 90, "iteration": 561, "gamma": 22.5}
{"beta": 90, "tz": 0, "actin_num": 5, "tx": -90.0, "ty": 0, "defocus": 2.7326709552387296, "alpha": 90, "iteration": 562, "gamma": 45.0}
{"beta": 90, "tz": 0, "actin_num": 5, "tx": -90.0, "ty": 0, "defocus": 2.1402421751762515, "alpha": 90, "iteration": 563, "gamma": 67.5}
{"beta": 90, "tz": 0, "actin_num": 5, "tx": -90.0, "ty": 0, "defocus": 2.0842153698841863, "alpha": 90, "iteration": 564, "gamma": 90.0}
{"beta": 90, "tz": 0, "actin_num": 5, "tx": -90.0, "ty": 0, "defocus": 3.3642140206359756, "alpha": 90, "iteration": 565, "gamma": 112.5}
{"beta": 90, "tz": 0, "actin_num": 5, "tx": -90.0, "ty": 0, "defocus": 2.6924221356536133, "alpha": 90, "iteration": 566, "gamma": 135.0}
{"beta": 90, "tz": 0, "actin_num": 5, "tx": -90.0, "ty": 0, "defocus": 2.658705286189319, "alpha": 90, "iteration": 567, "gamma": 157.5}
{"beta": 90, "tz": 0, "actin_num": 5, "tx": -90.0, "ty": 0, "defocus": 3.5386124251711895, "alpha": 90, "iteration": 568, "gamma": 180.0}
{"beta": 90, "tz": 0, "actin_num": 5, "tx": -90.0, "ty": 0, "defocus": 2.687531884805061, "alpha": 90, "iteration": 569, "gamma": 202.5}
{"beta": 90, "tz": 0, "actin_num": 5, "tx": -90.0, "ty": 0, "defocus": 2.213299800390079, "alpha": 90, "iteration": 570, "gamma": 225.0}
{"beta": 90, "tz": 0, "actin_num": 5, "tx": -90.0, "ty": 0, "defocus": 1.8751514775185392, "alpha": 90, "iteration": 571, "gamma": 247.5}
{"beta": 90, "tz": 0, "actin_num": 5, "tx": -90.0, "ty": 0, "defocus": 2.6712552823297138, "alpha": 90, "iteration": 572, "gamma": 270.0}
{"beta": 90, "tz": 0, "actin_num": 5, "tx": -90.0, "ty": 0, "defocus": 2.4352305475145104, "alpha": 90, "iteration": 573, "gamma": 292.5}
{"beta": 90, "tz": 0, "actin_num": 5, "tx": -90.0, "ty": 0, "defocus": 3.080263438501529, "alpha": 90, "iteration": 574, "gamma": 315.0}
{"beta": 90, "tz": 0, "actin_num": 5, "tx": -90.0, "ty": 0, "defocus": 2.701180627280036, "alpha": 90, "iteration": 575, "gamma": 337.5}
{"beta": 90, "tz": 0, "actin_num": 5, "tx": -60.0, "ty": 0, "defocus": 2.7926593740933106, "alpha": 90, "iteration": 576, "gamma": 0.0}
{"beta": 90, "tz": 0, "actin_num": 5, "tx": -60.0, "ty": 0, "defocus": 3.0735319060713637, "alpha": 90, "iteration": 577, "gamma": 22.5}
{"beta": 90, "tz": 0, "actin_num": 5, "tx": -60.0, "ty": 0, "defocus": 3.8945501468544297, "alpha": 90, "iteration": 578, "gamma": 45.0}
{"beta": 90, "tz": 0, "actin_num": 5, "tx": -60.0, "ty": 0, "defocus": 3.114489807031563, "alpha": 90, "iteration": 579, "gamma": 67.5}
{"beta": 90, "tz": 0, "actin_num": 5, "tx": -60.0, "ty": 0, "defocus": 2.359806853247552, "alpha": 90, "iteration": 580, "gamma": 90.0}
{"beta": 90, "tz": 0, "actin_num": 5, "tx": -60.0, "ty": 0, "defocus": 2.6695800913353356, "alpha": 90, "iteration": 581, "gamma": 112.5}
{"beta": 90, "tz": 0, "actin_num": 5, "tx": -60.0, "ty": 0, "defocus": 1.8371780969606637, "alpha": 90, "iteration": 582, "gamma": 135.0}
{"beta": 90, "tz": 0, "actin_num": 5, "tx": -60.0, "ty": 0, "defocus": 3.0777977336460838, "alpha": 90, "iteration": 583, "gamma": 157.5}
{"beta": 90, "tz": 0, "actin_num": 5, "tx": -60.0, "ty": 0, "defocus": 3.3624978099679446, "alpha": 90, "iteration": 584, "gamma": 180.0}
{"beta": 90, "tz": 0, "actin_num": 5, "tx": -60.0, "ty": 0, "defocus": 2.122021481019699, "alpha": 90, "iteration": 585, "gamma": 202.5}
{"beta": 90, "tz": 0, "actin_num": 5, "tx": -60.0, "ty": 0, "defocus": 2.531024982369694, "alpha": 90, "iteration": 586, "gamma": 225.0}
{"beta": 90, "tz": 0, "actin_num": 5, "tx": -60.0, "ty": 0, "defocus": 3.4037898246823763, "alpha": 90, "iteration": 587, "gamma": 247.5}
{"beta": 90, "tz": 0, "actin_num": 5, "tx": -60.0, "ty": 0, "defocus": 1.9501396783831637, "alpha": 90, "iteration": 588, "gamma": 270.0}
{"beta": 90, "tz": 0, "actin_num": 5, "tx": -60.0, "ty": 0, "defocus": 3.129135590760531, "alpha": 90, "iteration": 589, "gamma": 292.5}
{"beta": 90, "tz": 0, "actin_num": 5, "tx": -60.0, "ty": 0, "defocus": 1.6532135692820562, "alpha": 90, "iteration": 590, "gamma": 315.0}
{"beta": 90, "tz": 0, "actin_num": 5, "tx": -60.0, "ty": 0, "defocus": 1.614360041168805, "alpha": 90, "iteration": 591, "gamma": 337.5}
{"beta": 90, "tz": 0, "actin_num": 5, "tx": -30.0, "ty": 0, "defocus": 3.7809845605800256, "alpha": 90, "iteration": 592, "gamma": 0.0}
{"beta": 90, "tz": 0, "actin_num": 5, "tx": -30.0, "ty": 0, "defocus": 2.0148408784056526, "alpha": 90, "iteration": 593, "gamma": 22.5}
{"beta": 90, "tz": 0, "actin_num": 5, "tx": -30.0, "ty": 0, "defocus": 1.8483304822559656, "alpha": 90, "iteration": 594, "gamma": 45.0}
{"beta": 90, "tz": 0, "actin_num": 5, "tx": -30.0, "ty": 0, "defocus": 2.6500932003318898, "alpha": 90, "iteration": 595, "gamma": 67.5}
{"beta": 90, "tz": 0, "actin_num": 5, "tx": -30.0, "ty": 0, "defocus": 2.5802078355334053, "alpha": 90, "iteration": 596, "gamma": 90.0}
{"beta": 90, "tz": 0, "actin_num": 5, "tx": -30.0, "ty": 0, "defocus": 3.467761096745485, "alpha": 90, "iteration": 597, "gamma": 112.5}
{"beta": 90, "tz": 0, "actin_num": 5, "tx": -30.0, "ty": 0, "defocus": 3.480023148321414, "alpha": 90, "iteration": 598, "gamma": 135.0}
{"beta": 90, "tz": 0, "actin_num": 5, "tx": -30.0, "ty": 0, "defocus": 1.6204798536542426, "alpha": 90, "iteration": 599, "gamma": 157.5}
{"beta": 90, "tz": 0, "actin_num": 5, "tx": -30.0, "ty": 0, "defocus": 3.6552840397011406, "alpha": 90, "iteration": 600, "gamma": 180.0}
{"beta": 90, "tz": 0, "actin_num": 5, "tx": -30.0, "ty": 0, "defocus": 3.4088851871080896, "alpha": 90, "iteration": 601, "gamma": 202.5}
{"beta": 90, "tz": 0, "actin_num": 5, "tx": -30.0, "ty": 0, "defocus": 3.0659078823789834, "alpha": 90, "iteration": 602, "gamma": 225.0}
{"beta": 90, "tz": 0, "actin_num": 5, "tx": -30.0, "ty": 0, "defocus": 3.3571373646744513, "alpha": 90, "iteration": 603, "gamma": 247.5}
{"beta": 90, "tz": 0, "actin_num": 5, "tx": -30.0, "ty": 0, "defocus": 3.814312862662372, "alpha": 90, "iteration": 604, "gamma": 270.0}
{"beta": 90, "tz": 0, "actin_num": 5, "tx": -30.0, "ty": 0, "defocus": 3.8505049187180735, "alpha": 90, "iteration": 605, "gamma": 292.5}
{"beta": 90, "tz": 0, "actin_num": 5, "tx": -30.0, "ty": 0, "defocus": 2.8680773235882553, "alpha": 90, "iteration": 606, "gamma": 315.0}
{"beta": 90, "tz": 0, "actin_num": 5, "tx": -30.0, "ty": 0, "defocus": 2.381564764459612, "alpha": 90, "iteration": 607, "gamma": 337.5}
{"beta": 90, "tz": 0, "actin_num": 5, "tx": 0.0, "ty": 0, "defocus": 1.7063584395967495, "alpha": 90, "iteration": 608, "gamma": 0.0}
{"beta": 90, "tz": 0, "actin_num": 5, "tx": 0.0, "ty": 0, "defocus": 3.9118912688100687, "alpha": 90, "iteration": 609, "gamma": 22.5}
{"beta": 90, "tz": 0, "actin_num": 5, "tx": 0.0, "ty": 0, "defocus": 2.7298237991847545, "alpha": 90, "iteration": 610, "gamma": 45.0}
{"beta": 90, "tz": 0, "actin_num": 5, "tx": 0.0, "ty": 0, "defocus": 2.351771710380233, "alpha": 90, "iteration": 611, "gamma": 67.5}
{"beta": 90, "tz": 0, "actin_num": 5, "tx": 0.0, "ty": 0, "defocus": 3.3941230495460912, "alpha": 90, "iteration": 612, "gamma": 90.0}
{"beta": 90, "tz": 0, "actin_num": 5, "tx": 0.0, "ty": 0, "defocus": 3.97936386225211, "alpha": 90, "iteration": 613, "gamma": 112.5}
{"beta": 90, "tz": 0, "actin_num": 5, "tx": 0.0, "ty": 0, "defocus": 3.4423961155980396, "alpha": 90, "iteration": 614, "gamma": 135.0}
{"beta": 90, "tz": 0, "actin_num": 5, "tx": 0.0, "ty": 0, "defocus": 2.918514648656104, "alpha": 90, "iteration": 615, "gamma": 157.5}
{"beta": 90, "tz": 0, "actin_num": 5, "tx": 0.0, "ty": 0, "defocus": 2.483532378163031, "alpha": 90, "iteration": 616, "gamma": 180.0}
{"beta": 90, "tz": 0, "actin_num": 5, "tx": 0.0, "ty": 0, "defocus": 3.5235098299806467, "alpha": 90, "iteration": 617, "gamma": 202.5}
{"beta": 90, "tz": 0, "actin_num": 5, "tx": 0.0, "ty": 0,