{"beta": 90, "tz": 0, "actin_num": 13, "tx": -90.0, "ty": 0, "defocus": 2.219913799199796, "alpha": 90, "iteration": 1456, "gamma": 0.0}
{"beta": 90, "tz": 0, "actin_num": 13, "tx": -90.0, "ty": 0, "defocus": 2.5533710491607433, "alpha": 90, "iteration": 1457, "gamma": 22.5}
{"beta": 90, "tz": 0, "actin_num": 13, "tx": -90.0, "ty": 0, "defocus": 2.0639949211876565, "alpha": 90, "iteration": 1458, "gamma": 45.0}
{"beta": 90, "tz": 0, "actin_num": 13, "tx": -90.0, "ty": 0, "defocus": 3.7434947642780956, "alpha": 90, "iteration": 1459, "gamma": 67.5}
{"beta": 90, "tz": 0, "actin_num": 13, "tx": -90.0, "ty": 0, "defocus": 2.5907537685750004, "alpha": 90, "iteration": 1460, "gamma": 90.0}
{"beta": 90, "tz": 0, "actin_num": 13, "tx": -90.0, "ty": 0, "defocus": 3.0288706662097313, "alpha": 90, "iteration": 1461, "gamma": 112.5}
{"beta": 90, "tz": 0, "actin_num": 13, "tx": -90.0, "ty": 0, "defocus": 1.8335184554243038, "alpha": 90, "iteration": 1462, "gamma": 135.0}
{"beta": 90, "tz": 0, "actin_num": 13, "tx": -90.0, "ty": 0, "defocus": 3.524893555856692, "alpha": 90, "iteration": 1463, "gamma": 157.5}
{"beta": 90, "tz": 0, "actin_num": 13, "tx": -90.0, "ty": 0, "defocus": 3.8880177366453457, "alpha": 90, "iteration": 1464, "gamma": 180.0}
{"beta": 90, "tz": 0, "actin_num": 13, "tx": -90.0, "ty": 0, "defocus": 2.2870024668431674, "alpha": 90, "iteration": 1465, "gamma": 202.5}
{"beta": 90, "tz": 0, "actin_num": 13, "tx": -90.0, "ty": 0, "defocus": 1.9623556953210963, "alpha": 90, "iteration": 1466, "gamma": 225.0}
{"beta": 90, "tz": 0, "actin_num": 13, "tx": -90.0, "ty": 0, "defocus": 2.5657942832886462, "alpha": 90, "iteration": 1467, "gamma": 247.5}
{"beta": 90, "tz": 0, "actin_num": 13, "tx": -90.0, "ty": 0, "defocus": 2.043598542376827, "alpha": 90, "iteration": 1468, "gamma": 270.0}
{"beta": 90, "tz": 0, "actin_num": 13, "tx": -90.0, "ty": 0, "defocus": 2.223192212680215, "alpha": 90, "iteration": 1469, "gamma": 292.5}
{"beta": 90, "tz": 0, "actin_num": 13, "tx": -90.0, "ty": 0, "defocus": 2.06034948891011, "alpha": 90, "iteration": 1470, "gamma": 315.0}
{"beta": 90, "tz": 0, "actin_num": 13, "tx": -90.0, "ty": 0, "defocus": 3.9011803672228433, "alpha": 90, "iteration": 1471, "gamma": 337.5}
{"beta": 90, "tz": 0, "actin_num": 13, "tx": -60.0, "ty": 0, "defocus": 3.9968488398493562, "alpha": 90, "iteration": 1472, "gamma": 0.0}
{"beta": 90, "tz": 0, "actin_num": 13, "tx": -60.0, "ty": 0, "defocus": 3.573328140992957, "alpha": 90, "iteration": 1473, "gamma": 22.5}
{"beta": 90, "tz": 0, "actin_num": 13, "tx": -60.0, "ty": 0, "defocus": 2.587374794244072, "alpha": 90, "iteration": 1474, "gamma": 45.0}
{"beta": 90, "tz": 0, "actin_num": 13, "tx": -60.0, "ty": 0, "defocus": 3.4095879611204944, "alpha": 90, "iteration": 1475, "gamma": 67.5}
{"beta": 90, "tz": 0, "actin_num": 13, "tx": -60.0, "ty": 0, "defocus": 1.8928543865931557, "alpha": 90, "iteration": 1476, "gamma": 90.0}
{"beta": 90, "tz": 0, "actin_num": 13, "tx": -60.0, "ty": 0, "defocus": 3.437974854584052, "alpha": 90, "iteration": 1477, "gamma": 112.5}
{"beta": 90, "tz": 0, "actin_num": 13, "tx": -60.0, "ty": 0, "defocus": 1.8037598607816017, "alpha": 90, "iteration": 1478, "gamma": 135.0}
{"beta": 90, "tz": 0, "actin_num": 13, "tx": -60.0, "ty": 0, "defocus": 3.7702402458279893, "alpha": 90, "iteration": 1479, "gamma": 157.5}
{"beta": 90, "tz": 0, "actin_num": 13, "tx": -60.0, "ty": 0, "defocus": 3.6799679834929466, "alpha": 90, "iteration": 1480, "gamma": 180.0}
{"beta": 90, "tz": 0, "actin_num": 13, "tx": -60.0, "ty": 0, "defocus": 3.2214930247538245, "alpha": 90, "iteration": 1481, "gamma": 202.5}
{"beta": 90, "tz": 0, "actin_num": 13, "tx": -60.0, "ty": 0, "defocus": 1.6526775208640785, "alpha": 90, "iteration": 1482, "gamma": 225.0}
{"beta": 90, "tz": 0, "actin_num": 13, "tx": -60.0, "ty": 0, "defocus": 2.0493820166200645, "alpha": 90, "iteration": 1483, "gamma": 247.5}
{"beta": 90, "tz": 0, "actin_num": 13, "tx": -60.0, "ty": 0, "defocus": 2.3511100552664113, "alpha": 90, "iteration": 1484, "gamma": 270.0}
{"beta": 90, "tz": 0, "actin_num": 13, "tx": -60.0, "ty": 0, "defocus": 3.629908685845619, "alpha": 90, "iteration": 1485, "gamma": 292.5}
{"beta": 90, "tz": 0, "actin_num": 13, "tx": -60.0, "ty": 0, "defocus": 2.7768168054470532, "alpha": 90, "iteration": 1486, "gamma": 315.0}
{"beta": 90, "tz": 0, "actin_num": 13, "tx": -60.0, "ty": 0, "defocus": 1.6423309801069683, "alpha": 90, "iteration": 1487, "gamma": 337.5}
{"beta": 90, "tz": 0, "actin_num": 13, "tx": -30.0, "ty": 0, "defocus": 2.6718508009204123, "alpha": 90, "iteration": 1488, "gamma": 0.0}
{"beta": 90, "tz": 0, "actin_num": 13, "tx": -30.0, "ty": 0, "defocus": 3.165692546883265, "alpha": 90, "iteration": 1489, "gamma": 22.5}
{"beta": 90, "tz": 0, "actin_num": 13, "tx": -30.0, "ty": 0, "defocus": 2.035071857696205, "alpha": 90, "iteration": 1490, "gamma": 45.0}
{"beta": 90, "tz": 0, "actin_num": 13, "tx": -30.0, "ty": 0, "defocus": 3.4204551817575926, "alpha": 90, "iteration": 1491, "gamma": 67.5}
{"beta": 90, "tz": 0, "actin_num": 13, "tx": -30.0, "ty": 0, "defocus": 1.7813322883863312, "alpha": 90, "iteration": 1492, "gamma": 90.0}
{"beta": 90, "tz": 0, "actin_num": 13, "tx": -30.0, "ty": 0, "defocus": 2.4623844945697453, "alpha": 90, "iteration": 1493, "gamma": 112.5}
{"beta": 90, "tz": 0, "actin_num": 13, "tx": -30.0, "ty": 0, "defocus": 2.1587000059339876, "alpha": 90, "iteration": 1494, "gamma": 135.0}
{"beta": 90, "tz": 0, "actin_num": 13, "tx": -30.0, "ty": 0, "defocus": 2.3192132048503176, "alpha": 90, "iteration": 1495, "gamma": 157.5}
{"beta": 90, "tz": 0, "actin_num": 13, "tx": -30.0, "ty": 0, "defocus": 3.1545185365331165, "alpha": 90, "iteration": 1496, "gamma": 180.0}
{"beta": 90, "tz": 0, "actin_num": 13, "tx": -30.0, "ty": 0, "defocus": 3.4134118931769697, "alpha": 90, "iteration": 1497, "gamma": 202.5}
{"beta": 90, "tz": 0, "actin_num": 13, "tx": -30.0, "ty": 0, "defocus": 3.8262439373367036, "alpha": 90, "iteration": 1498, "gamma": 225.0}
{"beta": 90, "tz": 0, "actin_num": 13, "tx": -30.0, "ty": 0, "defocus": 3.684785401684644, "alpha": 90, "iteration": 1499, "gamma": 247.5}
{"beta": 90, "tz": 0, "actin_num": 13, "tx": -30.0, "ty": 0, "defocus": 3.261163981825283, "alpha": 90, "iteration": 1500, "gamma": 270.0}
{"beta": 90, "tz": 0, "actin_num": 13, "tx": -30.0, "ty": 0, "defocus": 3.845282966867157, "alpha": 90, "iteration": 1501, "gamma": 292.5}
{"beta": 90, "tz": 0, "actin_num": 13, "tx": -30.0, "ty": 0, "defocus": 2.204444796452369, "alpha": 90, "iteration": 1502, "gamma": 315.0}
{"beta": 90, "tz": 0, "actin_num": 13, "tx": -30.0, "ty": 0, "defocus": 2.8299887408897453, "alpha": 90, "iteration": 1503, "gamma": 337.5}
{"beta": 90, "tz": 0, "actin_num": 13, "tx": 0.0, "ty": 0, "defocus": 2.785456773766578, "alpha": 90, "iteration": 1504, "gamma": 0.0}
{"beta": 90, "tz": 0, "actin_num": 13, "tx": 0.0, "ty": 0, "defocus": 2.755055360134584, "alpha": 90, "iteration": 1505, "gamma": 22.5}
{"beta": 90, "tz": 0, "actin_num": 13, "tx": 0.0, "ty": 0, "defocus": 2.92044814850685, "alpha": 90, "iteration": 1506, "gamma": 45.0}
{"beta": 90, "tz": 0, "actin_num": 13, "tx": 0.0, "ty": 0, "defocus": 2.282896470282972, "alpha": 90, "iteration": 1507, "gamma": 67.5}
{"beta": 90, "tz": 0, "actin_num": 13, "tx": 0.0, "ty": 0, "defocus": 3.9578717479989547, "alpha": 90, "iteration": 1508, "gamma": 90.0}
{"beta": 90, "tz": 0, "actin_num": 13, "tx": 0.0, "ty": 0, "defocus": 2.3910210779509864, "alpha": 90, "iteration": 1509, "gamma": 112.5}
{"beta": 90, "tz": 0, "actin_num": 13, "tx": 0.0, "ty": 0, "defocus": 2.9318877084192323, "alpha": 90, "iteration": 1510, "gamma": 135.0}
{"beta": 90, "tz": 0, "actin_num": 13, "tx": 0.0, "ty": 0, "defocus": 2.2112228891238606, "alpha": 90, "iteration": 1511, "gamma": 157.5}
{"beta": 90, "tz": 0, "actin_num": 13, "tx": 0.0, "ty": 0, "defocus": 3.309827646286407, "alpha": 90, "iteration": 1512, "gamma": 180.0}
{"beta": 90, "tz": 0, "actin_num": 13, "tx": 0.0, "ty": 0,