{"beta": 90, "tz": 0, "actin_num": 15, "tx": -90.0, "ty": 0, "defocus": 2.5940839572627024, "alpha": 90, "iteration": 1680, "gamma": 0.0}
{"beta": 90, "tz": 0, "actin_num": 15, "tx": -90.0, "ty": 0, "defocus": 3.8529887981650686, "alpha": 90, "iteration": 1681, "gamma": 22.5}
{"beta": 90, "tz": 0, "actin_num": 15, "tx": -90.0, "ty": 0, "defocus": 3.1548960584261465, "alpha": 90, "iteration": 1682, "gamma": 45.0}
{"beta": 90, "tz": 0, "actin_num": 15, "tx": -90.0, "ty": 0, "defocus": 3.3965126602651976, "alpha": 90, "iteration": 1683, "gamma": 67.5}
{"beta": 90, "tz": 0, "actin_num": 15, "tx": -90.0, "ty": 0, "defocus": 2.936994376435038, "alpha": 90, "iteration": 1684, "gamma": 90.0}
{"beta": 90, "tz": 0, "actin_num": 15, "tx": -90.0, "ty": 0, "defocus": 3.0607076813051313, "alpha": 90, "iteration": 1685, "gamma": 112.5}
{"beta": 90, "tz": 0, "actin_num": 15, "tx": -90.0, "ty": 0, "defocus": 3.8678563136783937, "alpha": 90, "iteration": 1686, "gamma": 135.0}
{"beta": 90, "tz": 0, "actin_num": 15, "tx": -90.0, "ty": 0, "defocus": 3.9538951756421863, "alpha": 90, "iteration": 1687, "gamma": 157.5}
{"beta": 90, "tz": 0, "actin_num": 15, "tx": -90.0, "ty": 0, "defocus": 2.8882218846886287, "alpha": 90, "iteration": 1688, "gamma": 180.0}
{"beta": 90, "tz": 0, "actin_num": 15, "tx": -90.0, "ty": 0, "defocus": 1.795079891635571, "alpha": 90, "iteration": 1689, "gamma": 202.5}
{"beta": 90, "tz": 0, "actin_num": 15, "tx": -90.0, "ty": 0, "defocus": 3.4059337389135487, "alpha": 90, "iteration": 1690, "gamma": 225.0}
{"beta": 90, "tz": 0, "actin_num": 15, "tx": -90.0, "ty": 0, "defocus": 3.663662340216789, "alpha": 90, "iteration": 1691, "gamma": 247.5}
{"beta": 90, "tz": 0, "actin_num": 15, "tx": -90.0, "ty": 0, "defocus": 3.8491965022364605, "alpha": 90, "iteration": 1692, "gamma": 270.0}
{"beta": 90, "tz": 0, "actin_num": 15, "tx": -90.0, "ty": 0, "defocus": 3.1483997665615266, "alpha": 90, "iteration": 1693, "gamma": 292.5}
{"beta": 90, "tz": 0, "actin_num": 15, "tx": -90.0, "ty": 0, "defocus": 2.598423916545097, "alpha": 90, "iteration": 1694, "gamma": 315.0}
{"beta": 90, "tz": 0, "actin_num": 15, "tx": -90.0, "ty": 0, "defocus": 2.6271603115986473, "alpha": 90, "iteration": 1695, "gamma": 337.5}
{"beta": 90, "tz": 0, "actin_num": 15, "tx": -60.0, "ty": 0, "defocus": 2.151650661460072, "alpha": 90, "iteration": 1696, "gamma": 0.0}
{"beta": 90, "tz": 0, "actin_num": 15, "tx": -60.0, "ty": 0, "defocus": 1.6266884452296502, "alpha": 90, "iteration": 1697, "gamma": 22.5}
{"beta": 90, "tz": 0, "actin_num": 15, "tx": -60.0, "ty": 0, "defocus": 2.18279544852876, "alpha": 90, "iteration": 1698, "gamma": 45.0}
{"beta": 90, "tz": 0, "actin_num": 15, "tx": -60.0, "ty": 0, "defocus": 3.397842114726009, "alpha": 90, "iteration": 1699, "gamma": 67.5}
{"beta": 90, "tz": 0, "actin_num": 15, "tx": -60.0, "ty": 0, "defocus": 3.086639330342871, "alpha": 90, "iteration": 1700, "gamma": 90.0}
{"beta": 90, "tz": 0, "actin_num": 15, "tx": -60.0, "ty": 0, "defocus": 2.0789814167063825, "alpha": 90, "iteration": 1701, "gamma": 112.5}
{"beta": 90, "tz": 0, "actin_num": 15, "tx": -60.0, "ty": 0, "defocus": 2.2758632888904375, "alpha": 90, "iteration": 1702, "gamma": 135.0}
{"beta": 90, "tz": 0, "actin_num": 15, "tx": -60.0, "ty": 0, "defocus": 2.0929426586552515, "alpha": 90, "iteration": 1703, "gamma": 157.5}
{"beta": 90, "tz": 0, "actin_num": 15, "tx": -60.0, "ty": 0, "defocus": 3.6099344736640777, "alpha": 90, "iteration": 1704, "gamma": 180.0}
{"beta": 90, "tz": 0, "actin_num": 15, "tx": -60.0, "ty": 0, "defocus": 2.088937349766973, "alpha": 90, "iteration": 1705, "gamma": 202.5}
{"beta": 90, "tz": 0, "actin_num": 15, "tx": -60.0, "ty": 0, "defocus": 3.5567136795069487, "alpha": 90, "iteration": 1706, "gamma": 225.0}
{"beta": 90, "tz": 0, "actin_num": 15, "tx": -60.0, "ty": 0, "defocus": 2.3187657802227437, "alpha": 90, "iteration": 1707, "gamma": 247.5}
{"beta": 90, "tz": 0, "actin_num": 15, "tx": -60.0, "ty": 0, "defocus": 2.9639517494898935, "alpha": 90, "iteration": 1708, "gamma": 270.0}
{"beta": 90, "tz": 0, "actin_num": 15, "tx": -60.0, "ty": 0, "defocus": 3.4543643616212854, "alpha": 90, "iteration": 1709, "gamma": 292.5}
{"beta": 90, "tz": 0, "actin_num": 15, "tx": -60.0, "ty": 0, "defocus": 3.651796136106716, "alpha": 90, "iteration": 1710, "gamma": 315.0}
{"beta": 90, "tz": 0, "actin_num": 15, "tx": -60.0, "ty": 0, "defocus": 3.5142709905496314, "alpha": 90, "iteration": 1711, "gamma": 337.5}
{"beta": 90, "tz": 0, "actin_num": 15, "tx": -30.0, "ty": 0, "defocus": 2.4112353913549076, "alpha": 90, "iteration": 1712, "gamma": 0.0}
{"beta": 90, "tz": 0, "actin_num": 15, "tx": -30.0, "ty": 0, "defocus": 2.6222082271903515, "alpha": 90, "iteration": 1713, "gamma": 22.5}
{"beta": 90, "tz": 0, "actin_num": 15, "tx": -30.0, "ty": 0, "defocus": 2.809245657243934, "alpha": 90, "iteration": 1714, "gamma": 45.0}
{"beta": 90, "tz": 0, "actin_num": 15, "tx": -30.0, "ty": 0, "defocus": 3.8897829069533056, "alpha": 90, "iteration": 1715, "gamma": 67.5}
{"beta": 90, "tz": 0, "actin_num": 15, "tx": -30.0, "ty": 0, "defocus": 1.8541354577463542, "alpha": 90, "iteration": 1716, "gamma": 90.0}
{"beta": 90, "tz": 0, "actin_num": 15, "tx": -30.0, "ty": 0, "defocus": 2.8698846470121406, "alpha": 90, "iteration": 1717, "gamma": 112.5}
{"beta": 90, "tz": 0, "actin_num": 15, "tx": -30.0, "ty": 0, "defocus": 2.7337892550476823, "alpha": 90, "iteration": 1718, "gamma": 135.0}
{"beta": 90, "tz": 0, "actin_num": 15, "tx": -30.0, "ty": 0, "defocus": 2.1801381781672657, "alpha": 90, "iteration": 1719, "gamma": 157.5}
{"beta": 90, "tz": 0, "actin_num": 15, "tx": -30.0, "ty": 0, "defocus": 3.3136066686467225, "alpha": 90, "iteration": 1720, "gamma": 180.0}
{"beta": 90, "tz": 0, "actin_num": 15, "tx": -30.0, "ty": 0, "defocus": 3.514864176169392, "alpha": 90, "iteration": 1721, "gamma": 202.5}
{"beta": 90, "tz": 0, "actin_num": 15, "tx": -30.0, "ty": 0, "defocus": 3.4118726554950083, "alpha": 90, "iteration": 1722, "gamma": 225.0}
{"beta": 90, "tz": 0, "actin_num": 15, "tx": -30.0, "ty": 0, "defocus": 2.753039543275163, "alpha": 90, "iteration": 1723, "gamma": 247.5}
{"beta": 90, "tz": 0, "actin_num": 15, "tx": -30.0, "ty": 0, "defocus": 2.2831111721523665, "alpha": 90, "iteration": 1724, "gamma": 270.0}
{"beta": 90, "tz": 0, "actin_num": 15, "tx": -30.0, "ty": 0, "defocus": 3.1645656934278206, "alpha": 90, "iteration": 1725, "gamma": 292.5}
{"beta": 90, "tz": 0, "actin_num": 15, "tx": -30.0, "ty": 0, "defocus": 2.44741495888594, "alpha": 90, "iteration": 1726, "gamma": 315.0}
{"beta": 90, "tz": 0, "actin_num": 15, "tx": -30.0, "ty": 0, "defocus": 3.245594621542514, "alpha": 90, "iteration": 1727, "gamma": 337.5}
{"beta": 90, "tz": 0, "actin_num": 15, "tx": 0.0, "ty": 0, "defocus": 3.789864134846224, "alpha": 90, "iteration": 1728, "gamma": 0.0}
{"beta": 90, "tz": 0, "actin_num": 15, "tx": 0.0, "ty": 0, "defocus": 3.338009112644687, "alpha": 90, "iteration": 1729, "gamma": 22.5}
{"beta": 90, "tz": 0, "actin_num": 15, "tx": 0.0, "ty": 0, "defocus": 1.8133040538215464, "alpha": 90, "iteration": 1730, "gamma": 45.0}
{"beta": 90, "tz": 0, "actin_num": 15, "tx": 0.0, "ty": 0, "defocus": 3.564884045067788, "alpha": 90, "iteration": 1731, "gamma": 67.5}
{"beta": 90, "tz": 0, "actin_num": 15, "tx": 0.0, "ty": 0, "defocus": 2.345227409234176, "alpha": 90, "iteration": 1732, "gamma": 90.0}
{"beta": 90, "tz": 0, "actin_num": 15, "tx": 0.0, "ty": 0, "defocus": 3.3767921638265346, "alpha": 90, "iteration": 1733, "gamma": 112.5}
{"beta": 90, "tz": 0, "actin_num": 15, "tx": 0.0, "ty": 0, "defocus": 1.6402380424344327, "alpha": 90, "iteration": 1734, "gamma": 135.0}
{"beta": 90, "tz": 0, "actin_num": 15, "tx": 0.0, "ty": 0, "defocus": 3.1735580382203974, "alpha": 90, "iteration": 1735, "gamma": 157.5}
{"beta": 90, "tz": 0, "actin_num": 15, "tx": 0.0, "ty": 0, "defocus": 3.3717622636754694, "alpha": 90, "iteration": 1736, "gamma": 180.0}
{"beta": 90, "tz": 0, "actin_num": 15, "tx": 0.0, "ty": 0,