{"beta": 90, "tz": 0, "actin_num": 4, "tx": -90.0, "ty": 0, "defocus": 3.3438958005679877, "alpha": 90, "iteration": 448, "gamma": 0.0}
{"beta": 90, "tz": 0, "actin_num": 4, "tx": -90.0, "ty": 0, "defocus": 2.5279915932759973, "alpha": 90, "iteration": 449, "gamma": 22.5}
{"beta": 90, "tz": 0, "actin_num": 4, "tx": -90.0, "ty": 0, "defocus": 2.976267996477941, "alpha": 90, "iteration": 450, "gamma": 45.0}
{"beta": 90, "tz": 0, "actin_num": 4, "tx": -90.0, "ty": 0, "defocus": 2.0673577253397224, "alpha": 90, "iteration": 451, "gamma": 67.5}
{"beta": 90, "tz": 0, "actin_num": 4, "tx": -90.0, "ty": 0, "defocus": 2.627609249471371, "alpha": 90, "iteration": 452, "gamma": 90.0}
{"beta": 90, "tz": 0, "actin_num": 4, "tx": -90.0, "ty": 0, "defocus": 2.6120459798671147, "alpha": 90, "iteration": 453, "gamma": 112.5}
{"beta": 90, "tz": 0, "actin_num": 4, "tx": -90.0, "ty": 0, "defocus": 2.560905299720002, "alpha": 90, "iteration": 454, "gamma": 135.0}
{"beta": 90, "tz": 0, "actin_num": 4, "tx": -90.0, "ty": 0, "defocus": 3.9032511371277145, "alpha": 90, "iteration": 455, "gamma": 157.5}
{"beta": 90, "tz": 0, "actin_num": 4, "tx": -90.0, "ty": 0, "defocus": 3.065778246545933, "alpha": 90, "iteration": 456, "gamma": 180.0}
{"beta": 90, "tz": 0, "actin_num": 4, "tx": -90.0, "ty": 0, "defocus": 2.960671492254537, "alpha": 90, "iteration": 457, "gamma": 202.5}
{"beta": 90, "tz": 0, "actin_num": 4, "tx": -90.0, "ty": 0, "defocus": 2.112179908887238, "alpha": 90, "iteration": 458, "gamma": 225.0}
{"beta": 90, "tz": 0, "actin_num": 4, "tx": -90.0, "ty": 0, "defocus": 2.851615535112072, "alpha": 90, "iteration": 459, "gamma": 247.5}
{"beta": 90, "tz": 0, "actin_num": 4, "tx": -90.0, "ty": 0, "defocus": 3.171687556242407, "alpha": 90, "iteration": 460, "gamma": 270.0}
{"beta": 90, "tz": 0, "actin_num": 4, "tx": -90.0, "ty": 0, "defocus": 2.60533516115343, "alpha": 90, "iteration": 461, "gamma": 292.5}
{"beta": 90, "tz": 0, "actin_num": 4, "tx": -90.0, "ty": 0, "defocus": 2.6915814635963153, "alpha": 90, "iteration": 462, "gamma": 315.0}
{"beta": 90, "tz": 0, "actin_num": 4, "tx": -90.0, "ty": 0, "defocus": 2.8093972367857605, "alpha": 90, "iteration": 463, "gamma": 337.5}
{"beta": 90, "tz": 0, "actin_num": 4, "tx": -60.0, "ty": 0, "defocus": 3.293115269387286, "alpha": 90, "iteration": 464, "gamma": 0.0}
{"beta": 90, "tz": 0, "actin_num": 4, "tx": -60.0, "ty": 0, "defocus": 3.108422284347408, "alpha": 90, "iteration": 465, "gamma": 22.5}
{"beta": 90, "tz": 0, "actin_num": 4, "tx": -60.0, "ty": 0, "defocus": 2.317152142065604, "alpha": 90, "iteration": 466, "gamma": 45.0}
{"beta": 90, "tz": 0, "actin_num": 4, "tx": -60.0, "ty": 0, "defocus": 3.7778484208606313, "alpha": 90, "iteration": 467, "gamma": 67.5}
{"beta": 90, "tz": 0, "actin_num": 4, "tx": -60.0, "ty": 0, "defocus": 3.074744818906377, "alpha": 90, "iteration": 468, "gamma": 90.0}
{"beta": 90, "tz": 0, "actin_num": 4, "tx": -60.0, "ty": 0, "defocus": 3.276155680687409, "alpha": 90, "iteration": 469, "gamma": 112.5}
{"beta": 90, "tz": 0, "actin_num": 4, "tx": -60.0, "ty": 0, "defocus": 2.465609924150251, "alpha": 90, "iteration": 470, "gamma": 135.0}
{"beta": 90, "tz": 0, "actin_num": 4, "tx": -60.0, "ty": 0, "defocus": 2.66079708430121, "alpha": 90, "iteration": 471, "gamma": 157.5}
{"beta": 90, "tz": 0, "actin_num": 4, "tx": -60.0, "ty": 0, "defocus": 3.494003418582836, "alpha": 90, "iteration": 472, "gamma": 180.0}
{"beta": 90, "tz": 0, "actin_num": 4, "tx": -60.0, "ty": 0, "defocus": 3.72655482774739, "alpha": 90, "iteration": 473, "gamma": 202.5}
{"beta": 90, "tz": 0, "actin_num": 4, "tx": -60.0, "ty": 0, "defocus": 2.6118367189704514, "alpha": 90, "iteration": 474, "gamma": 225.0}
{"beta": 90, "tz": 0, "actin_num": 4, "tx": -60.0, "ty": 0, "defocus": 3.2435490795764954, "alpha": 90, "iteration": 475, "gamma": 247.5}
{"beta": 90, "tz": 0, "actin_num": 4, "tx": -60.0, "ty": 0, "defocus": 2.5790599460535995, "alpha": 90, "iteration": 476, "gamma": 270.0}
{"beta": 90, "tz": 0, "actin_num": 4, "tx": -60.0, "ty": 0, "defocus": 1.6559842994928793, "alpha": 90, "iteration": 477, "gamma": 292.5}
{"beta": 90, "tz": 0, "actin_num": 4, "tx": -60.0, "ty": 0, "defocus": 3.105068640383122, "alpha": 90, "iteration": 478, "gamma": 315.0}
{"beta": 90, "tz": 0, "actin_num": 4, "tx": -60.0, "ty": 0, "defocus": 3.6227585272660963, "alpha": 90, "iteration": 479, "gamma": 337.5}
{"beta": 90, "tz": 0, "actin_num": 4, "tx": -30.0, "ty": 0, "defocus": 1.9203205100190257, "alpha": 90, "iteration": 480, "gamma": 0.0}
{"beta": 90, "tz": 0, "actin_num": 4, "tx": -30.0, "ty": 0, "defocus": 3.0239716370007335, "alpha": 90, "iteration": 481, "gamma": 22.5}
{"beta": 90, "tz": 0, "actin_num": 4, "tx": -30.0, "ty": 0, "defocus": 3.909637813177754, "alpha": 90, "iteration": 482, "gamma": 45.0}
{"beta": 90, "tz": 0, "actin_num": 4, "tx": -30.0, "ty": 0, "defocus": 2.558422395104233, "alpha": 90, "iteration": 483, "gamma": 67.5}
{"beta": 90, "tz": 0, "actin_num": 4, "tx": -30.0, "ty": 0, "defocus": 2.4483246049230702, "alpha": 90, "iteration": 484, "gamma": 90.0}
{"beta": 90, "tz": 0, "actin_num": 4, "tx": -30.0, "ty": 0, "defocus": 3.5402507795049254, "alpha": 90, "iteration": 485, "gamma": 112.5}
{"beta": 90, "tz": 0, "actin_num": 4, "tx": -30.0, "ty": 0, "defocus": 3.3178949759472953, "alpha": 90, "iteration": 486, "gamma": 135.0}
{"beta": 90, "tz": 0, "actin_num": 4, "tx": -30.0, "ty": 0, "defocus": 3.9630654546011073, "alpha": 90, "iteration": 487, "gamma": 157.5}
{"beta": 90, "tz": 0, "actin_num": 4, "tx": -30.0, "ty": 0, "defocus": 2.112640273435114, "alpha": 90, "iteration": 488, "gamma": 180.0}
{"beta": 90, "tz": 0, "actin_num": 4, "tx": -30.0, "ty": 0, "defocus": 2.100434500714925, "alpha": 90, "iteration": 489, "gamma": 202.5}
{"beta": 90, "tz": 0, "actin_num": 4, "tx": -30.0, "ty": 0, "defocus": 3.9063648019642834, "alpha": 90, "iteration": 490, "gamma": 225.0}
{"beta": 90, "tz": 0, "actin_num": 4, "tx": -30.0, "ty": 0, "defocus": 2.0999402318664786, "alpha": 90, "iteration": 491, "gamma": 247.5}
{"beta": 90, "tz": 0, "actin_num": 4, "tx": -30.0, "ty": 0, "defocus": 2.5999614208091857, "alpha": 90, "iteration": 492, "gamma": 270.0}
{"beta": 90, "tz": 0, "actin_num": 4, "tx": -30.0, "ty": 0, "defocus": 2.137726917746652, "alpha": 90, "iteration": 493, "gamma": 292.5}
{"beta": 90, "tz": 0, "actin_num": 4, "tx": -30.0, "ty": 0, "defocus": 1.7932587251198617, "alpha": 90, "iteration": 494, "gamma": 315.0}
{"beta": 90, "tz": 0, "actin_num": 4, "tx": -30.0, "ty": 0, "defocus": 2.997416510718006, "alpha": 90, "iteration": 495, "gamma": 337.5}
{"beta": 90, "tz": 0, "actin_num": 4, "tx": 0.0, "ty": 0, "defocus": 2.4091676730134206, "alpha": 90, "iteration": 496, "gamma": 0.0}
{"beta": 90, "tz": 0, "actin_num": 4, "tx": 0.0, "ty": 0, "defocus": 2.988019937768372, "alpha": 90, "iteration": 497, "gamma": 22.5}
{"beta": 90, "tz": 0, "actin_num": 4, "tx": 0.0, "ty": 0, "defocus": 2.5646227257441105, "alpha": 90, "iteration": 498, "gamma": 45.0}
{"beta": 90, "tz": 0, "actin_num": 4, "tx": 0.0, "ty": 0, "defocus": 2.7100909888275835, "alpha": 90, "iteration": 499, "gamma": 67.5}
{"beta": 90, "tz": 0, "actin_num": 4, "tx": 0.0, "ty": 0, "defocus": 2.3493271927472517, "alpha": 90, "iteration": 500, "gamma": 90.0}
{"beta": 90, "tz": 0, "actin_num": 4, "tx": 0.0, "ty": 0, "defocus": 2.6358336364712285, "alpha": 90, "iteration": 501, "gamma": 112.5}
{"beta": 90, "tz": 0, "actin_num": 4, "tx": 0.0, "ty": 0, "defocus": 1.8847839673075142, "alpha": 90, "iteration": 502, "gamma": 135.0}
{"beta": 90, "tz": 0, "actin_num": 4, "tx": 0.0, "ty": 0, "defocus": 1.992424614084001, "alpha": 90, "iteration": 503, "gamma": 157.5}
{"beta": 90, "tz": 0, "actin_num": 4, "tx": 0.0, "ty": 0, "defocus": 2.624216291031237, "alpha": 90, "iteration": 504, "gamma": 180.0}
{"beta": 90, "tz": 0, "actin_num": 4, "tx": 0.0, "ty": 0, "defocus": 2.583801095621183, "alpha": 90, "iteration": 505, "gamma": 202.5}
{"beta": 90, "tz": 0, "actin_num": 4, "tx": 0.0, "ty": 0,