{"tz": 0, "actin_num": 0, "tx": -50, "ty": -50, "defocus": 2.717659741405347, "iteration": 0, "beta": 90, "alpha": 90, "gamma": 45}
{"tz": 0, "actin_num": 0, "tx": -50, "ty": 50, "defocus": 1.9611486013319084, "iteration": 4, "beta": 90, "alpha": 90, "gamma": 45}
{"tz": 0, "actin_num": 0, "tx": 50, "ty": -50, "defocus": 3.498165180790419, "iteration": 8, "beta": 90, "alpha": 90, "gamma": 45}
{"tz": 0, "actin_num": 0, "tx": 50, "ty": 50, "defocus": 1.9143945244394036, "iteration": 12, "beta": 90, "alpha": 90, "gamma": 45}
