{"beta": 90, "tz": 0, "actin_num": 6, "tx": -90.0, "ty": 0, "defocus": 2.5752242083313215, "alpha": 90, "iteration": 2128, "gamma": 0.0}
{"beta": 90, "tz": 0, "actin_num": 2, "tx": -90.0, "ty": 0, "defocus": 3.5519288251384573, "alpha": 90, "iteration": 2129, "gamma": 22.5}
{"beta": 90, "tz": 0, "actin_num": 14, "tx": -90.0, "ty": 0, "defocus": 1.6749758522014275, "alpha": 90, "iteration": 2130, "gamma": 45.0}
{"beta": 90, "tz": 0, "actin_num": 4, "tx": -90.0, "ty": 0, "defocus": 3.3636605680133362, "alpha": 90, "iteration": 2131, "gamma": 67.5}
{"beta": 90, "tz": 0, "actin_num": 14, "tx": -90.0, "ty": 0, "defocus": 3.1235735219315828, "alpha": 90, "iteration": 2132, "gamma": 90.0}
{"beta": 90, "tz": 0, "actin_num": 19, "tx": -90.0, "ty": 0, "defocus": 2.414876540581625, "alpha": 90, "iteration": 2133, "gamma": 112.5}
{"beta": 90, "tz": 0, "actin_num": 6, "tx": -90.0, "ty": 0, "defocus": 3.9617272782113204, "alpha": 90, "iteration": 2134, "gamma": 135.0}
{"beta": 90, "tz": 0, "actin_num": 1, "tx": -90.0, "ty": 0, "defocus": 2.3283824454642548, "alpha": 90, "iteration": 2135, "gamma": 157.5}
{"beta": 90, "tz": 0, "actin_num": 11, "tx": -90.0, "ty": 0, "defocus": 3.1871630357077523, "alpha": 90, "iteration": 2136, "gamma": 180.0}
{"beta": 90, "tz": 0, "actin_num": 0, "tx": -90.0, "ty": 0, "defocus": 1.6270247126452926, "alpha": 90, "iteration": 2137, "gamma": 202.5}
{"beta": 90, "tz": 0, "actin_num": 1, "tx": -90.0, "ty": 0, "defocus": 3.172802124022886, "alpha": 90, "iteration": 2138, "gamma": 225.0}
{"beta": 90, "tz": 0, "actin_num": 4, "tx": -90.0, "ty": 0, "defocus": 2.639229192985439, "alpha": 90, "iteration": 2139, "gamma": 247.5}
{"beta": 90, "tz": 0, "actin_num": 11, "tx": -90.0, "ty": 0, "defocus": 3.391184099702105, "alpha": 90, "iteration": 2140, "gamma": 270.0}
{"beta": 90, "tz": 0, "actin_num": 19, "tx": -90.0, "ty": 0, "defocus": 3.2810047255332027, "alpha": 90, "iteration": 2141, "gamma": 292.5}
{"beta": 90, "tz": 0, "actin_num": 9, "tx": -90.0, "ty": 0, "defocus": 3.696629045909118, "alpha": 90, "iteration": 2142, "gamma": 315.0}
{"beta": 90, "tz": 0, "actin_num": 8, "tx": -90.0, "ty": 0, "defocus": 1.8939081250788952, "alpha": 90, "iteration": 2143, "gamma": 337.5}
{"beta": 90, "tz": 0, "actin_num": 1, "tx": -60.0, "ty": 0, "defocus": 2.7872268708438765, "alpha": 90, "iteration": 2144, "gamma": 0.0}
{"beta": 90, "tz": 0, "actin_num": 3, "tx": -60.0, "ty": 0, "defocus": 3.701062054403792, "alpha": 90, "iteration": 2145, "gamma": 22.5}
{"beta": 90, "tz": 0, "actin_num": 9, "tx": -60.0, "ty": 0, "defocus": 3.7468555629037423, "alpha": 90, "iteration": 2146, "gamma": 45.0}
{"beta": 90, "tz": 0, "actin_num": 4, "tx": -60.0, "ty": 0, "defocus": 3.237562525454896, "alpha": 90, "iteration": 2147, "gamma": 67.5}
{"beta": 90, "tz": 0, "actin_num": 7, "tx": -60.0, "ty": 0, "defocus": 2.5822836325573, "alpha": 90, "iteration": 2148, "gamma": 90.0}
{"beta": 90, "tz": 0, "actin_num": 9, "tx": -60.0, "ty": 0, "defocus": 2.3862478529072355, "alpha": 90, "iteration": 2149, "gamma": 112.5}
{"beta": 90, "tz": 0, "actin_num": 17, "tx": -60.0, "ty": 0, "defocus": 3.8500792701422313, "alpha": 90, "iteration": 2150, "gamma": 135.0}
{"beta": 90, "tz": 0, "actin_num": 4, "tx": -60.0, "ty": 0, "defocus": 2.5756276162972407, "alpha": 90, "iteration": 2151, "gamma": 157.5}
{"beta": 90, "tz": 0, "actin_num": 15, "tx": -60.0, "ty": 0, "defocus": 1.8948202373462635, "alpha": 90, "iteration": 2152, "gamma": 180.0}
{"beta": 90, "tz": 0, "actin_num": 9, "tx": -60.0, "ty": 0, "defocus": 2.4772343615084327, "alpha": 90, "iteration": 2153, "gamma": 202.5}
{"beta": 90, "tz": 0, "actin_num": 5, "tx": -60.0, "ty": 0, "defocus": 2.996867263504387, "alpha": 90, "iteration": 2154, "gamma": 225.0}
{"beta": 90, "tz": 0, "actin_num": 3, "tx": -60.0, "ty": 0, "defocus": 2.762174355091793, "alpha": 90, "iteration": 2155, "gamma": 247.5}
{"beta": 90, "tz": 0, "actin_num": 16, "tx": -60.0, "ty": 0, "defocus": 3.770999693759161, "alpha": 90, "iteration": 2156, "gamma": 270.0}
{"beta": 90, "tz": 0, "actin_num": 7, "tx": -60.0, "ty": 0, "defocus": 2.939316433205936, "alpha": 90, "iteration": 2157, "gamma": 292.5}
{"beta": 90, "tz": 0, "actin_num": 8, "tx": -60.0, "ty": 0, "defocus": 2.2600328519698105, "alpha": 90, "iteration": 2158, "gamma": 315.0}
{"beta": 90, "tz": 0, "actin_num": 3, "tx": -60.0, "ty": 0, "defocus": 3.4475598219483223, "alpha": 90, "iteration": 2159, "gamma": 337.5}
{"beta": 90, "tz": 0, "actin_num": 17, "tx": -30.0, "ty": 0, "defocus": 3.3596926969128003, "alpha": 90, "iteration": 2160, "gamma": 0.0}
{"beta": 90, "tz": 0, "actin_num": 12, "tx": -30.0, "ty": 0, "defocus": 2.1884772026796493, "alpha": 90, "iteration": 2161, "gamma": 22.5}
{"beta": 90, "tz": 0, "actin_num": 12, "tx": -30.0, "ty": 0, "defocus": 2.215154598489087, "alpha": 90, "iteration": 2162, "gamma": 45.0}
{"beta": 90, "tz": 0, "actin_num": 15, "tx": -30.0, "ty": 0, "defocus": 3.5245326824621763, "alpha": 90, "iteration": 2163, "gamma": 67.5}
{"beta": 90, "tz": 0, "actin_num": 12, "tx": -30.0, "ty": 0, "defocus": 3.048664447169199, "alpha": 90, "iteration": 2164, "gamma": 90.0}
{"beta": 90, "tz": 0, "actin_num": 1, "tx": -30.0, "ty": 0, "defocus": 1.9765011639432872, "alpha": 90, "iteration": 2165, "gamma": 112.5}
{"beta": 90, "tz": 0, "actin_num": 2, "tx": -30.0, "ty": 0, "defocus": 1.9895046813155028, "alpha": 90, "iteration": 2166, "gamma": 135.0}
{"beta": 90, "tz": 0, "actin_num": 10, "tx": -30.0, "ty": 0, "defocus": 2.8266557069251217, "alpha": 90, "iteration": 2167, "gamma": 157.5}
{"beta": 90, "tz": 0, "actin_num": 6, "tx": -30.0, "ty": 0, "defocus": 2.670214111148586, "alpha": 90, "iteration": 2168, "gamma": 180.0}
{"beta": 90, "tz": 0, "actin_num": 18, "tx": -30.0, "ty": 0, "defocus": 1.8905141916842214, "alpha": 90, "iteration": 2169, "gamma": 202.5}
{"beta": 90, "tz": 0, "actin_num": 18, "tx": -30.0, "ty": 0, "defocus": 2.1404238860649096, "alpha": 90, "iteration": 2170, "gamma": 225.0}
{"beta": 90, "tz": 0, "actin_num": 12, "tx": -30.0, "ty": 0, "defocus": 2.330714760622919, "alpha": 90, "iteration": 2171, "gamma": 247.5}
{"beta": 90, "tz": 0, "actin_num": 7, "tx": -30.0, "ty": 0, "defocus": 2.4454886821117525, "alpha": 90, "iteration": 2172, "gamma": 270.0}
{"beta": 90, "tz": 0, "actin_num": 1, "tx": -30.0, "ty": 0, "defocus": 3.3749905993677283, "alpha": 90, "iteration": 2173, "gamma": 292.5}
{"beta": 90, "tz": 0, "actin_num": 12, "tx": -30.0, "ty": 0, "defocus": 3.6736588911852732, "alpha": 90, "iteration": 2174, "gamma": 315.0}
{"beta": 90, "tz": 0, "actin_num": 1, "tx": -30.0, "ty": 0, "defocus": 2.7985147429181136, "alpha": 90, "iteration": 2175, "gamma": 337.5}
{"beta": 90, "tz": 0, "actin_num": 12, "tx": 0.0, "ty": 0, "defocus": 3.0604199943366917, "alpha": 90, "iteration": 2176, "gamma": 0.0}
{"beta": 90, "tz": 0, "actin_num": 2, "tx": 0.0, "ty": 0, "defocus": 3.9002123021213175, "alpha": 90, "iteration": 2177, "gamma": 22.5}
{"beta": 90, "tz": 0, "actin_num": 18, "tx": 0.0, "ty": 0, "defocus": 1.6205958145909034, "alpha": 90, "iteration": 2178, "gamma": 45.0}
{"beta": 90, "tz": 0, "actin_num": 19, "tx": 0.0, "ty": 0, "defocus": 2.9049921288415366, "alpha": 90, "iteration": 2179, "gamma": 67.5}
{"beta": 90, "tz": 0, "actin_num": 18, "tx": 0.0, "ty": 0, "defocus": 2.8759795911070722, "alpha": 90, "iteration": 2180, "gamma": 90.0}
{"beta": 90, "tz": 0, "actin_num": 12, "tx": 0.0, "ty": 0, "defocus": 1.9211986541039099, "alpha": 90, "iteration": 2181, "gamma": 112.5}
{"beta": 90, "tz": 0, "actin_num": 15, "tx": 0.0, "ty": 0, "defocus": 3.4983147301820896, "alpha": 90, "iteration": 2182, "gamma": 135.0}
{"beta": 90, "tz": 0, "actin_num": 16, "tx": 0.0, "ty": 0, "defocus": 3.522997973154774, "alpha": 90, "iteration": 2183, "gamma": 157.5}
{"beta": 90, "tz": 0, "actin_num": 3, "tx": 0.0, "ty": 0, "defocus": 3.6105501100202617, "alpha": 90, "iteration": 2184, "gamma": 180.0}
{"beta": 90, "tz": 0, "actin_num": 15, "tx": 0.0, "ty": 0, "defocus": 3.0892942889912485, "alpha": 90,