{"beta": 90, "tz": 0, "actin_num": 5, "tx": -90.0, "ty": 0, "defocus": 3.2758547251052588, "alpha": 90, "iteration": 1456, "gamma": 0.0}
{"beta": 90, "tz": 0, "actin_num": 13, "tx": -90.0, "ty": 0, "defocus": 2.0822166427736897, "alpha": 90, "iteration": 1457, "gamma": 22.5}
{"beta": 90, "tz": 0, "actin_num": 15, "tx": -90.0, "ty": 0, "defocus": 3.9293807539736862, "alpha": 90, "iteration": 1458, "gamma": 45.0}
{"beta": 90, "tz": 0, "actin_num": 10, "tx": -90.0, "ty": 0, "defocus": 3.7911627783262687, "alpha": 90, "iteration": 1459, "gamma": 67.5}
{"beta": 90, "tz": 0, "actin_num": 17, "tx": -90.0, "ty": 0, "defocus": 3.7317160626146646, "alpha": 90, "iteration": 1460, "gamma": 90.0}
{"beta": 90, "tz": 0, "actin_num": 2, "tx": -90.0, "ty": 0, "defocus": 2.982544985887149, "alpha": 90, "iteration": 1461, "gamma": 112.5}
{"beta": 90, "tz": 0, "actin_num": 6, "tx": -90.0, "ty": 0, "defocus": 2.981374186679851, "alpha": 90, "iteration": 1462, "gamma": 135.0}
{"beta": 90, "tz": 0, "actin_num": 10, "tx": -90.0, "ty": 0, "defocus": 3.411558840197948, "alpha": 90, "iteration": 1463, "gamma": 157.5}
{"beta": 90, "tz": 0, "actin_num": 17, "tx": -90.0, "ty": 0, "defocus": 1.6662340404906033, "alpha": 90, "iteration": 1464, "gamma": 180.0}
{"beta": 90, "tz": 0, "actin_num": 18, "tx": -90.0, "ty": 0, "defocus": 2.657714550798902, "alpha": 90, "iteration": 1465, "gamma": 202.5}
{"beta": 90, "tz": 0, "actin_num": 9, "tx": -90.0, "ty": 0, "defocus": 3.0056976926878125, "alpha": 90, "iteration": 1466, "gamma": 225.0}
{"beta": 90, "tz": 0, "actin_num": 18, "tx": -90.0, "ty": 0, "defocus": 2.5348247949911396, "alpha": 90, "iteration": 1467, "gamma": 247.5}
{"beta": 90, "tz": 0, "actin_num": 8, "tx": -90.0, "ty": 0, "defocus": 2.5043312500406323, "alpha": 90, "iteration": 1468, "gamma": 270.0}
{"beta": 90, "tz": 0, "actin_num": 0, "tx": -90.0, "ty": 0, "defocus": 3.3309469415841626, "alpha": 90, "iteration": 1469, "gamma": 292.5}
{"beta": 90, "tz": 0, "actin_num": 9, "tx": -90.0, "ty": 0, "defocus": 2.7523552141305707, "alpha": 90, "iteration": 1470, "gamma": 315.0}
{"beta": 90, "tz": 0, "actin_num": 18, "tx": -90.0, "ty": 0, "defocus": 3.136360824449219, "alpha": 90, "iteration": 1471, "gamma": 337.5}
{"beta": 90, "tz": 0, "actin_num": 8, "tx": -60.0, "ty": 0, "defocus": 2.4390779759247145, "alpha": 90, "iteration": 1472, "gamma": 0.0}
{"beta": 90, "tz": 0, "actin_num": 3, "tx": -60.0, "ty": 0, "defocus": 1.6037990415067287, "alpha": 90, "iteration": 1473, "gamma": 22.5}
{"beta": 90, "tz": 0, "actin_num": 6, "tx": -60.0, "ty": 0, "defocus": 3.9520354938617315, "alpha": 90, "iteration": 1474, "gamma": 45.0}
{"beta": 90, "tz": 0, "actin_num": 14, "tx": -60.0, "ty": 0, "defocus": 1.9514812169154645, "alpha": 90, "iteration": 1475, "gamma": 67.5}
{"beta": 90, "tz": 0, "actin_num": 5, "tx": -60.0, "ty": 0, "defocus": 3.9464565384061725, "alpha": 90, "iteration": 1476, "gamma": 90.0}
{"beta": 90, "tz": 0, "actin_num": 19, "tx": -60.0, "ty": 0, "defocus": 1.9476499245113534, "alpha": 90, "iteration": 1477, "gamma": 112.5}
{"beta": 90, "tz": 0, "actin_num": 1, "tx": -60.0, "ty": 0, "defocus": 1.6505218046371115, "alpha": 90, "iteration": 1478, "gamma": 135.0}
{"beta": 90, "tz": 0, "actin_num": 10, "tx": -60.0, "ty": 0, "defocus": 3.6482005105659314, "alpha": 90, "iteration": 1479, "gamma": 157.5}
{"beta": 90, "tz": 0, "actin_num": 6, "tx": -60.0, "ty": 0, "defocus": 3.3458327814353552, "alpha": 90, "iteration": 1480, "gamma": 180.0}
{"beta": 90, "tz": 0, "actin_num": 1, "tx": -60.0, "ty": 0, "defocus": 2.2972597983307206, "alpha": 90, "iteration": 1481, "gamma": 202.5}
{"beta": 90, "tz": 0, "actin_num": 8, "tx": -60.0, "ty": 0, "defocus": 3.7401277760804295, "alpha": 90, "iteration": 1482, "gamma": 225.0}
{"beta": 90, "tz": 0, "actin_num": 4, "tx": -60.0, "ty": 0, "defocus": 3.8254193791839137, "alpha": 90, "iteration": 1483, "gamma": 247.5}
{"beta": 90, "tz": 0, "actin_num": 11, "tx": -60.0, "ty": 0, "defocus": 3.0163271726467578, "alpha": 90, "iteration": 1484, "gamma": 270.0}
{"beta": 90, "tz": 0, "actin_num": 3, "tx": -60.0, "ty": 0, "defocus": 2.469211180135861, "alpha": 90, "iteration": 1485, "gamma": 292.5}
{"beta": 90, "tz": 0, "actin_num": 5, "tx": -60.0, "ty": 0, "defocus": 3.7909531347816254, "alpha": 90, "iteration": 1486, "gamma": 315.0}
{"beta": 90, "tz": 0, "actin_num": 9, "tx": -60.0, "ty": 0, "defocus": 2.8843221511799584, "alpha": 90, "iteration": 1487, "gamma": 337.5}
{"beta": 90, "tz": 0, "actin_num": 12, "tx": -30.0, "ty": 0, "defocus": 3.9709105339800517, "alpha": 90, "iteration": 1488, "gamma": 0.0}
{"beta": 90, "tz": 0, "actin_num": 0, "tx": -30.0, "ty": 0, "defocus": 2.861706027337755, "alpha": 90, "iteration": 1489, "gamma": 22.5}
{"beta": 90, "tz": 0, "actin_num": 0, "tx": -30.0, "ty": 0, "defocus": 1.9823560344272537, "alpha": 90, "iteration": 1490, "gamma": 45.0}
{"beta": 90, "tz": 0, "actin_num": 19, "tx": -30.0, "ty": 0, "defocus": 2.241922565978478, "alpha": 90, "iteration": 1491, "gamma": 67.5}
{"beta": 90, "tz": 0, "actin_num": 0, "tx": -30.0, "ty": 0, "defocus": 3.453437588492256, "alpha": 90, "iteration": 1492, "gamma": 90.0}
{"beta": 90, "tz": 0, "actin_num": 2, "tx": -30.0, "ty": 0, "defocus": 3.3852402948794422, "alpha": 90, "iteration": 1493, "gamma": 112.5}
{"beta": 90, "tz": 0, "actin_num": 10, "tx": -30.0, "ty": 0, "defocus": 2.1596460960437103, "alpha": 90, "iteration": 1494, "gamma": 135.0}
{"beta": 90, "tz": 0, "actin_num": 12, "tx": -30.0, "ty": 0, "defocus": 3.155191339208003, "alpha": 90, "iteration": 1495, "gamma": 157.5}
{"beta": 90, "tz": 0, "actin_num": 6, "tx": -30.0, "ty": 0, "defocus": 2.8883971915610998, "alpha": 90, "iteration": 1496, "gamma": 180.0}
{"beta": 90, "tz": 0, "actin_num": 11, "tx": -30.0, "ty": 0, "defocus": 3.184316407088513, "alpha": 90, "iteration": 1497, "gamma": 202.5}
{"beta": 90, "tz": 0, "actin_num": 5, "tx": -30.0, "ty": 0, "defocus": 1.7341933805562721, "alpha": 90, "iteration": 1498, "gamma": 225.0}
{"beta": 90, "tz": 0, "actin_num": 15, "tx": -30.0, "ty": 0, "defocus": 3.196727267253917, "alpha": 90, "iteration": 1499, "gamma": 247.5}
{"beta": 90, "tz": 0, "actin_num": 0, "tx": -30.0, "ty": 0, "defocus": 2.308220173086913, "alpha": 90, "iteration": 1500, "gamma": 270.0}
{"beta": 90, "tz": 0, "actin_num": 13, "tx": -30.0, "ty": 0, "defocus": 3.362692342664947, "alpha": 90, "iteration": 1501, "gamma": 292.5}
{"beta": 90, "tz": 0, "actin_num": 17, "tx": -30.0, "ty": 0, "defocus": 3.6155275305795733, "alpha": 90, "iteration": 1502, "gamma": 315.0}
{"beta": 90, "tz": 0, "actin_num": 8, "tx": -30.0, "ty": 0, "defocus": 2.169645445791989, "alpha": 90, "iteration": 1503, "gamma": 337.5}
{"beta": 90, "tz": 0, "actin_num": 9, "tx": 0.0, "ty": 0, "defocus": 2.085857524491038, "alpha": 90, "iteration": 1504, "gamma": 0.0}
{"beta": 90, "tz": 0, "actin_num": 16, "tx": 0.0, "ty": 0, "defocus": 3.0124915817278293, "alpha": 90, "iteration": 1505, "gamma": 22.5}
{"beta": 90, "tz": 0, "actin_num": 12, "tx": 0.0, "ty": 0, "defocus": 1.6104191515220774, "alpha": 90, "iteration": 1506, "gamma": 45.0}
{"beta": 90, "tz": 0, "actin_num": 6, "tx": 0.0, "ty": 0, "defocus": 2.037649128419519, "alpha": 90, "iteration": 1507, "gamma": 67.5}
{"beta": 90, "tz": 0, "actin_num": 9, "tx": 0.0, "ty": 0, "defocus": 2.205918585443872, "alpha": 90, "iteration": 1508, "gamma": 90.0}
{"beta": 90, "tz": 0, "actin_num": 13, "tx": 0.0, "ty": 0, "defocus": 2.8453324178556945, "alpha": 90, "iteration": 1509, "gamma": 112.5}
{"beta": 90, "tz": 0, "actin_num": 9, "tx": 0.0, "ty": 0, "defocus": 1.6094460004691065, "alpha": 90, "iteration": 1510, "gamma": 135.0}
{"beta": 90, "tz": 0, "actin_num": 4, "tx": 0.0, "ty": 0, "defocus": 1.8800878074508858, "alpha": 90, "iteration": 1511, "gamma": 157.5}
{"beta": 90, "tz": 0, "actin_num": 11, "tx": 0.0, "ty": 0, "defocus": 3.0615546862994885, "alpha": 90, "iteration": 1512, "gamma": 180.0}
{"beta": 90, "tz": 0, "actin_num": 6, "tx": 0.0, "ty": 0, "defocus": 2.2490203851779618, "alpha": 90,