{"beta": 90, "tz": 0, "actin_num": 2, "tx": -90.0, "ty": 0, "defocus": 3.596782558259328, "alpha": 90, "iteration": 672, "gamma": 0.0}
{"beta": 90, "tz": 0, "actin_num": 13, "tx": -90.0, "ty": 0, "defocus": 2.358830703286835, "alpha": 90, "iteration": 673, "gamma": 22.5}
{"beta": 90, "tz": 0, "actin_num": 1, "tx": -90.0, "ty": 0, "defocus": 2.4583174759873674, "alpha": 90, "iteration": 674, "gamma": 45.0}
{"beta": 90, "tz": 0, "actin_num": 7, "tx": -90.0, "ty": 0, "defocus": 2.455053576952055, "alpha": 90, "iteration": 675, "gamma": 67.5}
{"beta": 90, "tz": 0, "actin_num": 9, "tx": -90.0, "ty": 0, "defocus": 1.7744490170643192, "alpha": 90, "iteration": 676, "gamma": 90.0}
{"beta": 90, "tz": 0, "actin_num": 4, "tx": -90.0, "ty": 0, "defocus": 2.753227756140653, "alpha": 90, "iteration": 677, "gamma": 112.5}
{"beta": 90, "tz": 0, "actin_num": 14, "tx": -90.0, "ty": 0, "defocus": 3.642721391868253, "alpha": 90, "iteration": 678, "gamma": 135.0}
{"beta": 90, "tz": 0, "actin_num": 1, "tx": -90.0, "ty": 0, "defocus": 3.631257226900883, "alpha": 90, "iteration": 679, "gamma": 157.5}
{"beta": 90, "tz": 0, "actin_num": 0, "tx": -90.0, "ty": 0, "defocus": 3.3139952811464086, "alpha": 90, "iteration": 680, "gamma": 180.0}
{"beta": 90, "tz": 0, "actin_num": 5, "tx": -90.0, "ty": 0, "defocus": 3.4953914768295897, "alpha": 90, "iteration": 681, "gamma": 202.5}
{"beta": 90, "tz": 0, "actin_num": 15, "tx": -90.0, "ty": 0, "defocus": 2.8659838684626466, "alpha": 90, "iteration": 682, "gamma": 225.0}
{"beta": 90, "tz": 0, "actin_num": 2, "tx": -90.0, "ty": 0, "defocus": 2.106161480480847, "alpha": 90, "iteration": 683, "gamma": 247.5}
{"beta": 90, "tz": 0, "actin_num": 6, "tx": -90.0, "ty": 0, "defocus": 2.582816990357412, "alpha": 90, "iteration": 684, "gamma": 270.0}
{"beta": 90, "tz": 0, "actin_num": 11, "tx": -90.0, "ty": 0, "defocus": 1.700110526796312, "alpha": 90, "iteration": 685, "gamma": 292.5}
{"beta": 90, "tz": 0, "actin_num": 18, "tx": -90.0, "ty": 0, "defocus": 3.9213984975023997, "alpha": 90, "iteration": 686, "gamma": 315.0}
{"beta": 90, "tz": 0, "actin_num": 11, "tx": -90.0, "ty": 0, "defocus": 2.2797676885278815, "alpha": 90, "iteration": 687, "gamma": 337.5}
{"beta": 90, "tz": 0, "actin_num": 3, "tx": -60.0, "ty": 0, "defocus": 3.734449397029977, "alpha": 90, "iteration": 688, "gamma": 0.0}
{"beta": 90, "tz": 0, "actin_num": 10, "tx": -60.0, "ty": 0, "defocus": 3.8411728362312316, "alpha": 90, "iteration": 689, "gamma": 22.5}
{"beta": 90, "tz": 0, "actin_num": 17, "tx": -60.0, "ty": 0, "defocus": 1.8933515888133514, "alpha": 90, "iteration": 690, "gamma": 45.0}
{"beta": 90, "tz": 0, "actin_num": 19, "tx": -60.0, "ty": 0, "defocus": 1.988764095322864, "alpha": 90, "iteration": 691, "gamma": 67.5}
{"beta": 90, "tz": 0, "actin_num": 16, "tx": -60.0, "ty": 0, "defocus": 3.4095036855497187, "alpha": 90, "iteration": 692, "gamma": 90.0}
{"beta": 90, "tz": 0, "actin_num": 4, "tx": -60.0, "ty": 0, "defocus": 2.754933323106176, "alpha": 90, "iteration": 693, "gamma": 112.5}
{"beta": 90, "tz": 0, "actin_num": 3, "tx": -60.0, "ty": 0, "defocus": 3.6279796146628547, "alpha": 90, "iteration": 694, "gamma": 135.0}
{"beta": 90, "tz": 0, "actin_num": 19, "tx": -60.0, "ty": 0, "defocus": 1.6745323262090512, "alpha": 90, "iteration": 695, "gamma": 157.5}
{"beta": 90, "tz": 0, "actin_num": 9, "tx": -60.0, "ty": 0, "defocus": 3.681143439636807, "alpha": 90, "iteration": 696, "gamma": 180.0}
{"beta": 90, "tz": 0, "actin_num": 8, "tx": -60.0, "ty": 0, "defocus": 2.6893093182230974, "alpha": 90, "iteration": 697, "gamma": 202.5}
{"beta": 90, "tz": 0, "actin_num": 1, "tx": -60.0, "ty": 0, "defocus": 3.983286492012408, "alpha": 90, "iteration": 698, "gamma": 225.0}
{"beta": 90, "tz": 0, "actin_num": 7, "tx": -60.0, "ty": 0, "defocus": 3.137805392107147, "alpha": 90, "iteration": 699, "gamma": 247.5}
{"beta": 90, "tz": 0, "actin_num": 15, "tx": -60.0, "ty": 0, "defocus": 3.238711441841933, "alpha": 90, "iteration": 700, "gamma": 270.0}
{"beta": 90, "tz": 0, "actin_num": 18, "tx": -60.0, "ty": 0, "defocus": 3.2945591104292293, "alpha": 90, "iteration": 701, "gamma": 292.5}
{"beta": 90, "tz": 0, "actin_num": 0, "tx": -60.0, "ty": 0, "defocus": 2.800463867933403, "alpha": 90, "iteration": 702, "gamma": 315.0}
{"beta": 90, "tz": 0, "actin_num": 6, "tx": -60.0, "ty": 0, "defocus": 2.5794627389684597, "alpha": 90, "iteration": 703, "gamma": 337.5}
{"beta": 90, "tz": 0, "actin_num": 2, "tx": -30.0, "ty": 0, "defocus": 2.918266553645471, "alpha": 90, "iteration": 704, "gamma": 0.0}
{"beta": 90, "tz": 0, "actin_num": 8, "tx": -30.0, "ty": 0, "defocus": 1.974507631426248, "alpha": 90, "iteration": 705, "gamma": 22.5}
{"beta": 90, "tz": 0, "actin_num": 11, "tx": -30.0, "ty": 0, "defocus": 3.4834021796960397, "alpha": 90, "iteration": 706, "gamma": 45.0}
{"beta": 90, "tz": 0, "actin_num": 17, "tx": -30.0, "ty": 0, "defocus": 2.031003376053417, "alpha": 90, "iteration": 707, "gamma": 67.5}
{"beta": 90, "tz": 0, "actin_num": 15, "tx": -30.0, "ty": 0, "defocus": 2.100445974480527, "alpha": 90, "iteration": 708, "gamma": 90.0}
{"beta": 90, "tz": 0, "actin_num": 18, "tx": -30.0, "ty": 0, "defocus": 2.2574692165303567, "alpha": 90, "iteration": 709, "gamma": 112.5}
{"beta": 90, "tz": 0, "actin_num": 1, "tx": -30.0, "ty": 0, "defocus": 2.4237507029017427, "alpha": 90, "iteration": 710, "gamma": 135.0}
{"beta": 90, "tz": 0, "actin_num": 14, "tx": -30.0, "ty": 0, "defocus": 2.0799177305243193, "alpha": 90, "iteration": 711, "gamma": 157.5}
{"beta": 90, "tz": 0, "actin_num": 12, "tx": -30.0, "ty": 0, "defocus": 1.9282362295630553, "alpha": 90, "iteration": 712, "gamma": 180.0}
{"beta": 90, "tz": 0, "actin_num": 7, "tx": -30.0, "ty": 0, "defocus": 2.998487975515009, "alpha": 90, "iteration": 713, "gamma": 202.5}
{"beta": 90, "tz": 0, "actin_num": 14, "tx": -30.0, "ty": 0, "defocus": 3.0146084998894755, "alpha": 90, "iteration": 714, "gamma": 225.0}
{"beta": 90, "tz": 0, "actin_num": 0, "tx": -30.0, "ty": 0, "defocus": 3.059601896672273, "alpha": 90, "iteration": 715, "gamma": 247.5}
{"beta": 90, "tz": 0, "actin_num": 8, "tx": -30.0, "ty": 0, "defocus": 3.407222934143009, "alpha": 90, "iteration": 716, "gamma": 270.0}
{"beta": 90, "tz": 0, "actin_num": 5, "tx": -30.0, "ty": 0, "defocus": 3.767751491627725, "alpha": 90, "iteration": 717, "gamma": 292.5}
{"beta": 90, "tz": 0, "actin_num": 16, "tx": -30.0, "ty": 0, "defocus": 3.730498271526828, "alpha": 90, "iteration": 718, "gamma": 315.0}
{"beta": 90, "tz": 0, "actin_num": 5, "tx": -30.0, "ty": 0, "defocus": 3.3580109617616687, "alpha": 90, "iteration": 719, "gamma": 337.5}
{"beta": 90, "tz": 0, "actin_num": 3, "tx": 0.0, "ty": 0, "defocus": 3.5607568017240254, "alpha": 90, "iteration": 720, "gamma": 0.0}
{"beta": 90, "tz": 0, "actin_num": 10, "tx": 0.0, "ty": 0, "defocus": 2.6306671587563857, "alpha": 90, "iteration": 721, "gamma": 22.5}
{"beta": 90, "tz": 0, "actin_num": 9, "tx": 0.0, "ty": 0, "defocus": 2.281842415525927, "alpha": 90, "iteration": 722, "gamma": 45.0}
{"beta": 90, "tz": 0, "actin_num": 12, "tx": 0.0, "ty": 0, "defocus": 2.7746469309306456, "alpha": 90, "iteration": 723, "gamma": 67.5}
{"beta": 90, "tz": 0, "actin_num": 4, "tx": 0.0, "ty": 0, "defocus": 3.4083472164202044, "alpha": 90, "iteration": 724, "gamma": 90.0}
{"beta": 90, "tz": 0, "actin_num": 9, "tx": 0.0, "ty": 0, "defocus": 1.9767344028599296, "alpha": 90, "iteration": 725, "gamma": 112.5}
{"beta": 90, "tz": 0, "actin_num": 17, "tx": 0.0, "ty": 0, "defocus": 3.9872431029729474, "alpha": 90, "iteration": 726, "gamma": 135.0}
{"beta": 90, "tz": 0, "actin_num": 18, "tx": 0.0, "ty": 0, "defocus": 2.255676299633575, "alpha": 90, "iteration": 727, "gamma": 157.5}
{"beta": 90, "tz": 0, "actin_num": 1, "tx": 0.0, "ty": 0, "defocus": 3.0539632900475437, "alpha": 90, "iteration": 728, "gamma": 180.0}
{"beta": 90, "tz": 0, "actin_num": 14, "tx": 0.0, "ty": 0, "defocus": 1.741930922992987, "alpha": 90, "iteration": 729, "gamma": 202.5}
{"beta": 90, "tz": 0, "actin_num": 12,