{"beta": 90, "tz": 0, "actin_num": 17, "tx": -90.0, "ty": 0, "defocus": 2.797273936370721, "alpha": 90, "iteration": 1008, "gamma": 0.0}
{"beta": 90, "tz": 0, "actin_num": 0, "tx": -90.0, "ty": 0, "defocus": 3.644485118992951, "alpha": 90, "iteration": 1009, "gamma": 22.5}
{"beta": 90, "tz": 0, "actin_num": 8, "tx": -90.0, "ty": 0, "defocus": 3.5187646213670503, "alpha": 90, "iteration": 1010, "gamma": 45.0}
{"beta": 90, "tz": 0, "actin_num": 6, "tx": -90.0, "ty": 0, "defocus": 2.4788942289258302, "alpha": 90, "iteration": 1011, "gamma": 67.5}
{"beta": 90, "tz": 0, "actin_num": 15, "tx": -90.0, "ty": 0, "defocus": 2.3808743567925053, "alpha": 90, "iteration": 1012, "gamma": 90.0}
{"beta": 90, "tz": 0, "actin_num": 12, "tx": -90.0, "ty": 0, "defocus": 2.4847089644974085, "alpha": 90, "iteration": 1013, "gamma": 112.5}
{"beta": 90, "tz": 0, "actin_num": 13, "tx": -90.0, "ty": 0, "defocus": 3.418088574338193, "alpha": 90, "iteration": 1014, "gamma": 135.0}
{"beta": 90, "tz": 0, "actin_num": 12, "tx": -90.0, "ty": 0, "defocus": 3.992882598482157, "alpha": 90, "iteration": 1015, "gamma": 157.5}
{"beta": 90, "tz": 0, "actin_num": 14, "tx": -90.0, "ty": 0, "defocus": 2.508861594034717, "alpha": 90, "iteration": 1016, "gamma": 180.0}
{"beta": 90, "tz": 0, "actin_num": 18, "tx": -90.0, "ty": 0, "defocus": 2.8581463483922747, "alpha": 90, "iteration": 1017, "gamma": 202.5}
{"beta": 90, "tz": 0, "actin_num": 1, "tx": -90.0, "ty": 0, "defocus": 3.2376805420680883, "alpha": 90, "iteration": 1018, "gamma": 225.0}
{"beta": 90, "tz": 0, "actin_num": 7, "tx": -90.0, "ty": 0, "defocus": 3.5917429166639563, "alpha": 90, "iteration": 1019, "gamma": 247.5}
{"beta": 90, "tz": 0, "actin_num": 1, "tx": -90.0, "ty": 0, "defocus": 2.281494592198172, "alpha": 90, "iteration": 1020, "gamma": 270.0}
{"beta": 90, "tz": 0, "actin_num": 18, "tx": -90.0, "ty": 0, "defocus": 3.7613612232957117, "alpha": 90, "iteration": 1021, "gamma": 292.5}
{"beta": 90, "tz": 0, "actin_num": 1, "tx": -90.0, "ty": 0, "defocus": 1.9578418013116607, "alpha": 90, "iteration": 1022, "gamma": 315.0}
{"beta": 90, "tz": 0, "actin_num": 14, "tx": -90.0, "ty": 0, "defocus": 1.7507439287852256, "alpha": 90, "iteration": 1023, "gamma": 337.5}
{"beta": 90, "tz": 0, "actin_num": 19, "tx": -60.0, "ty": 0, "defocus": 1.9002778167596146, "alpha": 90, "iteration": 1024, "gamma": 0.0}
{"beta": 90, "tz": 0, "actin_num": 10, "tx": -60.0, "ty": 0, "defocus": 3.16541335491078, "alpha": 90, "iteration": 1025, "gamma": 22.5}
{"beta": 90, "tz": 0, "actin_num": 4, "tx": -60.0, "ty": 0, "defocus": 3.4522921427743567, "alpha": 90, "iteration": 1026, "gamma": 45.0}
{"beta": 90, "tz": 0, "actin_num": 4, "tx": -60.0, "ty": 0, "defocus": 3.408597516610846, "alpha": 90, "iteration": 1027, "gamma": 67.5}
{"beta": 90, "tz": 0, "actin_num": 5, "tx": -60.0, "ty": 0, "defocus": 3.683212812742027, "alpha": 90, "iteration": 1028, "gamma": 90.0}
{"beta": 90, "tz": 0, "actin_num": 8, "tx": -60.0, "ty": 0, "defocus": 3.0549194675114837, "alpha": 90, "iteration": 1029, "gamma": 112.5}
{"beta": 90, "tz": 0, "actin_num": 12, "tx": -60.0, "ty": 0, "defocus": 2.2033143771862114, "alpha": 90, "iteration": 1030, "gamma": 135.0}
{"beta": 90, "tz": 0, "actin_num": 5, "tx": -60.0, "ty": 0, "defocus": 3.93288949095203, "alpha": 90, "iteration": 1031, "gamma": 157.5}
{"beta": 90, "tz": 0, "actin_num": 15, "tx": -60.0, "ty": 0, "defocus": 3.5415613152072147, "alpha": 90, "iteration": 1032, "gamma": 180.0}
{"beta": 90, "tz": 0, "actin_num": 6, "tx": -60.0, "ty": 0, "defocus": 2.441138926272061, "alpha": 90, "iteration": 1033, "gamma": 202.5}
{"beta": 90, "tz": 0, "actin_num": 9, "tx": -60.0, "ty": 0, "defocus": 2.384680497215681, "alpha": 90, "iteration": 1034, "gamma": 225.0}
{"beta": 90, "tz": 0, "actin_num": 3, "tx": -60.0, "ty": 0, "defocus": 2.3311751704258885, "alpha": 90, "iteration": 1035, "gamma": 247.5}
{"beta": 90, "tz": 0, "actin_num": 17, "tx": -60.0, "ty": 0, "defocus": 3.486503116543481, "alpha": 90, "iteration": 1036, "gamma": 270.0}
{"beta": 90, "tz": 0, "actin_num": 0, "tx": -60.0, "ty": 0, "defocus": 1.7321096202063322, "alpha": 90, "iteration": 1037, "gamma": 292.5}
{"beta": 90, "tz": 0, "actin_num": 14, "tx": -60.0, "ty": 0, "defocus": 3.630674076716991, "alpha": 90, "iteration": 1038, "gamma": 315.0}
{"beta": 90, "tz": 0, "actin_num": 7, "tx": -60.0, "ty": 0, "defocus": 2.093502102891042, "alpha": 90, "iteration": 1039, "gamma": 337.5}
{"beta": 90, "tz": 0, "actin_num": 18, "tx": -30.0, "ty": 0, "defocus": 2.0060847584675843, "alpha": 90, "iteration": 1040, "gamma": 0.0}
{"beta": 90, "tz": 0, "actin_num": 3, "tx": -30.0, "ty": 0, "defocus": 3.4757405510526014, "alpha": 90, "iteration": 1041, "gamma": 22.5}
{"beta": 90, "tz": 0, "actin_num": 11, "tx": -30.0, "ty": 0, "defocus": 2.1732746770871385, "alpha": 90, "iteration": 1042, "gamma": 45.0}
{"beta": 90, "tz": 0, "actin_num": 8, "tx": -30.0, "ty": 0, "defocus": 2.079359777234819, "alpha": 90, "iteration": 1043, "gamma": 67.5}
{"beta": 90, "tz": 0, "actin_num": 4, "tx": -30.0, "ty": 0, "defocus": 3.9709349011595254, "alpha": 90, "iteration": 1044, "gamma": 90.0}
{"beta": 90, "tz": 0, "actin_num": 18, "tx": -30.0, "ty": 0, "defocus": 3.3754659367955924, "alpha": 90, "iteration": 1045, "gamma": 112.5}
{"beta": 90, "tz": 0, "actin_num": 5, "tx": -30.0, "ty": 0, "defocus": 2.4874128596434137, "alpha": 90, "iteration": 1046, "gamma": 135.0}
{"beta": 90, "tz": 0, "actin_num": 14, "tx": -30.0, "ty": 0, "defocus": 3.111022953556578, "alpha": 90, "iteration": 1047, "gamma": 157.5}
{"beta": 90, "tz": 0, "actin_num": 16, "tx": -30.0, "ty": 0, "defocus": 2.035430354420488, "alpha": 90, "iteration": 1048, "gamma": 180.0}
{"beta": 90, "tz": 0, "actin_num": 8, "tx": -30.0, "ty": 0, "defocus": 2.829646718149161, "alpha": 90, "iteration": 1049, "gamma": 202.5}
{"beta": 90, "tz": 0, "actin_num": 2, "tx": -30.0, "ty": 0, "defocus": 3.7830463941908783, "alpha": 90, "iteration": 1050, "gamma": 225.0}
{"beta": 90, "tz": 0, "actin_num": 11, "tx": -30.0, "ty": 0, "defocus": 3.659664530565821, "alpha": 90, "iteration": 1051, "gamma": 247.5}
{"beta": 90, "tz": 0, "actin_num": 14, "tx": -30.0, "ty": 0, "defocus": 2.7896513980839632, "alpha": 90, "iteration": 1052, "gamma": 270.0}
{"beta": 90, "tz": 0, "actin_num": 12, "tx": -30.0, "ty": 0, "defocus": 3.1006327187815677, "alpha": 90, "iteration": 1053, "gamma": 292.5}
{"beta": 90, "tz": 0, "actin_num": 19, "tx": -30.0, "ty": 0, "defocus": 3.8557144700443597, "alpha": 90, "iteration": 1054, "gamma": 315.0}
{"beta": 90, "tz": 0, "actin_num": 8, "tx": -30.0, "ty": 0, "defocus": 2.0034801904031956, "alpha": 90, "iteration": 1055, "gamma": 337.5}
{"beta": 90, "tz": 0, "actin_num": 3, "tx": 0.0, "ty": 0, "defocus": 3.361623098513263, "alpha": 90, "iteration": 1056, "gamma": 0.0}
{"beta": 90, "tz": 0, "actin_num": 18, "tx": 0.0, "ty": 0, "defocus": 2.394174964410953, "alpha": 90, "iteration": 1057, "gamma": 22.5}
{"beta": 90, "tz": 0, "actin_num": 13, "tx": 0.0, "ty": 0, "defocus": 3.0775193793181703, "alpha": 90, "iteration": 1058, "gamma": 45.0}
{"beta": 90, "tz": 0, "actin_num": 18, "tx": 0.0, "ty": 0, "defocus": 3.94045886481461, "alpha": 90, "iteration": 1059, "gamma": 67.5}
{"beta": 90, "tz": 0, "actin_num": 2, "tx": 0.0, "ty": 0, "defocus": 2.535477139706945, "alpha": 90, "iteration": 1060, "gamma": 90.0}
{"beta": 90, "tz": 0, "actin_num": 1, "tx": 0.0, "ty": 0, "defocus": 2.4342066070796182, "alpha": 90, "iteration": 1061, "gamma": 112.5}
{"beta": 90, "tz": 0, "actin_num": 4, "tx": 0.0, "ty": 0, "defocus": 2.0868723855865285, "alpha": 90, "iteration": 1062, "gamma": 135.0}
{"beta": 90, "tz": 0, "actin_num": 12, "tx": 0.0, "ty": 0, "defocus": 3.6960727084353113, "alpha": 90, "iteration": 1063, "gamma": 157.5}
{"beta": 90, "tz": 0, "actin_num": 6, "tx": 0.0, "ty": 0, "defocus": 2.018538424807387, "alpha": 90, "iteration": 1064, "gamma": 180.0}
{"beta": 90, "tz": 0, "actin_num": 15, "tx": 0.0, "ty": 0, "defocus": 3.8423631171434147, "alpha": 90,