{"beta": 90, "tz": 0, "actin_num": 0, "tx": -90.0, "ty": 0, "defocus": 1.8113825187668493, "alpha": 90, "iteration": 448, "gamma": 0.0}
{"beta": 90, "tz": 0, "actin_num": 10, "tx": -90.0, "ty": 0, "defocus": 2.54314549855549, "alpha": 90, "iteration": 449, "gamma": 22.5}
{"beta": 90, "tz": 0, "actin_num": 6, "tx": -90.0, "ty": 0, "defocus": 3.128002076336421, "alpha": 90, "iteration": 450, "gamma": 45.0}
{"beta": 90, "tz": 0, "actin_num": 3, "tx": -90.0, "ty": 0, "defocus": 1.6406130751294303, "alpha": 90, "iteration": 451, "gamma": 67.5}
{"beta": 90, "tz": 0, "actin_num": 12, "tx": -90.0, "ty": 0, "defocus": 1.6356323177902912, "alpha": 90, "iteration": 452, "gamma": 90.0}
{"beta": 90, "tz": 0, "actin_num": 7, "tx": -90.0, "ty": 0, "defocus": 2.8845651722982897, "alpha": 90, "iteration": 453, "gamma": 112.5}
{"beta": 90, "tz": 0, "actin_num": 15, "tx": -90.0, "ty": 0, "defocus": 3.6512718276034604, "alpha": 90, "iteration": 454, "gamma": 135.0}
{"beta": 90, "tz": 0, "actin_num": 4, "tx": -90.0, "ty": 0, "defocus": 3.4893225460881547, "alpha": 90, "iteration": 455, "gamma": 157.5}
{"beta": 90, "tz": 0, "actin_num": 10, "tx": -90.0, "ty": 0, "defocus": 1.6794760991724953, "alpha": 90, "iteration": 456, "gamma": 180.0}
{"beta": 90, "tz": 0, "actin_num": 5, "tx": -90.0, "ty": 0, "defocus": 3.921416012564676, "alpha": 90, "iteration": 457, "gamma": 202.5}
{"beta": 90, "tz": 0, "actin_num": 18, "tx": -90.0, "ty": 0, "defocus": 2.8622860747263648, "alpha": 90, "iteration": 458, "gamma": 225.0}
{"beta": 90, "tz": 0, "actin_num": 15, "tx": -90.0, "ty": 0, "defocus": 1.9474099608515998, "alpha": 90, "iteration": 459, "gamma": 247.5}
{"beta": 90, "tz": 0, "actin_num": 0, "tx": -90.0, "ty": 0, "defocus": 2.8933156423380435, "alpha": 90, "iteration": 460, "gamma": 270.0}
{"beta": 90, "tz": 0, "actin_num": 6, "tx": -90.0, "ty": 0, "defocus": 2.181280197282896, "alpha": 90, "iteration": 461, "gamma": 292.5}
{"beta": 90, "tz": 0, "actin_num": 5, "tx": -90.0, "ty": 0, "defocus": 1.880110262745547, "alpha": 90, "iteration": 462, "gamma": 315.0}
{"beta": 90, "tz": 0, "actin_num": 16, "tx": -90.0, "ty": 0, "defocus": 2.0410842849514967, "alpha": 90, "iteration": 463, "gamma": 337.5}
{"beta": 90, "tz": 0, "actin_num": 15, "tx": -60.0, "ty": 0, "defocus": 3.000934984518876, "alpha": 90, "iteration": 464, "gamma": 0.0}
{"beta": 90, "tz": 0, "actin_num": 1, "tx": -60.0, "ty": 0, "defocus": 3.6731582927629907, "alpha": 90, "iteration": 465, "gamma": 22.5}
{"beta": 90, "tz": 0, "actin_num": 19, "tx": -60.0, "ty": 0, "defocus": 3.7848181339863753, "alpha": 90, "iteration": 466, "gamma": 45.0}
{"beta": 90, "tz": 0, "actin_num": 0, "tx": -60.0, "ty": 0, "defocus": 2.473688552813741, "alpha": 90, "iteration": 467, "gamma": 67.5}
{"beta": 90, "tz": 0, "actin_num": 1, "tx": -60.0, "ty": 0, "defocus": 3.706391281028529, "alpha": 90, "iteration": 468, "gamma": 90.0}
{"beta": 90, "tz": 0, "actin_num": 15, "tx": -60.0, "ty": 0, "defocus": 3.72427453487494, "alpha": 90, "iteration": 469, "gamma": 112.5}
{"beta": 90, "tz": 0, "actin_num": 12, "tx": -60.0, "ty": 0, "defocus": 1.9027228732318218, "alpha": 90, "iteration": 470, "gamma": 135.0}
{"beta": 90, "tz": 0, "actin_num": 17, "tx": -60.0, "ty": 0, "defocus": 2.0307650868065794, "alpha": 90, "iteration": 471, "gamma": 157.5}
{"beta": 90, "tz": 0, "actin_num": 11, "tx": -60.0, "ty": 0, "defocus": 3.2680719372080205, "alpha": 90, "iteration": 472, "gamma": 180.0}
{"beta": 90, "tz": 0, "actin_num": 3, "tx": -60.0, "ty": 0, "defocus": 2.9365698115437633, "alpha": 90, "iteration": 473, "gamma": 202.5}
{"beta": 90, "tz": 0, "actin_num": 17, "tx": -60.0, "ty": 0, "defocus": 3.93657626488592, "alpha": 90, "iteration": 474, "gamma": 225.0}
{"beta": 90, "tz": 0, "actin_num": 18, "tx": -60.0, "ty": 0, "defocus": 2.6843626996905954, "alpha": 90, "iteration": 475, "gamma": 247.5}
{"beta": 90, "tz": 0, "actin_num": 1, "tx": -60.0, "ty": 0, "defocus": 2.884607361230632, "alpha": 90, "iteration": 476, "gamma": 270.0}
{"beta": 90, "tz": 0, "actin_num": 12, "tx": -60.0, "ty": 0, "defocus": 2.027134843974364, "alpha": 90, "iteration": 477, "gamma": 292.5}
{"beta": 90, "tz": 0, "actin_num": 7, "tx": -60.0, "ty": 0, "defocus": 3.1809678498761302, "alpha": 90, "iteration": 478, "gamma": 315.0}
{"beta": 90, "tz": 0, "actin_num": 5, "tx": -60.0, "ty": 0, "defocus": 2.182760210330145, "alpha": 90, "iteration": 479, "gamma": 337.5}
{"beta": 90, "tz": 0, "actin_num": 8, "tx": -30.0, "ty": 0, "defocus": 2.5709495085835967, "alpha": 90, "iteration": 480, "gamma": 0.0}
{"beta": 90, "tz": 0, "actin_num": 3, "tx": -30.0, "ty": 0, "defocus": 3.0153341392608715, "alpha": 90, "iteration": 481, "gamma": 22.5}
{"beta": 90, "tz": 0, "actin_num": 10, "tx": -30.0, "ty": 0, "defocus": 3.7749778156434983, "alpha": 90, "iteration": 482, "gamma": 45.0}
{"beta": 90, "tz": 0, "actin_num": 9, "tx": -30.0, "ty": 0, "defocus": 2.2916324463354947, "alpha": 90, "iteration": 483, "gamma": 67.5}
{"beta": 90, "tz": 0, "actin_num": 6, "tx": -30.0, "ty": 0, "defocus": 3.7853795135808896, "alpha": 90, "iteration": 484, "gamma": 90.0}
{"beta": 90, "tz": 0, "actin_num": 12, "tx": -30.0, "ty": 0, "defocus": 2.044518645547024, "alpha": 90, "iteration": 485, "gamma": 112.5}
{"beta": 90, "tz": 0, "actin_num": 18, "tx": -30.0, "ty": 0, "defocus": 3.3284914488344897, "alpha": 90, "iteration": 486, "gamma": 135.0}
{"beta": 90, "tz": 0, "actin_num": 13, "tx": -30.0, "ty": 0, "defocus": 2.967204754155656, "alpha": 90, "iteration": 487, "gamma": 157.5}
{"beta": 90, "tz": 0, "actin_num": 5, "tx": -30.0, "ty": 0, "defocus": 1.8500881861933829, "alpha": 90, "iteration": 488, "gamma": 180.0}
{"beta": 90, "tz": 0, "actin_num": 7, "tx": -30.0, "ty": 0, "defocus": 2.571432227274753, "alpha": 90, "iteration": 489, "gamma": 202.5}
{"beta": 90, "tz": 0, "actin_num": 17, "tx": -30.0, "ty": 0, "defocus": 3.8576680846205282, "alpha": 90, "iteration": 490, "gamma": 225.0}
{"beta": 90, "tz": 0, "actin_num": 13, "tx": -30.0, "ty": 0, "defocus": 3.9017947636645767, "alpha": 90, "iteration": 491, "gamma": 247.5}
{"beta": 90, "tz": 0, "actin_num": 7, "tx": -30.0, "ty": 0, "defocus": 1.6238028831544957, "alpha": 90, "iteration": 492, "gamma": 270.0}
{"beta": 90, "tz": 0, "actin_num": 10, "tx": -30.0, "ty": 0, "defocus": 3.002040191902023, "alpha": 90, "iteration": 493, "gamma": 292.5}
{"beta": 90, "tz": 0, "actin_num": 19, "tx": -30.0, "ty": 0, "defocus": 2.101268431903751, "alpha": 90, "iteration": 494, "gamma": 315.0}
{"beta": 90, "tz": 0, "actin_num": 3, "tx": -30.0, "ty": 0, "defocus": 2.066388509894108, "alpha": 90, "iteration": 495, "gamma": 337.5}
{"beta": 90, "tz": 0, "actin_num": 0, "tx": 0.0, "ty": 0, "defocus": 3.333840889327802, "alpha": 90, "iteration": 496, "gamma": 0.0}
{"beta": 90, "tz": 0, "actin_num": 10, "tx": 0.0, "ty": 0, "defocus": 3.322170083620544, "alpha": 90, "iteration": 497, "gamma": 22.5}
{"beta": 90, "tz": 0, "actin_num": 19, "tx": 0.0, "ty": 0, "defocus": 3.287444823935151, "alpha": 90, "iteration": 498, "gamma": 45.0}
{"beta": 90, "tz": 0, "actin_num": 19, "tx": 0.0, "ty": 0, "defocus": 1.6246634018663861, "alpha": 90, "iteration": 499, "gamma": 67.5}
{"beta": 90, "tz": 0, "actin_num": 7, "tx": 0.0, "ty": 0, "defocus": 2.381442012196571, "alpha": 90, "iteration": 500, "gamma": 90.0}
{"beta": 90, "tz": 0, "actin_num": 8, "tx": 0.0, "ty": 0, "defocus": 3.3257944405682527, "alpha": 90, "iteration": 501, "gamma": 112.5}
{"beta": 90, "tz": 0, "actin_num": 13, "tx": 0.0, "ty": 0, "defocus": 3.9464165651535943, "alpha": 90, "iteration": 502, "gamma": 135.0}
{"beta": 90, "tz": 0, "actin_num": 11, "tx": 0.0, "ty": 0, "defocus": 2.657876211031298, "alpha": 90, "iteration": 503, "gamma": 157.5}
{"beta": 90, "tz": 0, "actin_num": 8, "tx": 0.0, "ty": 0, "defocus": 1.847295221187516, "alpha": 90, "iteration": 504, "gamma": 180.0}
{"beta": 90, "tz": 0, "actin_num": 16, "tx": 0.0, "ty": 0, "defocus": 3.558924621294434, "alpha": 90, "iteration": 505, "gamma": 202.5}
{"beta": 90, "tz": 0, "actin_num": 3,