{"beta": 90, "tz": 0, "actin_num": 11, "tx": -90.0, "ty": 0, "defocus": 3.2752201083274906, "alpha": 90, "iteration": 336, "gamma": 0.0}
{"beta": 90, "tz": 0, "actin_num": 19, "tx": -90.0, "ty": 0, "defocus": 2.7932043315781767, "alpha": 90, "iteration": 337, "gamma": 22.5}
{"beta": 90, "tz": 0, "actin_num": 16, "tx": -90.0, "ty": 0, "defocus": 1.7158064831386481, "alpha": 90, "iteration": 338, "gamma": 45.0}
{"beta": 90, "tz": 0, "actin_num": 7, "tx": -90.0, "ty": 0, "defocus": 3.8713525437928777, "alpha": 90, "iteration": 339, "gamma": 67.5}
{"beta": 90, "tz": 0, "actin_num": 9, "tx": -90.0, "ty": 0, "defocus": 1.7419956165860782, "alpha": 90, "iteration": 340, "gamma": 90.0}
{"beta": 90, "tz": 0, "actin_num": 4, "tx": -90.0, "ty": 0, "defocus": 2.206476408663902, "alpha": 90, "iteration": 341, "gamma": 112.5}
{"beta": 90, "tz": 0, "actin_num": 11, "tx": -90.0, "ty": 0, "defocus": 2.4023341057416454, "alpha": 90, "iteration": 342, "gamma": 135.0}
{"beta": 90, "tz": 0, "actin_num": 18, "tx": -90.0, "ty": 0, "defocus": 3.4081573466252255, "alpha": 90, "iteration": 343, "gamma": 157.5}
{"beta": 90, "tz": 0, "actin_num": 6, "tx": -90.0, "ty": 0, "defocus": 3.46732455990606, "alpha": 90, "iteration": 344, "gamma": 180.0}
{"beta": 90, "tz": 0, "actin_num": 1, "tx": -90.0, "ty": 0, "defocus": 3.329292247129236, "alpha": 90, "iteration": 345, "gamma": 202.5}
{"beta": 90, "tz": 0, "actin_num": 7, "tx": -90.0, "ty": 0, "defocus": 2.790186378736135, "alpha": 90, "iteration": 346, "gamma": 225.0}
{"beta": 90, "tz": 0, "actin_num": 13, "tx": -90.0, "ty": 0, "defocus": 3.4244255582635827, "alpha": 90, "iteration": 347, "gamma": 247.5}
{"beta": 90, "tz": 0, "actin_num": 14, "tx": -90.0, "ty": 0, "defocus": 2.7162662383849865, "alpha": 90, "iteration": 348, "gamma": 270.0}
{"beta": 90, "tz": 0, "actin_num": 15, "tx": -90.0, "ty": 0, "defocus": 3.7217098050531052, "alpha": 90, "iteration": 349, "gamma": 292.5}
{"beta": 90, "tz": 0, "actin_num": 14, "tx": -90.0, "ty": 0, "defocus": 1.9011404007261024, "alpha": 90, "iteration": 350, "gamma": 315.0}
{"beta": 90, "tz": 0, "actin_num": 15, "tx": -90.0, "ty": 0, "defocus": 3.619273436153608, "alpha": 90, "iteration": 351, "gamma": 337.5}
{"beta": 90, "tz": 0, "actin_num": 8, "tx": -60.0, "ty": 0, "defocus": 1.712831579643407, "alpha": 90, "iteration": 352, "gamma": 0.0}
{"beta": 90, "tz": 0, "actin_num": 18, "tx": -60.0, "ty": 0, "defocus": 2.211216643727348, "alpha": 90, "iteration": 353, "gamma": 22.5}
{"beta": 90, "tz": 0, "actin_num": 8, "tx": -60.0, "ty": 0, "defocus": 2.438546148814716, "alpha": 90, "iteration": 354, "gamma": 45.0}
{"beta": 90, "tz": 0, "actin_num": 3, "tx": -60.0, "ty": 0, "defocus": 3.630595024051937, "alpha": 90, "iteration": 355, "gamma": 67.5}
{"beta": 90, "tz": 0, "actin_num": 11, "tx": -60.0, "ty": 0, "defocus": 2.498970805249665, "alpha": 90, "iteration": 356, "gamma": 90.0}
{"beta": 90, "tz": 0, "actin_num": 9, "tx": -60.0, "ty": 0, "defocus": 1.938649463279815, "alpha": 90, "iteration": 357, "gamma": 112.5}
{"beta": 90, "tz": 0, "actin_num": 8, "tx": -60.0, "ty": 0, "defocus": 2.302181969622812, "alpha": 90, "iteration": 358, "gamma": 135.0}
{"beta": 90, "tz": 0, "actin_num": 11, "tx": -60.0, "ty": 0, "defocus": 2.899901309207081, "alpha": 90, "iteration": 359, "gamma": 157.5}
{"beta": 90, "tz": 0, "actin_num": 18, "tx": -60.0, "ty": 0, "defocus": 2.2086950455683767, "alpha": 90, "iteration": 360, "gamma": 180.0}
{"beta": 90, "tz": 0, "actin_num": 10, "tx": -60.0, "ty": 0, "defocus": 2.2679648793454894, "alpha": 90, "iteration": 361, "gamma": 202.5}
{"beta": 90, "tz": 0, "actin_num": 6, "tx": -60.0, "ty": 0, "defocus": 3.7735832807473804, "alpha": 90, "iteration": 362, "gamma": 225.0}
{"beta": 90, "tz": 0, "actin_num": 14, "tx": -60.0, "ty": 0, "defocus": 3.7992834972737404, "alpha": 90, "iteration": 363, "gamma": 247.5}
{"beta": 90, "tz": 0, "actin_num": 4, "tx": -60.0, "ty": 0, "defocus": 3.421659399029072, "alpha": 90, "iteration": 364, "gamma": 270.0}
{"beta": 90, "tz": 0, "actin_num": 12, "tx": -60.0, "ty": 0, "defocus": 1.8843000872933349, "alpha": 90, "iteration": 365, "gamma": 292.5}
{"beta": 90, "tz": 0, "actin_num": 17, "tx": -60.0, "ty": 0, "defocus": 2.958125258266937, "alpha": 90, "iteration": 366, "gamma": 315.0}
{"beta": 90, "tz": 0, "actin_num": 10, "tx": -60.0, "ty": 0, "defocus": 2.119421070014491, "alpha": 90, "iteration": 367, "gamma": 337.5}
{"beta": 90, "tz": 0, "actin_num": 9, "tx": -30.0, "ty": 0, "defocus": 2.2206107304557197, "alpha": 90, "iteration": 368, "gamma": 0.0}
{"beta": 90, "tz": 0, "actin_num": 13, "tx": -30.0, "ty": 0, "defocus": 2.046457781879246, "alpha": 90, "iteration": 369, "gamma": 22.5}
{"beta": 90, "tz": 0, "actin_num": 4, "tx": -30.0, "ty": 0, "defocus": 2.279900862529229, "alpha": 90, "iteration": 370, "gamma": 45.0}
{"beta": 90, "tz": 0, "actin_num": 14, "tx": -30.0, "ty": 0, "defocus": 3.2495638090392744, "alpha": 90, "iteration": 371, "gamma": 67.5}
{"beta": 90, "tz": 0, "actin_num": 12, "tx": -30.0, "ty": 0, "defocus": 2.2890847304657864, "alpha": 90, "iteration": 372, "gamma": 90.0}
{"beta": 90, "tz": 0, "actin_num": 9, "tx": -30.0, "ty": 0, "defocus": 1.8542798639914349, "alpha": 90, "iteration": 373, "gamma": 112.5}
{"beta": 90, "tz": 0, "actin_num": 14, "tx": -30.0, "ty": 0, "defocus": 2.8595092839434626, "alpha": 90, "iteration": 374, "gamma": 135.0}
{"beta": 90, "tz": 0, "actin_num": 4, "tx": -30.0, "ty": 0, "defocus": 2.792774440250941, "alpha": 90, "iteration": 375, "gamma": 157.5}
{"beta": 90, "tz": 0, "actin_num": 6, "tx": -30.0, "ty": 0, "defocus": 2.2783655898750474, "alpha": 90, "iteration": 376, "gamma": 180.0}
{"beta": 90, "tz": 0, "actin_num": 13, "tx": -30.0, "ty": 0, "defocus": 3.303606949906385, "alpha": 90, "iteration": 377, "gamma": 202.5}
{"beta": 90, "tz": 0, "actin_num": 6, "tx": -30.0, "ty": 0, "defocus": 2.6330325874472758, "alpha": 90, "iteration": 378, "gamma": 225.0}
{"beta": 90, "tz": 0, "actin_num": 0, "tx": -30.0, "ty": 0, "defocus": 2.0221904596184284, "alpha": 90, "iteration": 379, "gamma": 247.5}
{"beta": 90, "tz": 0, "actin_num": 14, "tx": -30.0, "ty": 0, "defocus": 1.797319908055454, "alpha": 90, "iteration": 380, "gamma": 270.0}
{"beta": 90, "tz": 0, "actin_num": 11, "tx": -30.0, "ty": 0, "defocus": 3.555725258804651, "alpha": 90, "iteration": 381, "gamma": 292.5}
{"beta": 90, "tz": 0, "actin_num": 6, "tx": -30.0, "ty": 0, "defocus": 2.683873182251488, "alpha": 90, "iteration": 382, "gamma": 315.0}
{"beta": 90, "tz": 0, "actin_num": 11, "tx": -30.0, "ty": 0, "defocus": 2.766736517243621, "alpha": 90, "iteration": 383, "gamma": 337.5}
{"beta": 90, "tz": 0, "actin_num": 14, "tx": 0.0, "ty": 0, "defocus": 2.0379881911644286, "alpha": 90, "iteration": 384, "gamma": 0.0}
{"beta": 90, "tz": 0, "actin_num": 10, "tx": 0.0, "ty": 0, "defocus": 2.2407798046681306, "alpha": 90, "iteration": 385, "gamma": 22.5}
{"beta": 90, "tz": 0, "actin_num": 0, "tx": 0.0, "ty": 0, "defocus": 1.7158875525155937, "alpha": 90, "iteration": 386, "gamma": 45.0}
{"beta": 90, "tz": 0, "actin_num": 10, "tx": 0.0, "ty": 0, "defocus": 1.7250742102378895, "alpha": 90, "iteration": 387, "gamma": 67.5}
{"beta": 90, "tz": 0, "actin_num": 0, "tx": 0.0, "ty": 0, "defocus": 2.510245203653702, "alpha": 90, "iteration": 388, "gamma": 90.0}
{"beta": 90, "tz": 0, "actin_num": 14, "tx": 0.0, "ty": 0, "defocus": 3.827266606188436, "alpha": 90, "iteration": 389, "gamma": 112.5}
{"beta": 90, "tz": 0, "actin_num": 2, "tx": 0.0, "ty": 0, "defocus": 1.823743692165491, "alpha": 90, "iteration": 390, "gamma": 135.0}
{"beta": 90, "tz": 0, "actin_num": 7, "tx": 0.0, "ty": 0, "defocus": 3.483957168638974, "alpha": 90, "iteration": 391, "gamma": 157.5}
{"beta": 90, "tz": 0, "actin_num": 15, "tx": 0.0, "ty": 0, "defocus": 3.6333438493811068, "alpha": 90, "iteration": 392, "gamma": 180.0}
{"beta": 90, "tz": 0, "actin_num": 15, "tx": 0.0, "ty": 0, "defocus": 2.6432256581656146, "alpha": 90, "iteration": 393, "gamma": 202.5}
{"beta": 90, "tz": 0,