{"beta": 90, "tz": 0, "actin_num": 4, "tx": -90.0, "ty": 0, "defocus": 2.099121183949212, "alpha": 90, "iteration": 1792, "gamma": 0.0}
{"beta": 90, "tz": 0, "actin_num": 11, "tx": -90.0, "ty": 0, "defocus": 3.2708267210838473, "alpha": 90, "iteration": 1793, "gamma": 22.5}
{"beta": 90, "tz": 0, "actin_num": 1, "tx": -90.0, "ty": 0, "defocus": 3.319525504934128, "alpha": 90, "iteration": 1794, "gamma": 45.0}
{"beta": 90, "tz": 0, "actin_num": 12, "tx": -90.0, "ty": 0, "defocus": 2.8905116203491685, "alpha": 90, "iteration": 1795, "gamma": 67.5}
{"beta": 90, "tz": 0, "actin_num": 5, "tx": -90.0, "ty": 0, "defocus": 3.7206063989372407, "alpha": 90, "iteration": 1796, "gamma": 90.0}
{"beta": 90, "tz": 0, "actin_num": 19, "tx": -90.0, "ty": 0, "defocus": 1.750311581079656, "alpha": 90, "iteration": 1797, "gamma": 112.5}
{"beta": 90, "tz": 0, "actin_num": 5, "tx": -90.0, "ty": 0, "defocus": 3.5589641331451367, "alpha": 90, "iteration": 1798, "gamma": 135.0}
{"beta": 90, "tz": 0, "actin_num": 17, "tx": -90.0, "ty": 0, "defocus": 1.6681026304014752, "alpha": 90, "iteration": 1799, "gamma": 157.5}
{"beta": 90, "tz": 0, "actin_num": 3, "tx": -90.0, "ty": 0, "defocus": 3.329657911816722, "alpha": 90, "iteration": 1800, "gamma": 180.0}
{"beta": 90, "tz": 0, "actin_num": 13, "tx": -90.0, "ty": 0, "defocus": 3.2834416033203855, "alpha": 90, "iteration": 1801, "gamma": 202.5}
{"beta": 90, "tz": 0, "actin_num": 13, "tx": -90.0, "ty": 0, "defocus": 2.5202119135465684, "alpha": 90, "iteration": 1802, "gamma": 225.0}
{"beta": 90, "tz": 0, "actin_num": 19, "tx": -90.0, "ty": 0, "defocus": 1.7037774093955294, "alpha": 90, "iteration": 1803, "gamma": 247.5}
{"beta": 90, "tz": 0, "actin_num": 17, "tx": -90.0, "ty": 0, "defocus": 1.7641705403583694, "alpha": 90, "iteration": 1804, "gamma": 270.0}
{"beta": 90, "tz": 0, "actin_num": 18, "tx": -90.0, "ty": 0, "defocus": 1.6770678163805246, "alpha": 90, "iteration": 1805, "gamma": 292.5}
{"beta": 90, "tz": 0, "actin_num": 7, "tx": -90.0, "ty": 0, "defocus": 3.7971046427319033, "alpha": 90, "iteration": 1806, "gamma": 315.0}
{"beta": 90, "tz": 0, "actin_num": 0, "tx": -90.0, "ty": 0, "defocus": 2.1424724248321767, "alpha": 90, "iteration": 1807, "gamma": 337.5}
{"beta": 90, "tz": 0, "actin_num": 10, "tx": -60.0, "ty": 0, "defocus": 3.1244061044062468, "alpha": 90, "iteration": 1808, "gamma": 0.0}
{"beta": 90, "tz": 0, "actin_num": 11, "tx": -60.0, "ty": 0, "defocus": 3.1541440209645355, "alpha": 90, "iteration": 1809, "gamma": 22.5}
{"beta": 90, "tz": 0, "actin_num": 19, "tx": -60.0, "ty": 0, "defocus": 3.932356488786279, "alpha": 90, "iteration": 1810, "gamma": 45.0}
{"beta": 90, "tz": 0, "actin_num": 11, "tx": -60.0, "ty": 0, "defocus": 3.549726454435045, "alpha": 90, "iteration": 1811, "gamma": 67.5}
{"beta": 90, "tz": 0, "actin_num": 7, "tx": -60.0, "ty": 0, "defocus": 2.8530539656991247, "alpha": 90, "iteration": 1812, "gamma": 90.0}
{"beta": 90, "tz": 0, "actin_num": 7, "tx": -60.0, "ty": 0, "defocus": 2.3560607434152905, "alpha": 90, "iteration": 1813, "gamma": 112.5}
{"beta": 90, "tz": 0, "actin_num": 18, "tx": -60.0, "ty": 0, "defocus": 3.3091365461096194, "alpha": 90, "iteration": 1814, "gamma": 135.0}
{"beta": 90, "tz": 0, "actin_num": 10, "tx": -60.0, "ty": 0, "defocus": 3.770197700412781, "alpha": 90, "iteration": 1815, "gamma": 157.5}
{"beta": 90, "tz": 0, "actin_num": 18, "tx": -60.0, "ty": 0, "defocus": 3.0583554543553557, "alpha": 90, "iteration": 1816, "gamma": 180.0}
{"beta": 90, "tz": 0, "actin_num": 11, "tx": -60.0, "ty": 0, "defocus": 2.4566761934268904, "alpha": 90, "iteration": 1817, "gamma": 202.5}
{"beta": 90, "tz": 0, "actin_num": 8, "tx": -60.0, "ty": 0, "defocus": 3.1873075093854393, "alpha": 90, "iteration": 1818, "gamma": 225.0}
{"beta": 90, "tz": 0, "actin_num": 5, "tx": -60.0, "ty": 0, "defocus": 2.3777238333449793, "alpha": 90, "iteration": 1819, "gamma": 247.5}
{"beta": 90, "tz": 0, "actin_num": 13, "tx": -60.0, "ty": 0, "defocus": 2.236373381042282, "alpha": 90, "iteration": 1820, "gamma": 270.0}
{"beta": 90, "tz": 0, "actin_num": 17, "tx": -60.0, "ty": 0, "defocus": 3.2118627884702233, "alpha": 90, "iteration": 1821, "gamma": 292.5}
{"beta": 90, "tz": 0, "actin_num": 12, "tx": -60.0, "ty": 0, "defocus": 2.050497405682747, "alpha": 90, "iteration": 1822, "gamma": 315.0}
{"beta": 90, "tz": 0, "actin_num": 1, "tx": -60.0, "ty": 0, "defocus": 1.7308120891140222, "alpha": 90, "iteration": 1823, "gamma": 337.5}
{"beta": 90, "tz": 0, "actin_num": 0, "tx": -30.0, "ty": 0, "defocus": 2.2424659979037864, "alpha": 90, "iteration": 1824, "gamma": 0.0}
{"beta": 90, "tz": 0, "actin_num": 18, "tx": -30.0, "ty": 0, "defocus": 3.343894846460029, "alpha": 90, "iteration": 1825, "gamma": 22.5}
{"beta": 90, "tz": 0, "actin_num": 19, "tx": -30.0, "ty": 0, "defocus": 3.45666903534953, "alpha": 90, "iteration": 1826, "gamma": 45.0}
{"beta": 90, "tz": 0, "actin_num": 4, "tx": -30.0, "ty": 0, "defocus": 2.2691986752239237, "alpha": 90, "iteration": 1827, "gamma": 67.5}
{"beta": 90, "tz": 0, "actin_num": 13, "tx": -30.0, "ty": 0, "defocus": 1.6959803238240705, "alpha": 90, "iteration": 1828, "gamma": 90.0}
{"beta": 90, "tz": 0, "actin_num": 7, "tx": -30.0, "ty": 0, "defocus": 3.626436644757557, "alpha": 90, "iteration": 1829, "gamma": 112.5}
{"beta": 90, "tz": 0, "actin_num": 17, "tx": -30.0, "ty": 0, "defocus": 3.568445810610383, "alpha": 90, "iteration": 1830, "gamma": 135.0}
{"beta": 90, "tz": 0, "actin_num": 4, "tx": -30.0, "ty": 0, "defocus": 3.7007033668239475, "alpha": 90, "iteration": 1831, "gamma": 157.5}
{"beta": 90, "tz": 0, "actin_num": 15, "tx": -30.0, "ty": 0, "defocus": 3.8726800760906204, "alpha": 90, "iteration": 1832, "gamma": 180.0}
{"beta": 90, "tz": 0, "actin_num": 16, "tx": -30.0, "ty": 0, "defocus": 2.5612221045878187, "alpha": 90, "iteration": 1833, "gamma": 202.5}
{"beta": 90, "tz": 0, "actin_num": 14, "tx": -30.0, "ty": 0, "defocus": 3.9431989391507014, "alpha": 90, "iteration": 1834, "gamma": 225.0}
{"beta": 90, "tz": 0, "actin_num": 3, "tx": -30.0, "ty": 0, "defocus": 2.0944387518014618, "alpha": 90, "iteration": 1835, "gamma": 247.5}
{"beta": 90, "tz": 0, "actin_num": 4, "tx": -30.0, "ty": 0, "defocus": 2.2139059258901637, "alpha": 90, "iteration": 1836, "gamma": 270.0}
{"beta": 90, "tz": 0, "actin_num": 2, "tx": -30.0, "ty": 0, "defocus": 1.9408904301194554, "alpha": 90, "iteration": 1837, "gamma": 292.5}
{"beta": 90, "tz": 0, "actin_num": 3, "tx": -30.0, "ty": 0, "defocus": 2.3166678217753387, "alpha": 90, "iteration": 1838, "gamma": 315.0}
{"beta": 90, "tz": 0, "actin_num": 4, "tx": -30.0, "ty": 0, "defocus": 3.4023887462119955, "alpha": 90, "iteration": 1839, "gamma": 337.5}
{"beta": 90, "tz": 0, "actin_num": 10, "tx": 0.0, "ty": 0, "defocus": 3.6006886025377045, "alpha": 90, "iteration": 1840, "gamma": 0.0}
{"beta": 90, "tz": 0, "actin_num": 16, "tx": 0.0, "ty": 0, "defocus": 2.399911410125599, "alpha": 90, "iteration": 1841, "gamma": 22.5}
{"beta": 90, "tz": 0, "actin_num": 11, "tx": 0.0, "ty": 0, "defocus": 3.016797239733304, "alpha": 90, "iteration": 1842, "gamma": 45.0}
{"beta": 90, "tz": 0, "actin_num": 2, "tx": 0.0, "ty": 0, "defocus": 2.121286670091613, "alpha": 90, "iteration": 1843, "gamma": 67.5}
{"beta": 90, "tz": 0, "actin_num": 15, "tx": 0.0, "ty": 0, "defocus": 1.6440276234572997, "alpha": 90, "iteration": 1844, "gamma": 90.0}
{"beta": 90, "tz": 0, "actin_num": 0, "tx": 0.0, "ty": 0, "defocus": 2.8457948219791103, "alpha": 90, "iteration": 1845, "gamma": 112.5}
{"beta": 90, "tz": 0, "actin_num": 4, "tx": 0.0, "ty": 0, "defocus": 3.1914206898800725, "alpha": 90, "iteration": 1846, "gamma": 135.0}
{"beta": 90, "tz": 0, "actin_num": 10, "tx": 0.0, "ty": 0, "defocus": 3.3875084016134362, "alpha": 90, "iteration": 1847, "gamma": 157.5}
{"beta": 90, "tz": 0, "actin_num": 5, "tx": 0.0, "ty": 0, "defocus": 3.1955059738309313, "alpha": 90, "iteration": 1848, "gamma": 180.0}
{"beta": 90, "tz": 0, "actin_num": 14, "tx": 0.0, "ty": 0, "defocus": 3.21946626839045, "alpha": 90,