{"beta": 90, "tz": 0, "actin_num": 2, "tx": -90.0, "ty": 0, "defocus": 1.6104251583208524, "alpha": 90, "iteration": 2016, "gamma": 0.0}
{"beta": 90, "tz": 0, "actin_num": 11, "tx": -90.0, "ty": 0, "defocus": 2.8184409131402397, "alpha": 90, "iteration": 2017, "gamma": 22.5}
{"beta": 90, "tz": 0, "actin_num": 12, "tx": -90.0, "ty": 0, "defocus": 3.2683119547304917, "alpha": 90, "iteration": 2018, "gamma": 45.0}
{"beta": 90, "tz": 0, "actin_num": 9, "tx": -90.0, "ty": 0, "defocus": 2.1816912834072304, "alpha": 90, "iteration": 2019, "gamma": 67.5}
{"beta": 90, "tz": 0, "actin_num": 0, "tx": -90.0, "ty": 0, "defocus": 3.3201584553414, "alpha": 90, "iteration": 2020, "gamma": 90.0}
{"beta": 90, "tz": 0, "actin_num": 11, "tx": -90.0, "ty": 0, "defocus": 3.1720160301389155, "alpha": 90, "iteration": 2021, "gamma": 112.5}
{"beta": 90, "tz": 0, "actin_num": 14, "tx": -90.0, "ty": 0, "defocus": 2.940884756512585, "alpha": 90, "iteration": 2022, "gamma": 135.0}
{"beta": 90, "tz": 0, "actin_num": 9, "tx": -90.0, "ty": 0, "defocus": 3.025561841448096, "alpha": 90, "iteration": 2023, "gamma": 157.5}
{"beta": 90, "tz": 0, "actin_num": 19, "tx": -90.0, "ty": 0, "defocus": 3.8283165695217534, "alpha": 90, "iteration": 2024, "gamma": 180.0}
{"beta": 90, "tz": 0, "actin_num": 13, "tx": -90.0, "ty": 0, "defocus": 2.2453709777565254, "alpha": 90, "iteration": 2025, "gamma": 202.5}
{"beta": 90, "tz": 0, "actin_num": 17, "tx": -90.0, "ty": 0, "defocus": 2.6339678676551816, "alpha": 90, "iteration": 2026, "gamma": 225.0}
{"beta": 90, "tz": 0, "actin_num": 9, "tx": -90.0, "ty": 0, "defocus": 2.3441903566277356, "alpha": 90, "iteration": 2027, "gamma": 247.5}
{"beta": 90, "tz": 0, "actin_num": 0, "tx": -90.0, "ty": 0, "defocus": 2.4659295527881113, "alpha": 90, "iteration": 2028, "gamma": 270.0}
{"beta": 90, "tz": 0, "actin_num": 17, "tx": -90.0, "ty": 0, "defocus": 2.105453587778487, "alpha": 90, "iteration": 2029, "gamma": 292.5}
{"beta": 90, "tz": 0, "actin_num": 5, "tx": -90.0, "ty": 0, "defocus": 1.679045046326087, "alpha": 90, "iteration": 2030, "gamma": 315.0}
{"beta": 90, "tz": 0, "actin_num": 1, "tx": -90.0, "ty": 0, "defocus": 1.9539649684286748, "alpha": 90, "iteration": 2031, "gamma": 337.5}
{"beta": 90, "tz": 0, "actin_num": 13, "tx": -60.0, "ty": 0, "defocus": 2.4869487430318475, "alpha": 90, "iteration": 2032, "gamma": 0.0}
{"beta": 90, "tz": 0, "actin_num": 5, "tx": -60.0, "ty": 0, "defocus": 2.6129149432271754, "alpha": 90, "iteration": 2033, "gamma": 22.5}
{"beta": 90, "tz": 0, "actin_num": 17, "tx": -60.0, "ty": 0, "defocus": 2.277739675198125, "alpha": 90, "iteration": 2034, "gamma": 45.0}
{"beta": 90, "tz": 0, "actin_num": 17, "tx": -60.0, "ty": 0, "defocus": 2.1488647783853354, "alpha": 90, "iteration": 2035, "gamma": 67.5}
{"beta": 90, "tz": 0, "actin_num": 6, "tx": -60.0, "ty": 0, "defocus": 3.442373722986802, "alpha": 90, "iteration": 2036, "gamma": 90.0}
{"beta": 90, "tz": 0, "actin_num": 16, "tx": -60.0, "ty": 0, "defocus": 3.1943006341595583, "alpha": 90, "iteration": 2037, "gamma": 112.5}
{"beta": 90, "tz": 0, "actin_num": 13, "tx": -60.0, "ty": 0, "defocus": 2.8882304570460406, "alpha": 90, "iteration": 2038, "gamma": 135.0}
{"beta": 90, "tz": 0, "actin_num": 15, "tx": -60.0, "ty": 0, "defocus": 2.8658181838193126, "alpha": 90, "iteration": 2039, "gamma": 157.5}
{"beta": 90, "tz": 0, "actin_num": 1, "tx": -60.0, "ty": 0, "defocus": 2.8357686836596097, "alpha": 90, "iteration": 2040, "gamma": 180.0}
{"beta": 90, "tz": 0, "actin_num": 19, "tx": -60.0, "ty": 0, "defocus": 2.441553318480942, "alpha": 90, "iteration": 2041, "gamma": 202.5}
{"beta": 90, "tz": 0, "actin_num": 19, "tx": -60.0, "ty": 0, "defocus": 2.727493804267003, "alpha": 90, "iteration": 2042, "gamma": 225.0}
{"beta": 90, "tz": 0, "actin_num": 3, "tx": -60.0, "ty": 0, "defocus": 3.402505938734846, "alpha": 90, "iteration": 2043, "gamma": 247.5}
{"beta": 90, "tz": 0, "actin_num": 14, "tx": -60.0, "ty": 0, "defocus": 2.2987983559900744, "alpha": 90, "iteration": 2044, "gamma": 270.0}
{"beta": 90, "tz": 0, "actin_num": 7, "tx": -60.0, "ty": 0, "defocus": 2.2086698256791806, "alpha": 90, "iteration": 2045, "gamma": 292.5}
{"beta": 90, "tz": 0, "actin_num": 18, "tx": -60.0, "ty": 0, "defocus": 2.5469043248029566, "alpha": 90, "iteration": 2046, "gamma": 315.0}
{"beta": 90, "tz": 0, "actin_num": 17, "tx": -60.0, "ty": 0, "defocus": 2.941146964893763, "alpha": 90, "iteration": 2047, "gamma": 337.5}
{"beta": 90, "tz": 0, "actin_num": 8, "tx": -30.0, "ty": 0, "defocus": 3.3475973346780616, "alpha": 90, "iteration": 2048, "gamma": 0.0}
{"beta": 90, "tz": 0, "actin_num": 12, "tx": -30.0, "ty": 0, "defocus": 2.569991514675179, "alpha": 90, "iteration": 2049, "gamma": 22.5}
{"beta": 90, "tz": 0, "actin_num": 14, "tx": -30.0, "ty": 0, "defocus": 1.9931150440595569, "alpha": 90, "iteration": 2050, "gamma": 45.0}
{"beta": 90, "tz": 0, "actin_num": 13, "tx": -30.0, "ty": 0, "defocus": 3.9080860732398555, "alpha": 90, "iteration": 2051, "gamma": 67.5}
{"beta": 90, "tz": 0, "actin_num": 10, "tx": -30.0, "ty": 0, "defocus": 3.012724735932476, "alpha": 90, "iteration": 2052, "gamma": 90.0}
{"beta": 90, "tz": 0, "actin_num": 12, "tx": -30.0, "ty": 0, "defocus": 3.68298242512826, "alpha": 90, "iteration": 2053, "gamma": 112.5}
{"beta": 90, "tz": 0, "actin_num": 0, "tx": -30.0, "ty": 0, "defocus": 3.8384798990709057, "alpha": 90, "iteration": 2054, "gamma": 135.0}
{"beta": 90, "tz": 0, "actin_num": 19, "tx": -30.0, "ty": 0, "defocus": 3.396943070110035, "alpha": 90, "iteration": 2055, "gamma": 157.5}
{"beta": 90, "tz": 0, "actin_num": 4, "tx": -30.0, "ty": 0, "defocus": 3.8465826425245964, "alpha": 90, "iteration": 2056, "gamma": 180.0}
{"beta": 90, "tz": 0, "actin_num": 2, "tx": -30.0, "ty": 0, "defocus": 2.6545145676907826, "alpha": 90, "iteration": 2057, "gamma": 202.5}
{"beta": 90, "tz": 0, "actin_num": 12, "tx": -30.0, "ty": 0, "defocus": 3.5134042045829394, "alpha": 90, "iteration": 2058, "gamma": 225.0}
{"beta": 90, "tz": 0, "actin_num": 11, "tx": -30.0, "ty": 0, "defocus": 2.094363096176573, "alpha": 90, "iteration": 2059, "gamma": 247.5}
{"beta": 90, "tz": 0, "actin_num": 1, "tx": -30.0, "ty": 0, "defocus": 2.943561176186787, "alpha": 90, "iteration": 2060, "gamma": 270.0}
{"beta": 90, "tz": 0, "actin_num": 7, "tx": -30.0, "ty": 0, "defocus": 3.808671490299048, "alpha": 90, "iteration": 2061, "gamma": 292.5}
{"beta": 90, "tz": 0, "actin_num": 15, "tx": -30.0, "ty": 0, "defocus": 3.156289199540465, "alpha": 90, "iteration": 2062, "gamma": 315.0}
{"beta": 90, "tz": 0, "actin_num": 5, "tx": -30.0, "ty": 0, "defocus": 3.5876606419040833, "alpha": 90, "iteration": 2063, "gamma": 337.5}
{"beta": 90, "tz": 0, "actin_num": 12, "tx": 0.0, "ty": 0, "defocus": 3.3080657628235333, "alpha": 90, "iteration": 2064, "gamma": 0.0}
{"beta": 90, "tz": 0, "actin_num": 16, "tx": 0.0, "ty": 0, "defocus": 2.5163830766959974, "alpha": 90, "iteration": 2065, "gamma": 22.5}
{"beta": 90, "tz": 0, "actin_num": 19, "tx": 0.0, "ty": 0, "defocus": 2.894277568393117, "alpha": 90, "iteration": 2066, "gamma": 45.0}
{"beta": 90, "tz": 0, "actin_num": 18, "tx": 0.0, "ty": 0, "defocus": 3.6402341920371604, "alpha": 90, "iteration": 2067, "gamma": 67.5}
{"beta": 90, "tz": 0, "actin_num": 16, "tx": 0.0, "ty": 0, "defocus": 2.4160934620366183, "alpha": 90, "iteration": 2068, "gamma": 90.0}
{"beta": 90, "tz": 0, "actin_num": 2, "tx": 0.0, "ty": 0, "defocus": 3.3742980291636457, "alpha": 90, "iteration": 2069, "gamma": 112.5}
{"beta": 90, "tz": 0, "actin_num": 3, "tx": 0.0, "ty": 0, "defocus": 2.6545018399034523, "alpha": 90, "iteration": 2070, "gamma": 135.0}
{"beta": 90, "tz": 0, "actin_num": 13, "tx": 0.0, "ty": 0, "defocus": 3.610619127637045, "alpha": 90, "iteration": 2071, "gamma": 157.5}
{"beta": 90, "tz": 0, "actin_num": 6, "tx": 0.0, "ty": 0, "defocus": 3.38983792694303, "alpha": 90, "iteration": 2072, "gamma": 180.0}
{"beta": 90, "tz": 0, "actin_num": 8, "tx": 0.0, "ty": 0, "defocus": 1.7631664371313207, "alpha": 90,