{"beta": 90, "tz": 0, "actin_num": 14, "tx": -90.0, "ty": 0, "defocus": 2.7350843532747335, "alpha": 90, "iteration": 896, "gamma": 0.0}
{"beta": 90, "tz": 0, "actin_num": 12, "tx": -90.0, "ty": 0, "defocus": 1.7971758600607521, "alpha": 90, "iteration": 897, "gamma": 22.5}
{"beta": 90, "tz": 0, "actin_num": 5, "tx": -90.0, "ty": 0, "defocus": 1.734278655129823, "alpha": 90, "iteration": 898, "gamma": 45.0}
{"beta": 90, "tz": 0, "actin_num": 9, "tx": -90.0, "ty": 0, "defocus": 3.1847314921566703, "alpha": 90, "iteration": 899, "gamma": 67.5}
{"beta": 90, "tz": 0, "actin_num": 19, "tx": -90.0, "ty": 0, "defocus": 2.244523016355798, "alpha": 90, "iteration": 900, "gamma": 90.0}
{"beta": 90, "tz": 0, "actin_num": 19, "tx": -90.0, "ty": 0, "defocus": 3.2835740447249115, "alpha": 90, "iteration": 901, "gamma": 112.5}
{"beta": 90, "tz": 0, "actin_num": 1, "tx": -90.0, "ty": 0, "defocus": 3.4204923457993823, "alpha": 90, "iteration": 902, "gamma": 135.0}
{"beta": 90, "tz": 0, "actin_num": 11, "tx": -90.0, "ty": 0, "defocus": 2.8446695748908533, "alpha": 90, "iteration": 903, "gamma": 157.5}
{"beta": 90, "tz": 0, "actin_num": 8, "tx": -90.0, "ty": 0, "defocus": 3.4539188830682734, "alpha": 90, "iteration": 904, "gamma": 180.0}
{"beta": 90, "tz": 0, "actin_num": 10, "tx": -90.0, "ty": 0, "defocus": 3.2798660051726367, "alpha": 90, "iteration": 905, "gamma": 202.5}
{"beta": 90, "tz": 0, "actin_num": 18, "tx": -90.0, "ty": 0, "defocus": 3.271625144005219, "alpha": 90, "iteration": 906, "gamma": 225.0}
{"beta": 90, "tz": 0, "actin_num": 8, "tx": -90.0, "ty": 0, "defocus": 2.7965888054717523, "alpha": 90, "iteration": 907, "gamma": 247.5}
{"beta": 90, "tz": 0, "actin_num": 9, "tx": -90.0, "ty": 0, "defocus": 2.6298094546030972, "alpha": 90, "iteration": 908, "gamma": 270.0}
{"beta": 90, "tz": 0, "actin_num": 2, "tx": -90.0, "ty": 0, "defocus": 3.502913429402142, "alpha": 90, "iteration": 909, "gamma": 292.5}
{"beta": 90, "tz": 0, "actin_num": 16, "tx": -90.0, "ty": 0, "defocus": 3.375408165657043, "alpha": 90, "iteration": 910, "gamma": 315.0}
{"beta": 90, "tz": 0, "actin_num": 6, "tx": -90.0, "ty": 0, "defocus": 1.6892220158146087, "alpha": 90, "iteration": 911, "gamma": 337.5}
{"beta": 90, "tz": 0, "actin_num": 5, "tx": -60.0, "ty": 0, "defocus": 2.6111745586356734, "alpha": 90, "iteration": 912, "gamma": 0.0}
{"beta": 90, "tz": 0, "actin_num": 14, "tx": -60.0, "ty": 0, "defocus": 3.620674458300491, "alpha": 90, "iteration": 913, "gamma": 22.5}
{"beta": 90, "tz": 0, "actin_num": 5, "tx": -60.0, "ty": 0, "defocus": 1.767817096962395, "alpha": 90, "iteration": 914, "gamma": 45.0}
{"beta": 90, "tz": 0, "actin_num": 7, "tx": -60.0, "ty": 0, "defocus": 3.4178112615811864, "alpha": 90, "iteration": 915, "gamma": 67.5}
{"beta": 90, "tz": 0, "actin_num": 8, "tx": -60.0, "ty": 0, "defocus": 3.0612870025427164, "alpha": 90, "iteration": 916, "gamma": 90.0}
{"beta": 90, "tz": 0, "actin_num": 7, "tx": -60.0, "ty": 0, "defocus": 3.538994523219606, "alpha": 90, "iteration": 917, "gamma": 112.5}
{"beta": 90, "tz": 0, "actin_num": 8, "tx": -60.0, "ty": 0, "defocus": 2.15425197735932, "alpha": 90, "iteration": 918, "gamma": 135.0}
{"beta": 90, "tz": 0, "actin_num": 1, "tx": -60.0, "ty": 0, "defocus": 3.7937997562389367, "alpha": 90, "iteration": 919, "gamma": 157.5}
{"beta": 90, "tz": 0, "actin_num": 9, "tx": -60.0, "ty": 0, "defocus": 2.222818623193152, "alpha": 90, "iteration": 920, "gamma": 180.0}
{"beta": 90, "tz": 0, "actin_num": 1, "tx": -60.0, "ty": 0, "defocus": 1.618660248999785, "alpha": 90, "iteration": 921, "gamma": 202.5}
{"beta": 90, "tz": 0, "actin_num": 0, "tx": -60.0, "ty": 0, "defocus": 2.1016513486590864, "alpha": 90, "iteration": 922, "gamma": 225.0}
{"beta": 90, "tz": 0, "actin_num": 11, "tx": -60.0, "ty": 0, "defocus": 2.1239025615167435, "alpha": 90, "iteration": 923, "gamma": 247.5}
{"beta": 90, "tz": 0, "actin_num": 1, "tx": -60.0, "ty": 0, "defocus": 2.7600659469263062, "alpha": 90, "iteration": 924, "gamma": 270.0}
{"beta": 90, "tz": 0, "actin_num": 12, "tx": -60.0, "ty": 0, "defocus": 3.4252764680526244, "alpha": 90, "iteration": 925, "gamma": 292.5}
{"beta": 90, "tz": 0, "actin_num": 2, "tx": -60.0, "ty": 0, "defocus": 2.5805778488340674, "alpha": 90, "iteration": 926, "gamma": 315.0}
{"beta": 90, "tz": 0, "actin_num": 18, "tx": -60.0, "ty": 0, "defocus": 3.262378575069947, "alpha": 90, "iteration": 927, "gamma": 337.5}
{"beta": 90, "tz": 0, "actin_num": 16, "tx": -30.0, "ty": 0, "defocus": 1.6437532224150435, "alpha": 90, "iteration": 928, "gamma": 0.0}
{"beta": 90, "tz": 0, "actin_num": 5, "tx": -30.0, "ty": 0, "defocus": 3.329748793740408, "alpha": 90, "iteration": 929, "gamma": 22.5}
{"beta": 90, "tz": 0, "actin_num": 10, "tx": -30.0, "ty": 0, "defocus": 2.238129372215038, "alpha": 90, "iteration": 930, "gamma": 45.0}
{"beta": 90, "tz": 0, "actin_num": 4, "tx": -30.0, "ty": 0, "defocus": 3.0425614832602745, "alpha": 90, "iteration": 931, "gamma": 67.5}
{"beta": 90, "tz": 0, "actin_num": 0, "tx": -30.0, "ty": 0, "defocus": 3.306068745572352, "alpha": 90, "iteration": 932, "gamma": 90.0}
{"beta": 90, "tz": 0, "actin_num": 16, "tx": -30.0, "ty": 0, "defocus": 2.367626911581538, "alpha": 90, "iteration": 933, "gamma": 112.5}
{"beta": 90, "tz": 0, "actin_num": 13, "tx": -30.0, "ty": 0, "defocus": 2.1986442453972668, "alpha": 90, "iteration": 934, "gamma": 135.0}
{"beta": 90, "tz": 0, "actin_num": 19, "tx": -30.0, "ty": 0, "defocus": 1.7262354862219096, "alpha": 90, "iteration": 935, "gamma": 157.5}
{"beta": 90, "tz": 0, "actin_num": 3, "tx": -30.0, "ty": 0, "defocus": 2.6697588183802625, "alpha": 90, "iteration": 936, "gamma": 180.0}
{"beta": 90, "tz": 0, "actin_num": 1, "tx": -30.0, "ty": 0, "defocus": 2.7216777914066155, "alpha": 90, "iteration": 937, "gamma": 202.5}
{"beta": 90, "tz": 0, "actin_num": 5, "tx": -30.0, "ty": 0, "defocus": 2.3583140127016025, "alpha": 90, "iteration": 938, "gamma": 225.0}
{"beta": 90, "tz": 0, "actin_num": 1, "tx": -30.0, "ty": 0, "defocus": 2.561751720103006, "alpha": 90, "iteration": 939, "gamma": 247.5}
{"beta": 90, "tz": 0, "actin_num": 10, "tx": -30.0, "ty": 0, "defocus": 3.7369471868725888, "alpha": 90, "iteration": 940, "gamma": 270.0}
{"beta": 90, "tz": 0, "actin_num": 6, "tx": -30.0, "ty": 0, "defocus": 3.8956115763274406, "alpha": 90, "iteration": 941, "gamma": 292.5}
{"beta": 90, "tz": 0, "actin_num": 0, "tx": -30.0, "ty": 0, "defocus": 2.622370463805661, "alpha": 90, "iteration": 942, "gamma": 315.0}
{"beta": 90, "tz": 0, "actin_num": 15, "tx": -30.0, "ty": 0, "defocus": 2.8174571639611417, "alpha": 90, "iteration": 943, "gamma": 337.5}
{"beta": 90, "tz": 0, "actin_num": 15, "tx": 0.0, "ty": 0, "defocus": 3.2429949989789577, "alpha": 90, "iteration": 944, "gamma": 0.0}
{"beta": 90, "tz": 0, "actin_num": 7, "tx": 0.0, "ty": 0, "defocus": 2.5652840270469124, "alpha": 90, "iteration": 945, "gamma": 22.5}
{"beta": 90, "tz": 0, "actin_num": 5, "tx": 0.0, "ty": 0, "defocus": 3.603667650399937, "alpha": 90, "iteration": 946, "gamma": 45.0}
{"beta": 90, "tz": 0, "actin_num": 9, "tx": 0.0, "ty": 0, "defocus": 3.891117285773699, "alpha": 90, "iteration": 947, "gamma": 67.5}
{"beta": 90, "tz": 0, "actin_num": 19, "tx": 0.0, "ty": 0, "defocus": 3.8618333299573084, "alpha": 90, "iteration": 948, "gamma": 90.0}
{"beta": 90, "tz": 0, "actin_num": 12, "tx": 0.0, "ty": 0, "defocus": 3.3852461845805593, "alpha": 90, "iteration": 949, "gamma": 112.5}
{"beta": 90, "tz": 0, "actin_num": 2, "tx": 0.0, "ty": 0, "defocus": 3.832151987848592, "alpha": 90, "iteration": 950, "gamma": 135.0}
{"beta": 90, "tz": 0, "actin_num": 0, "tx": 0.0, "ty": 0, "defocus": 3.0967708636577154, "alpha": 90, "iteration": 951, "gamma": 157.5}
{"beta": 90, "tz": 0, "actin_num": 16, "tx": 0.0, "ty": 0, "defocus": 1.7377349592353184, "alpha": 90, "iteration": 952, "gamma": 180.0}
{"beta": 90, "tz": 0, "actin_num": 12, "tx": 0.0, "ty": 0, "defocus": 3.111896477522576, "alpha": 90, "iteration": 953, "gamma": 202.5}
{"beta": 90, "tz": 0, "actin_num": 8,