{"beta": 90, "tz": 0, "actin_num": 11, "tx": -90.0, "ty": 0, "defocus": 2.423045378987945, "alpha": 90, "iteration": 1232, "gamma": 0.0}
{"beta": 90, "tz": 0, "actin_num": 3, "tx": -90.0, "ty": 0, "defocus": 2.809940788230076, "alpha": 90, "iteration": 1233, "gamma": 22.5}
{"beta": 90, "tz": 0, "actin_num": 6, "tx": -90.0, "ty": 0, "defocus": 3.5397041555708, "alpha": 90, "iteration": 1234, "gamma": 45.0}
{"beta": 90, "tz": 0, "actin_num": 5, "tx": -90.0, "ty": 0, "defocus": 3.747583413873099, "alpha": 90, "iteration": 1235, "gamma": 67.5}
{"beta": 90, "tz": 0, "actin_num": 2, "tx": -90.0, "ty": 0, "defocus": 2.2150893970477163, "alpha": 90, "iteration": 1236, "gamma": 90.0}
{"beta": 90, "tz": 0, "actin_num": 1, "tx": -90.0, "ty": 0, "defocus": 1.9496314148252625, "alpha": 90, "iteration": 1237, "gamma": 112.5}
{"beta": 90, "tz": 0, "actin_num": 7, "tx": -90.0, "ty": 0, "defocus": 2.48313006209476, "alpha": 90, "iteration": 1238, "gamma": 135.0}
{"beta": 90, "tz": 0, "actin_num": 7, "tx": -90.0, "ty": 0, "defocus": 3.3560616197611344, "alpha": 90, "iteration": 1239, "gamma": 157.5}
{"beta": 90, "tz": 0, "actin_num": 11, "tx": -90.0, "ty": 0, "defocus": 2.1664658209473946, "alpha": 90, "iteration": 1240, "gamma": 180.0}
{"beta": 90, "tz": 0, "actin_num": 11, "tx": -90.0, "ty": 0, "defocus": 3.169540725130886, "alpha": 90, "iteration": 1241, "gamma": 202.5}
{"beta": 90, "tz": 0, "actin_num": 8, "tx": -90.0, "ty": 0, "defocus": 3.542689774448063, "alpha": 90, "iteration": 1242, "gamma": 225.0}
{"beta": 90, "tz": 0, "actin_num": 18, "tx": -90.0, "ty": 0, "defocus": 3.2244497867129733, "alpha": 90, "iteration": 1243, "gamma": 247.5}
{"beta": 90, "tz": 0, "actin_num": 9, "tx": -90.0, "ty": 0, "defocus": 1.6922590750963518, "alpha": 90, "iteration": 1244, "gamma": 270.0}
{"beta": 90, "tz": 0, "actin_num": 3, "tx": -90.0, "ty": 0, "defocus": 2.8626920168487207, "alpha": 90, "iteration": 1245, "gamma": 292.5}
{"beta": 90, "tz": 0, "actin_num": 16, "tx": -90.0, "ty": 0, "defocus": 3.7547842136478304, "alpha": 90, "iteration": 1246, "gamma": 315.0}
{"beta": 90, "tz": 0, "actin_num": 9, "tx": -90.0, "ty": 0, "defocus": 2.199300250517103, "alpha": 90, "iteration": 1247, "gamma": 337.5}
{"beta": 90, "tz": 0, "actin_num": 8, "tx": -60.0, "ty": 0, "defocus": 1.962883619939681, "alpha": 90, "iteration": 1248, "gamma": 0.0}
{"beta": 90, "tz": 0, "actin_num": 12, "tx": -60.0, "ty": 0, "defocus": 2.7365577858733445, "alpha": 90, "iteration": 1249, "gamma": 22.5}
{"beta": 90, "tz": 0, "actin_num": 14, "tx": -60.0, "ty": 0, "defocus": 3.1956630765845904, "alpha": 90, "iteration": 1250, "gamma": 45.0}
{"beta": 90, "tz": 0, "actin_num": 15, "tx": -60.0, "ty": 0, "defocus": 3.339526461288936, "alpha": 90, "iteration": 1251, "gamma": 67.5}
{"beta": 90, "tz": 0, "actin_num": 3, "tx": -60.0, "ty": 0, "defocus": 2.3832464799999373, "alpha": 90, "iteration": 1252, "gamma": 90.0}
{"beta": 90, "tz": 0, "actin_num": 16, "tx": -60.0, "ty": 0, "defocus": 2.6798138643422127, "alpha": 90, "iteration": 1253, "gamma": 112.5}
{"beta": 90, "tz": 0, "actin_num": 17, "tx": -60.0, "ty": 0, "defocus": 2.383459595758076, "alpha": 90, "iteration": 1254, "gamma": 135.0}
{"beta": 90, "tz": 0, "actin_num": 7, "tx": -60.0, "ty": 0, "defocus": 3.5742876532924166, "alpha": 90, "iteration": 1255, "gamma": 157.5}
{"beta": 90, "tz": 0, "actin_num": 3, "tx": -60.0, "ty": 0, "defocus": 2.539393098703962, "alpha": 90, "iteration": 1256, "gamma": 180.0}
{"beta": 90, "tz": 0, "actin_num": 9, "tx": -60.0, "ty": 0, "defocus": 3.547792893859167, "alpha": 90, "iteration": 1257, "gamma": 202.5}
{"beta": 90, "tz": 0, "actin_num": 13, "tx": -60.0, "ty": 0, "defocus": 2.1291791015343486, "alpha": 90, "iteration": 1258, "gamma": 225.0}
{"beta": 90, "tz": 0, "actin_num": 13, "tx": -60.0, "ty": 0, "defocus": 3.327169415738132, "alpha": 90, "iteration": 1259, "gamma": 247.5}
{"beta": 90, "tz": 0, "actin_num": 17, "tx": -60.0, "ty": 0, "defocus": 3.7763169359854594, "alpha": 90, "iteration": 1260, "gamma": 270.0}
{"beta": 90, "tz": 0, "actin_num": 18, "tx": -60.0, "ty": 0, "defocus": 1.6738318535815326, "alpha": 90, "iteration": 1261, "gamma": 292.5}
{"beta": 90, "tz": 0, "actin_num": 19, "tx": -60.0, "ty": 0, "defocus": 2.3076426160265933, "alpha": 90, "iteration": 1262, "gamma": 315.0}
{"beta": 90, "tz": 0, "actin_num": 13, "tx": -60.0, "ty": 0, "defocus": 3.8113597457891157, "alpha": 90, "iteration": 1263, "gamma": 337.5}
{"beta": 90, "tz": 0, "actin_num": 16, "tx": -30.0, "ty": 0, "defocus": 1.7834432128850852, "alpha": 90, "iteration": 1264, "gamma": 0.0}
{"beta": 90, "tz": 0, "actin_num": 14, "tx": -30.0, "ty": 0, "defocus": 2.1129048760812457, "alpha": 90, "iteration": 1265, "gamma": 22.5}
{"beta": 90, "tz": 0, "actin_num": 4, "tx": -30.0, "ty": 0, "defocus": 2.857787988929079, "alpha": 90, "iteration": 1266, "gamma": 45.0}
{"beta": 90, "tz": 0, "actin_num": 0, "tx": -30.0, "ty": 0, "defocus": 1.7038331727129554, "alpha": 90, "iteration": 1267, "gamma": 67.5}
{"beta": 90, "tz": 0, "actin_num": 16, "tx": -30.0, "ty": 0, "defocus": 2.748112775100025, "alpha": 90, "iteration": 1268, "gamma": 90.0}
{"beta": 90, "tz": 0, "actin_num": 5, "tx": -30.0, "ty": 0, "defocus": 1.918937669971821, "alpha": 90, "iteration": 1269, "gamma": 112.5}
{"beta": 90, "tz": 0, "actin_num": 8, "tx": -30.0, "ty": 0, "defocus": 3.528489310853101, "alpha": 90, "iteration": 1270, "gamma": 135.0}
{"beta": 90, "tz": 0, "actin_num": 4, "tx": -30.0, "ty": 0, "defocus": 1.9771320167203918, "alpha": 90, "iteration": 1271, "gamma": 157.5}
{"beta": 90, "tz": 0, "actin_num": 17, "tx": -30.0, "ty": 0, "defocus": 2.490463493855247, "alpha": 90, "iteration": 1272, "gamma": 180.0}
{"beta": 90, "tz": 0, "actin_num": 8, "tx": -30.0, "ty": 0, "defocus": 2.0463388527043285, "alpha": 90, "iteration": 1273, "gamma": 202.5}
{"beta": 90, "tz": 0, "actin_num": 4, "tx": -30.0, "ty": 0, "defocus": 3.92678396705273, "alpha": 90, "iteration": 1274, "gamma": 225.0}
{"beta": 90, "tz": 0, "actin_num": 13, "tx": -30.0, "ty": 0, "defocus": 2.0056932077634517, "alpha": 90, "iteration": 1275, "gamma": 247.5}
{"beta": 90, "tz": 0, "actin_num": 11, "tx": -30.0, "ty": 0, "defocus": 3.1684428807513356, "alpha": 90, "iteration": 1276, "gamma": 270.0}
{"beta": 90, "tz": 0, "actin_num": 4, "tx": -30.0, "ty": 0, "defocus": 3.9652275483973396, "alpha": 90, "iteration": 1277, "gamma": 292.5}
{"beta": 90, "tz": 0, "actin_num": 12, "tx": -30.0, "ty": 0, "defocus": 1.8318239967851793, "alpha": 90, "iteration": 1278, "gamma": 315.0}
{"beta": 90, "tz": 0, "actin_num": 1, "tx": -30.0, "ty": 0, "defocus": 3.557611736476317, "alpha": 90, "iteration": 1279, "gamma": 337.5}
{"beta": 90, "tz": 0, "actin_num": 6, "tx": 0.0, "ty": 0, "defocus": 3.0388175563643927, "alpha": 90, "iteration": 1280, "gamma": 0.0}
{"beta": 90, "tz": 0, "actin_num": 11, "tx": 0.0, "ty": 0, "defocus": 3.928883693634474, "alpha": 90, "iteration": 1281, "gamma": 22.5}
{"beta": 90, "tz": 0, "actin_num": 0, "tx": 0.0, "ty": 0, "defocus": 3.1644993093405462, "alpha": 90, "iteration": 1282, "gamma": 45.0}
{"beta": 90, "tz": 0, "actin_num": 15, "tx": 0.0, "ty": 0, "defocus": 3.039092947374848, "alpha": 90, "iteration": 1283, "gamma": 67.5}
{"beta": 90, "tz": 0, "actin_num": 11, "tx": 0.0, "ty": 0, "defocus": 2.6659767250278095, "alpha": 90, "iteration": 1284, "gamma": 90.0}
{"beta": 90, "tz": 0, "actin_num": 7, "tx": 0.0, "ty": 0, "defocus": 3.1855182887184714, "alpha": 90, "iteration": 1285, "gamma": 112.5}
{"beta": 90, "tz": 0, "actin_num": 11, "tx": 0.0, "ty": 0, "defocus": 3.0425988341943055, "alpha": 90, "iteration": 1286, "gamma": 135.0}
{"beta": 90, "tz": 0, "actin_num": 7, "tx": 0.0, "ty": 0, "defocus": 3.992260487875133, "alpha": 90, "iteration": 1287, "gamma": 157.5}
{"beta": 90, "tz": 0, "actin_num": 13, "tx": 0.0, "ty": 0, "defocus": 3.223989666759659, "alpha": 90, "iteration": 1288, "gamma": 180.0}
{"beta": 90, "tz": 0, "actin_num": 11, "tx": 0.0, "ty": 0, "defocus": 2.783540881437754, "alpha": 90, "iteration": 1289,