{"beta": 90, "tz": 0, "actin_num": 12, "tx": -90.0, "ty": 0, "defocus": 3.0661729880451714, "alpha": 90, "iteration": 784, "gamma": 0.0}
{"beta": 90, "tz": 0, "actin_num": 7, "tx": -90.0, "ty": 0, "defocus": 2.0146641705767445, "alpha": 90, "iteration": 785, "gamma": 22.5}
{"beta": 90, "tz": 0, "actin_num": 4, "tx": -90.0, "ty": 0, "defocus": 3.941054863351666, "alpha": 90, "iteration": 786, "gamma": 45.0}
{"beta": 90, "tz": 0, "actin_num": 5, "tx": -90.0, "ty": 0, "defocus": 3.3070948934773696, "alpha": 90, "iteration": 787, "gamma": 67.5}
{"beta": 90, "tz": 0, "actin_num": 15, "tx": -90.0, "ty": 0, "defocus": 2.00058067593585, "alpha": 90, "iteration": 788, "gamma": 90.0}
{"beta": 90, "tz": 0, "actin_num": 7, "tx": -90.0, "ty": 0, "defocus": 3.9527309810206477, "alpha": 90, "iteration": 789, "gamma": 112.5}
{"beta": 90, "tz": 0, "actin_num": 14, "tx": -90.0, "ty": 0, "defocus": 2.1254327053560265, "alpha": 90, "iteration": 790, "gamma": 135.0}
{"beta": 90, "tz": 0, "actin_num": 2, "tx": -90.0, "ty": 0, "defocus": 3.1633427633754216, "alpha": 90, "iteration": 791, "gamma": 157.5}
{"beta": 90, "tz": 0, "actin_num": 7, "tx": -90.0, "ty": 0, "defocus": 1.8198270085140331, "alpha": 90, "iteration": 792, "gamma": 180.0}
{"beta": 90, "tz": 0, "actin_num": 19, "tx": -90.0, "ty": 0, "defocus": 3.3780161240060345, "alpha": 90, "iteration": 793, "gamma": 202.5}
{"beta": 90, "tz": 0, "actin_num": 13, "tx": -90.0, "ty": 0, "defocus": 2.444421702111792, "alpha": 90, "iteration": 794, "gamma": 225.0}
{"beta": 90, "tz": 0, "actin_num": 9, "tx": -90.0, "ty": 0, "defocus": 3.451323738930318, "alpha": 90, "iteration": 795, "gamma": 247.5}
{"beta": 90, "tz": 0, "actin_num": 8, "tx": -90.0, "ty": 0, "defocus": 3.25043834080016, "alpha": 90, "iteration": 796, "gamma": 270.0}
{"beta": 90, "tz": 0, "actin_num": 5, "tx": -90.0, "ty": 0, "defocus": 2.8047434191561744, "alpha": 90, "iteration": 797, "gamma": 292.5}
{"beta": 90, "tz": 0, "actin_num": 9, "tx": -90.0, "ty": 0, "defocus": 1.8599170127204816, "alpha": 90, "iteration": 798, "gamma": 315.0}
{"beta": 90, "tz": 0, "actin_num": 8, "tx": -90.0, "ty": 0, "defocus": 2.2673688871944773, "alpha": 90, "iteration": 799, "gamma": 337.5}
{"beta": 90, "tz": 0, "actin_num": 17, "tx": -60.0, "ty": 0, "defocus": 2.9000653937833603, "alpha": 90, "iteration": 800, "gamma": 0.0}
{"beta": 90, "tz": 0, "actin_num": 2, "tx": -60.0, "ty": 0, "defocus": 3.653397144820121, "alpha": 90, "iteration": 801, "gamma": 22.5}
{"beta": 90, "tz": 0, "actin_num": 6, "tx": -60.0, "ty": 0, "defocus": 2.253096568846545, "alpha": 90, "iteration": 802, "gamma": 45.0}
{"beta": 90, "tz": 0, "actin_num": 10, "tx": -60.0, "ty": 0, "defocus": 3.4415514828791944, "alpha": 90, "iteration": 803, "gamma": 67.5}
{"beta": 90, "tz": 0, "actin_num": 19, "tx": -60.0, "ty": 0, "defocus": 1.7572873022370863, "alpha": 90, "iteration": 804, "gamma": 90.0}
{"beta": 90, "tz": 0, "actin_num": 2, "tx": -60.0, "ty": 0, "defocus": 2.9951318596524503, "alpha": 90, "iteration": 805, "gamma": 112.5}
{"beta": 90, "tz": 0, "actin_num": 12, "tx": -60.0, "ty": 0, "defocus": 3.486070093918806, "alpha": 90, "iteration": 806, "gamma": 135.0}
{"beta": 90, "tz": 0, "actin_num": 6, "tx": -60.0, "ty": 0, "defocus": 3.185689027735287, "alpha": 90, "iteration": 807, "gamma": 157.5}
{"beta": 90, "tz": 0, "actin_num": 17, "tx": -60.0, "ty": 0, "defocus": 3.8288213352412814, "alpha": 90, "iteration": 808, "gamma": 180.0}
{"beta": 90, "tz": 0, "actin_num": 17, "tx": -60.0, "ty": 0, "defocus": 2.913073102940407, "alpha": 90, "iteration": 809, "gamma": 202.5}
{"beta": 90, "tz": 0, "actin_num": 10, "tx": -60.0, "ty": 0, "defocus": 2.356898004213285, "alpha": 90, "iteration": 810, "gamma": 225.0}
{"beta": 90, "tz": 0, "actin_num": 19, "tx": -60.0, "ty": 0, "defocus": 3.66876689707999, "alpha": 90, "iteration": 811, "gamma": 247.5}
{"beta": 90, "tz": 0, "actin_num": 19, "tx": -60.0, "ty": 0, "defocus": 3.247563642493989, "alpha": 90, "iteration": 812, "gamma": 270.0}
{"beta": 90, "tz": 0, "actin_num": 13, "tx": -60.0, "ty": 0, "defocus": 3.4829203779567512, "alpha": 90, "iteration": 813, "gamma": 292.5}
{"beta": 90, "tz": 0, "actin_num": 3, "tx": -60.0, "ty": 0, "defocus": 3.2006919947165438, "alpha": 90, "iteration": 814, "gamma": 315.0}
{"beta": 90, "tz": 0, "actin_num": 12, "tx": -60.0, "ty": 0, "defocus": 1.7905695786238738, "alpha": 90, "iteration": 815, "gamma": 337.5}
{"beta": 90, "tz": 0, "actin_num": 5, "tx": -30.0, "ty": 0, "defocus": 1.6033994943894898, "alpha": 90, "iteration": 816, "gamma": 0.0}
{"beta": 90, "tz": 0, "actin_num": 8, "tx": -30.0, "ty": 0, "defocus": 2.1845461783550424, "alpha": 90, "iteration": 817, "gamma": 22.5}
{"beta": 90, "tz": 0, "actin_num": 12, "tx": -30.0, "ty": 0, "defocus": 2.7995493808492267, "alpha": 90, "iteration": 818, "gamma": 45.0}
{"beta": 90, "tz": 0, "actin_num": 5, "tx": -30.0, "ty": 0, "defocus": 3.1123995502233712, "alpha": 90, "iteration": 819, "gamma": 67.5}
{"beta": 90, "tz": 0, "actin_num": 5, "tx": -30.0, "ty": 0, "defocus": 3.2719136843944385, "alpha": 90, "iteration": 820, "gamma": 90.0}
{"beta": 90, "tz": 0, "actin_num": 4, "tx": -30.0, "ty": 0, "defocus": 2.2964140869978342, "alpha": 90, "iteration": 821, "gamma": 112.5}
{"beta": 90, "tz": 0, "actin_num": 10, "tx": -30.0, "ty": 0, "defocus": 2.2386187522282475, "alpha": 90, "iteration": 822, "gamma": 135.0}
{"beta": 90, "tz": 0, "actin_num": 19, "tx": -30.0, "ty": 0, "defocus": 3.3308350724780897, "alpha": 90, "iteration": 823, "gamma": 157.5}
{"beta": 90, "tz": 0, "actin_num": 12, "tx": -30.0, "ty": 0, "defocus": 2.4328536980820843, "alpha": 90, "iteration": 824, "gamma": 180.0}
{"beta": 90, "tz": 0, "actin_num": 2, "tx": -30.0, "ty": 0, "defocus": 3.8345176085655073, "alpha": 90, "iteration": 825, "gamma": 202.5}
{"beta": 90, "tz": 0, "actin_num": 1, "tx": -30.0, "ty": 0, "defocus": 1.7967159187409274, "alpha": 90, "iteration": 826, "gamma": 225.0}
{"beta": 90, "tz": 0, "actin_num": 15, "tx": -30.0, "ty": 0, "defocus": 3.435629869923795, "alpha": 90, "iteration": 827, "gamma": 247.5}
{"beta": 90, "tz": 0, "actin_num": 4, "tx": -30.0, "ty": 0, "defocus": 2.438439136422599, "alpha": 90, "iteration": 828, "gamma": 270.0}
{"beta": 90, "tz": 0, "actin_num": 1, "tx": -30.0, "ty": 0, "defocus": 1.8276684693678467, "alpha": 90, "iteration": 829, "gamma": 292.5}
{"beta": 90, "tz": 0, "actin_num": 14, "tx": -30.0, "ty": 0, "defocus": 2.9281841319457076, "alpha": 90, "iteration": 830, "gamma": 315.0}
{"beta": 90, "tz": 0, "actin_num": 3, "tx": -30.0, "ty": 0, "defocus": 2.767180595532393, "alpha": 90, "iteration": 831, "gamma": 337.5}
{"beta": 90, "tz": 0, "actin_num": 15, "tx": 0.0, "ty": 0, "defocus": 2.511498756361233, "alpha": 90, "iteration": 832, "gamma": 0.0}
{"beta": 90, "tz": 0, "actin_num": 10, "tx": 0.0, "ty": 0, "defocus": 2.4070235005928184, "alpha": 90, "iteration": 833, "gamma": 22.5}
{"beta": 90, "tz": 0, "actin_num": 0, "tx": 0.0, "ty": 0, "defocus": 3.9356623655826284, "alpha": 90, "iteration": 834, "gamma": 45.0}
{"beta": 90, "tz": 0, "actin_num": 6, "tx": 0.0, "ty": 0, "defocus": 2.2318176366760976, "alpha": 90, "iteration": 835, "gamma": 67.5}
{"beta": 90, "tz": 0, "actin_num": 1, "tx": 0.0, "ty": 0, "defocus": 3.1863430861598685, "alpha": 90, "iteration": 836, "gamma": 90.0}
{"beta": 90, "tz": 0, "actin_num": 0, "tx": 0.0, "ty": 0, "defocus": 3.5174771724406444, "alpha": 90, "iteration": 837, "gamma": 112.5}
{"beta": 90, "tz": 0, "actin_num": 18, "tx": 0.0, "ty": 0, "defocus": 2.5580126983664213, "alpha": 90, "iteration": 838, "gamma": 135.0}
{"beta": 90, "tz": 0, "actin_num": 3, "tx": 0.0, "ty": 0, "defocus": 2.792533626886817, "alpha": 90, "iteration": 839, "gamma": 157.5}
{"beta": 90, "tz": 0, "actin_num": 14, "tx": 0.0, "ty": 0, "defocus": 2.5225565757660906, "alpha": 90, "iteration": 840, "gamma": 180.0}
{"beta": 90, "tz": 0, "actin_num": 10, "tx": 0.0, "ty": 0, "defocus": 2.2303300829851387, "alpha": 90, "iteration": 841, "gamma": 202.5}
{"beta": 90, "tz": 0,