{"beta": 90, "tz": 0, "actin_num": 19, "tx": -90.0, "ty": 0, "defocus": 2.839480750257323, "alpha": 90, "iteration": 1904, "gamma": 0.0}
{"beta": 90, "tz": 0, "actin_num": 14, "tx": -90.0, "ty": 0, "defocus": 3.3397984471602307, "alpha": 90, "iteration": 1905, "gamma": 22.5}
{"beta": 90, "tz": 0, "actin_num": 14, "tx": -90.0, "ty": 0, "defocus": 1.6689816451217867, "alpha": 90, "iteration": 1906, "gamma": 45.0}
{"beta": 90, "tz": 0, "actin_num": 17, "tx": -90.0, "ty": 0, "defocus": 2.2654613579920633, "alpha": 90, "iteration": 1907, "gamma": 67.5}
{"beta": 90, "tz": 0, "actin_num": 11, "tx": -90.0, "ty": 0, "defocus": 2.5911341924933495, "alpha": 90, "iteration": 1908, "gamma": 90.0}
{"beta": 90, "tz": 0, "actin_num": 18, "tx": -90.0, "ty": 0, "defocus": 3.5846373150970057, "alpha": 90, "iteration": 1909, "gamma": 112.5}
{"beta": 90, "tz": 0, "actin_num": 11, "tx": -90.0, "ty": 0, "defocus": 1.9160420277861592, "alpha": 90, "iteration": 1910, "gamma": 135.0}
{"beta": 90, "tz": 0, "actin_num": 1, "tx": -90.0, "ty": 0, "defocus": 2.795702660543026, "alpha": 90, "iteration": 1911, "gamma": 157.5}
{"beta": 90, "tz": 0, "actin_num": 3, "tx": -90.0, "ty": 0, "defocus": 2.706857352088755, "alpha": 90, "iteration": 1912, "gamma": 180.0}
{"beta": 90, "tz": 0, "actin_num": 19, "tx": -90.0, "ty": 0, "defocus": 2.4538499140150467, "alpha": 90, "iteration": 1913, "gamma": 202.5}
{"beta": 90, "tz": 0, "actin_num": 1, "tx": -90.0, "ty": 0, "defocus": 1.995269951006926, "alpha": 90, "iteration": 1914, "gamma": 225.0}
{"beta": 90, "tz": 0, "actin_num": 11, "tx": -90.0, "ty": 0, "defocus": 2.3242821787981587, "alpha": 90, "iteration": 1915, "gamma": 247.5}
{"beta": 90, "tz": 0, "actin_num": 3, "tx": -90.0, "ty": 0, "defocus": 2.0676867570587865, "alpha": 90, "iteration": 1916, "gamma": 270.0}
{"beta": 90, "tz": 0, "actin_num": 6, "tx": -90.0, "ty": 0, "defocus": 2.1073295898342597, "alpha": 90, "iteration": 1917, "gamma": 292.5}
{"beta": 90, "tz": 0, "actin_num": 15, "tx": -90.0, "ty": 0, "defocus": 3.8629065020491526, "alpha": 90, "iteration": 1918, "gamma": 315.0}
{"beta": 90, "tz": 0, "actin_num": 0, "tx": -90.0, "ty": 0, "defocus": 3.2850510626062275, "alpha": 90, "iteration": 1919, "gamma": 337.5}
{"beta": 90, "tz": 0, "actin_num": 9, "tx": -60.0, "ty": 0, "defocus": 1.980923814432638, "alpha": 90, "iteration": 1920, "gamma": 0.0}
{"beta": 90, "tz": 0, "actin_num": 8, "tx": -60.0, "ty": 0, "defocus": 2.2216237581396108, "alpha": 90, "iteration": 1921, "gamma": 22.5}
{"beta": 90, "tz": 0, "actin_num": 6, "tx": -60.0, "ty": 0, "defocus": 1.8562705830094286, "alpha": 90, "iteration": 1922, "gamma": 45.0}
{"beta": 90, "tz": 0, "actin_num": 3, "tx": -60.0, "ty": 0, "defocus": 3.603530133698588, "alpha": 90, "iteration": 1923, "gamma": 67.5}
{"beta": 90, "tz": 0, "actin_num": 0, "tx": -60.0, "ty": 0, "defocus": 3.055733822628496, "alpha": 90, "iteration": 1924, "gamma": 90.0}
{"beta": 90, "tz": 0, "actin_num": 14, "tx": -60.0, "ty": 0, "defocus": 2.5095655765442997, "alpha": 90, "iteration": 1925, "gamma": 112.5}
{"beta": 90, "tz": 0, "actin_num": 11, "tx": -60.0, "ty": 0, "defocus": 3.015528132781572, "alpha": 90, "iteration": 1926, "gamma": 135.0}
{"beta": 90, "tz": 0, "actin_num": 14, "tx": -60.0, "ty": 0, "defocus": 3.6352175622003373, "alpha": 90, "iteration": 1927, "gamma": 157.5}
{"beta": 90, "tz": 0, "actin_num": 13, "tx": -60.0, "ty": 0, "defocus": 1.8590055438468833, "alpha": 90, "iteration": 1928, "gamma": 180.0}
{"beta": 90, "tz": 0, "actin_num": 12, "tx": -60.0, "ty": 0, "defocus": 2.161938215751133, "alpha": 90, "iteration": 1929, "gamma": 202.5}
{"beta": 90, "tz": 0, "actin_num": 9, "tx": -60.0, "ty": 0, "defocus": 3.9040720043140946, "alpha": 90, "iteration": 1930, "gamma": 225.0}
{"beta": 90, "tz": 0, "actin_num": 17, "tx": -60.0, "ty": 0, "defocus": 3.4758778164548776, "alpha": 90, "iteration": 1931, "gamma": 247.5}
{"beta": 90, "tz": 0, "actin_num": 17, "tx": -60.0, "ty": 0, "defocus": 1.8403591655395644, "alpha": 90, "iteration": 1932, "gamma": 270.0}
{"beta": 90, "tz": 0, "actin_num": 9, "tx": -60.0, "ty": 0, "defocus": 3.9533307705253207, "alpha": 90, "iteration": 1933, "gamma": 292.5}
{"beta": 90, "tz": 0, "actin_num": 9, "tx": -60.0, "ty": 0, "defocus": 3.37215668374055, "alpha": 90, "iteration": 1934, "gamma": 315.0}
{"beta": 90, "tz": 0, "actin_num": 6, "tx": -60.0, "ty": 0, "defocus": 1.6878402899138587, "alpha": 90, "iteration": 1935, "gamma": 337.5}
{"beta": 90, "tz": 0, "actin_num": 15, "tx": -30.0, "ty": 0, "defocus": 3.0782328451827663, "alpha": 90, "iteration": 1936, "gamma": 0.0}
{"beta": 90, "tz": 0, "actin_num": 10, "tx": -30.0, "ty": 0, "defocus": 2.212043992468024, "alpha": 90, "iteration": 1937, "gamma": 22.5}
{"beta": 90, "tz": 0, "actin_num": 12, "tx": -30.0, "ty": 0, "defocus": 1.7007325264627342, "alpha": 90, "iteration": 1938, "gamma": 45.0}
{"beta": 90, "tz": 0, "actin_num": 9, "tx": -30.0, "ty": 0, "defocus": 1.9462205055435824, "alpha": 90, "iteration": 1939, "gamma": 67.5}
{"beta": 90, "tz": 0, "actin_num": 13, "tx": -30.0, "ty": 0, "defocus": 2.4819996247225014, "alpha": 90, "iteration": 1940, "gamma": 90.0}
{"beta": 90, "tz": 0, "actin_num": 4, "tx": -30.0, "ty": 0, "defocus": 3.290859187795327, "alpha": 90, "iteration": 1941, "gamma": 112.5}
{"beta": 90, "tz": 0, "actin_num": 5, "tx": -30.0, "ty": 0, "defocus": 2.7767555588592994, "alpha": 90, "iteration": 1942, "gamma": 135.0}
{"beta": 90, "tz": 0, "actin_num": 17, "tx": -30.0, "ty": 0, "defocus": 2.120129516140345, "alpha": 90, "iteration": 1943, "gamma": 157.5}
{"beta": 90, "tz": 0, "actin_num": 12, "tx": -30.0, "ty": 0, "defocus": 3.3078557163613063, "alpha": 90, "iteration": 1944, "gamma": 180.0}
{"beta": 90, "tz": 0, "actin_num": 14, "tx": -30.0, "ty": 0, "defocus": 2.570049824688816, "alpha": 90, "iteration": 1945, "gamma": 202.5}
{"beta": 90, "tz": 0, "actin_num": 17, "tx": -30.0, "ty": 0, "defocus": 2.8025330828039765, "alpha": 90, "iteration": 1946, "gamma": 225.0}
{"beta": 90, "tz": 0, "actin_num": 2, "tx": -30.0, "ty": 0, "defocus": 3.8240874864710235, "alpha": 90, "iteration": 1947, "gamma": 247.5}
{"beta": 90, "tz": 0, "actin_num": 19, "tx": -30.0, "ty": 0, "defocus": 3.5994398609814864, "alpha": 90, "iteration": 1948, "gamma": 270.0}
{"beta": 90, "tz": 0, "actin_num": 10, "tx": -30.0, "ty": 0, "defocus": 2.588837092981352, "alpha": 90, "iteration": 1949, "gamma": 292.5}
{"beta": 90, "tz": 0, "actin_num": 11, "tx": -30.0, "ty": 0, "defocus": 1.7442255802964184, "alpha": 90, "iteration": 1950, "gamma": 315.0}
{"beta": 90, "tz": 0, "actin_num": 11, "tx": -30.0, "ty": 0, "defocus": 2.6883229208117383, "alpha": 90, "iteration": 1951, "gamma": 337.5}
{"beta": 90, "tz": 0, "actin_num": 18, "tx": 0.0, "ty": 0, "defocus": 2.931140172947519, "alpha": 90, "iteration": 1952, "gamma": 0.0}
{"beta": 90, "tz": 0, "actin_num": 7, "tx": 0.0, "ty": 0, "defocus": 2.426362040253665, "alpha": 90, "iteration": 1953, "gamma": 22.5}
{"beta": 90, "tz": 0, "actin_num": 3, "tx": 0.0, "ty": 0, "defocus": 1.947834963279592, "alpha": 90, "iteration": 1954, "gamma": 45.0}
{"beta": 90, "tz": 0, "actin_num": 14, "tx": 0.0, "ty": 0, "defocus": 1.8201685694487741, "alpha": 90, "iteration": 1955, "gamma": 67.5}
{"beta": 90, "tz": 0, "actin_num": 14, "tx": 0.0, "ty": 0, "defocus": 3.240018181819018, "alpha": 90, "iteration": 1956, "gamma": 90.0}
{"beta": 90, "tz": 0, "actin_num": 9, "tx": 0.0, "ty": 0, "defocus": 2.4284134590594086, "alpha": 90, "iteration": 1957, "gamma": 112.5}
{"beta": 90, "tz": 0, "actin_num": 16, "tx": 0.0, "ty": 0, "defocus": 2.611402456615754, "alpha": 90, "iteration": 1958, "gamma": 135.0}
{"beta": 90, "tz": 0, "actin_num": 0, "tx": 0.0, "ty": 0, "defocus": 2.291339271854549, "alpha": 90, "iteration": 1959, "gamma": 157.5}
{"beta": 90, "tz": 0, "actin_num": 4, "tx": 0.0, "ty": 0, "defocus": 3.9007024178768233, "alpha": 90, "iteration": 1960, "gamma": 180.0}
{"beta": 90, "tz": 0, "actin_num": 17, "tx": 0.0, "ty": 0, "defocus": 1.966838594742276, "alpha": 90,