{"beta": 90, "tz": 0, "actin_num": 8, "tx": -90.0, "ty": 0, "defocus": 3.400766957447358, "alpha": 90, "iteration": 0, "gamma": 0.0}
{"beta": 90, "tz": 0, "actin_num": 12, "tx": -90.0, "ty": 0, "defocus": 2.8006393635578988, "alpha": 90, "iteration": 1, "gamma": 22.5}
{"beta": 90, "tz": 0, "actin_num": 1, "tx": -90.0, "ty": 0, "defocus": 3.7649668903130755, "alpha": 90, "iteration": 2, "gamma": 45.0}
{"beta": 90, "tz": 0, "actin_num": 17, "tx": -90.0, "ty": 0, "defocus": 1.6627582293031136, "alpha": 90, "iteration": 3, "gamma": 67.5}
{"beta": 90, "tz": 0, "actin_num": 17, "tx": -90.0, "ty": 0, "defocus": 2.2112782040246826, "alpha": 90, "iteration": 4, "gamma": 90.0}
{"beta": 90, "tz": 0, "actin_num": 10, "tx": -90.0, "ty": 0, "defocus": 2.2379117363923613, "alpha": 90, "iteration": 5, "gamma": 112.5}
{"beta": 90, "tz": 0, "actin_num": 11, "tx": -90.0, "ty": 0, "defocus": 3.472443374088912, "alpha": 90, "iteration": 6, "gamma": 135.0}
{"beta": 90, "tz": 0, "actin_num": 5, "tx": -90.0, "ty": 0, "defocus": 2.8260277476309303, "alpha": 90, "iteration": 7, "gamma": 157.5}
{"beta": 90, "tz": 0, "actin_num": 14, "tx": -90.0, "ty": 0, "defocus": 2.1801425856376744, "alpha": 90, "iteration": 8, "gamma": 180.0}
{"beta": 90, "tz": 0, "actin_num": 11, "tx": -90.0, "ty": 0, "defocus": 3.8721441817641185, "alpha": 90, "iteration": 9, "gamma": 202.5}
{"beta": 90, "tz": 0, "actin_num": 13, "tx": -90.0, "ty": 0, "defocus": 3.436090046664916, "alpha": 90, "iteration": 10, "gamma": 225.0}
{"beta": 90, "tz": 0, "actin_num": 15, "tx": -90.0, "ty": 0, "defocus": 3.815434541649683, "alpha": 90, "iteration": 11, "gamma": 247.5}
{"beta": 90, "tz": 0, "actin_num": 7, "tx": -90.0, "ty": 0, "defocus": 1.9052697391734401, "alpha": 90, "iteration": 12, "gamma": 270.0}
{"beta": 90, "tz": 0, "actin_num": 9, "tx": -90.0, "ty": 0, "defocus": 2.1719813949067026, "alpha": 90, "iteration": 13, "gamma": 292.5}
{"beta": 90, "tz": 0, "actin_num": 12, "tx": -90.0, "ty": 0, "defocus": 2.9941734220458143, "alpha": 90, "iteration": 14, "gamma": 315.0}
{"beta": 90, "tz": 0, "actin_num": 5, "tx": -90.0, "ty": 0, "defocus": 2.858211818680038, "alpha": 90, "iteration": 15, "gamma": 337.5}
{"beta": 90, "tz": 0, "actin_num": 5, "tx": -60.0, "ty": 0, "defocus": 3.4307102338239623, "alpha": 90, "iteration": 16, "gamma": 0.0}
{"beta": 90, "tz": 0, "actin_num": 16, "tx": -60.0, "ty": 0, "defocus": 2.5286011585896553, "alpha": 90, "iteration": 17, "gamma": 22.5}
{"beta": 90, "tz": 0, "actin_num": 5, "tx": -60.0, "ty": 0, "defocus": 2.8772216701889928, "alpha": 90, "iteration": 18, "gamma": 45.0}
{"beta": 90, "tz": 0, "actin_num": 16, "tx": -60.0, "ty": 0, "defocus": 2.4605704350349518, "alpha": 90, "iteration": 19, "gamma": 67.5}
{"beta": 90, "tz": 0, "actin_num": 12, "tx": -60.0, "ty": 0, "defocus": 3.4659288401485755, "alpha": 90, "iteration": 20, "gamma": 90.0}
{"beta": 90, "tz": 0, "actin_num": 4, "tx": -60.0, "ty": 0, "defocus": 3.6555155945473037, "alpha": 90, "iteration": 21, "gamma": 112.5}
{"beta": 90, "tz": 0, "actin_num": 16, "tx": -60.0, "ty": 0, "defocus": 3.23912934555272, "alpha": 90, "iteration": 22, "gamma": 135.0}
{"beta": 90, "tz": 0, "actin_num": 2, "tx": -60.0, "ty": 0, "defocus": 3.3183420649704845, "alpha": 90, "iteration": 23, "gamma": 157.5}
{"beta": 90, "tz": 0, "actin_num": 15, "tx": -60.0, "ty": 0, "defocus": 3.084845432437061, "alpha": 90, "iteration": 24, "gamma": 180.0}
{"beta": 90, "tz": 0, "actin_num": 12, "tx": -60.0, "ty": 0, "defocus": 2.3857905611141197, "alpha": 90, "iteration": 25, "gamma": 202.5}
{"beta": 90, "tz": 0, "actin_num": 2, "tx": -60.0, "ty": 0, "defocus": 3.942631088944249, "alpha": 90, "iteration": 26, "gamma": 225.0}
{"beta": 90, "tz": 0, "actin_num": 6, "tx": -60.0, "ty": 0, "defocus": 3.1087136361481873, "alpha": 90, "iteration": 27, "gamma": 247.5}
{"beta": 90, "tz": 0, "actin_num": 5, "tx": -60.0, "ty": 0, "defocus": 1.9116226774077956, "alpha": 90, "iteration": 28, "gamma": 270.0}
{"beta": 90, "tz": 0, "actin_num": 16, "tx": -60.0, "ty": 0, "defocus": 1.8476561816967332, "alpha": 90, "iteration": 29, "gamma": 292.5}
{"beta": 90, "tz": 0, "actin_num": 16, "tx": -60.0, "ty": 0, "defocus": 2.9169326442605774, "alpha": 90, "iteration": 30, "gamma": 315.0}
{"beta": 90, "tz": 0, "actin_num": 9, "tx": -60.0, "ty": 0, "defocus": 2.12187517091762, "alpha": 90, "iteration": 31, "gamma": 337.5}
{"beta": 90, "tz": 0, "actin_num": 4, "tx": -30.0, "ty": 0, "defocus": 3.695873541599932, "alpha": 90, "iteration": 32, "gamma": 0.0}
{"beta": 90, "tz": 0, "actin_num": 12, "tx": -30.0, "ty": 0, "defocus": 2.9274547429843016, "alpha": 90, "iteration": 33, "gamma": 22.5}
{"beta": 90, "tz": 0, "actin_num": 8, "tx": -30.0, "ty": 0, "defocus": 1.844383432465268, "alpha": 90, "iteration": 34, "gamma": 45.0}
{"beta": 90, "tz": 0, "actin_num": 15, "tx": -30.0, "ty": 0, "defocus": 3.7163846001511645, "alpha": 90, "iteration": 35, "gamma": 67.5}
{"beta": 90, "tz": 0, "actin_num": 7, "tx": -30.0, "ty": 0, "defocus": 3.084263838395011, "alpha": 90, "iteration": 36, "gamma": 90.0}
{"beta": 90, "tz": 0, "actin_num": 18, "tx": -30.0, "ty": 0, "defocus": 3.091022721576463, "alpha": 90, "iteration": 37, "gamma": 112.5}
{"beta": 90, "tz": 0, "actin_num": 11, "tx": -30.0, "ty": 0, "defocus": 2.9102055705945356, "alpha": 90, "iteration": 38, "gamma": 135.0}
{"beta": 90, "tz": 0, "actin_num": 19, "tx": -30.0, "ty": 0, "defocus": 2.878910611225879, "alpha": 90, "iteration": 39, "gamma": 157.5}
{"beta": 90, "tz": 0, "actin_num": 13, "tx": -30.0, "ty": 0, "defocus": 2.271103341549906, "alpha": 90, "iteration": 40, "gamma": 180.0}
{"beta": 90, "tz": 0, "actin_num": 4, "tx": -30.0, "ty": 0, "defocus": 1.9466726491601214, "alpha": 90, "iteration": 41, "gamma": 202.5}
{"beta": 90, "tz": 0, "actin_num": 14, "tx": -30.0, "ty": 0, "defocus": 2.238495075692319, "alpha": 90, "iteration": 42, "gamma": 225.0}
{"beta": 90, "tz": 0, "actin_num": 17, "tx": -30.0, "ty": 0, "defocus": 1.6103641251242182, "alpha": 90, "iteration": 43, "gamma": 247.5}
{"beta": 90, "tz": 0, "actin_num": 18, "tx": -30.0, "ty": 0, "defocus": 3.652984957721408, "alpha": 90, "iteration": 44, "gamma": 270.0}
{"beta": 90, "tz": 0, "actin_num": 14, "tx": -30.0, "ty": 0, "defocus": 1.6716156095959422, "alpha": 90, "iteration": 45, "gamma": 292.5}
{"beta": 90, "tz": 0, "actin_num": 4, "tx": -30.0, "ty": 0, "defocus": 3.870848591047583, "alpha": 90, "iteration": 46, "gamma": 315.0}
{"beta": 90, "tz": 0, "actin_num": 12, "tx": -30.0, "ty": 0, "defocus": 3.8280778183549, "alpha": 90, "iteration": 47, "gamma": 337.5}
{"beta": 90, "tz": 0, "actin_num": 11, "tx": 0.0, "ty": 0, "defocus": 1.65058248577775, "alpha": 90, "iteration": 48, "gamma": 0.0}
{"beta": 90, "tz": 0, "actin_num": 18, "tx": 0.0, "ty": 0, "defocus": 3.5606562019103407, "alpha": 90, "iteration": 49, "gamma": 22.5}
{"beta": 90, "tz": 0, "actin_num": 19, "tx": 0.0, "ty": 0, "defocus": 2.1646003233314297, "alpha": 90, "iteration": 50, "gamma": 45.0}
{"beta": 90, "tz": 0, "actin_num": 15, "tx": 0.0, "ty": 0, "defocus": 3.025321417070808, "alpha": 90, "iteration": 51, "gamma": 67.5}
{"beta": 90, "tz": 0, "actin_num": 0, "tx": 0.0, "ty": 0, "defocus": 2.1453500380410304, "alpha": 90, "iteration": 52, "gamma": 90.0}
{"beta": 90, "tz": 0, "actin_num": 6, "tx": 0.0, "ty": 0, "defocus": 2.9859037663649604, "alpha": 90, "iteration": 53, "gamma": 112.5}
{"beta": 90, "tz": 0, "actin_num": 1, "tx": 0.0, "ty": 0, "defocus": 2.0396695230720043, "alpha": 90, "iteration": 54, "gamma": 135.0}
{"beta": 90, "tz": 0, "actin_num": 1, "tx": 0.0, "ty": 0, "defocus": 2.6761591923843326, "alpha": 90, "iteration": 55, "gamma": 157.5}
{"beta": 90, "tz": 0, "actin_num": 4, "tx": 0.0, "ty": 0, "defocus": 3.5301921693990583, "alpha": 90, "iteration": 56, "gamma": 180.0}
{"beta": 90, "tz": 0, "actin_num": 9, "tx": 0.0, "ty": 0, "defocus": 2.8368308307358463, "alpha": 90, "iteration": 57, "gamma": 202.5}
{"beta": 90, "tz": 0, "actin_num": 7, "tx": 0.0, "ty": 0, "defocus": 3.11935977783543, "alpha": 90,