{"beta": 90, "tz": 0, "actin_num": 4, "tx": -90.0, "ty": 0, "defocus": 1.992177546915832, "alpha": 90, "iteration": 560, "gamma": 0.0}
{"beta": 90, "tz": 0, "actin_num": 8, "tx": -90.0, "ty": 0, "defocus": 3.295315134621646, "alpha": 90, "iteration": 561, "gamma": 22.5}
{"beta": 90, "tz": 0, "actin_num": 1, "tx": -90.0, "ty": 0, "defocus": 1.6753951762616603, "alpha": 90, "iteration": 562, "gamma": 45.0}
{"beta": 90, "tz": 0, "actin_num": 16, "tx": -90.0, "ty": 0, "defocus": 2.7780422987030455, "alpha": 90, "iteration": 563, "gamma": 67.5}
{"beta": 90, "tz": 0, "actin_num": 8, "tx": -90.0, "ty": 0, "defocus": 3.546293499078841, "alpha": 90, "iteration": 564, "gamma": 90.0}
{"beta": 90, "tz": 0, "actin_num": 5, "tx": -90.0, "ty": 0, "defocus": 1.6023714078847786, "alpha": 90, "iteration": 565, "gamma": 112.5}
{"beta": 90, "tz": 0, "actin_num": 17, "tx": -90.0, "ty": 0, "defocus": 2.503926072334716, "alpha": 90, "iteration": 566, "gamma": 135.0}
{"beta": 90, "tz": 0, "actin_num": 16, "tx": -90.0, "ty": 0, "defocus": 1.7183281717088519, "alpha": 90, "iteration": 567, "gamma": 157.5}
{"beta": 90, "tz": 0, "actin_num": 18, "tx": -90.0, "ty": 0, "defocus": 3.7968784517421796, "alpha": 90, "iteration": 568, "gamma": 180.0}
{"beta": 90, "tz": 0, "actin_num": 3, "tx": -90.0, "ty": 0, "defocus": 3.8122638095975803, "alpha": 90, "iteration": 569, "gamma": 202.5}
{"beta": 90, "tz": 0, "actin_num": 14, "tx": -90.0, "ty": 0, "defocus": 2.4032947500319466, "alpha": 90, "iteration": 570, "gamma": 225.0}
{"beta": 90, "tz": 0, "actin_num": 0, "tx": -90.0, "ty": 0, "defocus": 3.3878406956597384, "alpha": 90, "iteration": 571, "gamma": 247.5}
{"beta": 90, "tz": 0, "actin_num": 9, "tx": -90.0, "ty": 0, "defocus": 3.7916369474740055, "alpha": 90, "iteration": 572, "gamma": 270.0}
{"beta": 90, "tz": 0, "actin_num": 13, "tx": -90.0, "ty": 0, "defocus": 2.522433194769804, "alpha": 90, "iteration": 573, "gamma": 292.5}
{"beta": 90, "tz": 0, "actin_num": 1, "tx": -90.0, "ty": 0, "defocus": 3.6353990121123356, "alpha": 90, "iteration": 574, "gamma": 315.0}
{"beta": 90, "tz": 0, "actin_num": 6, "tx": -90.0, "ty": 0, "defocus": 2.333656347094615, "alpha": 90, "iteration": 575, "gamma": 337.5}
{"beta": 90, "tz": 0, "actin_num": 14, "tx": -60.0, "ty": 0, "defocus": 3.5397333297512823, "alpha": 90, "iteration": 576, "gamma": 0.0}
{"beta": 90, "tz": 0, "actin_num": 4, "tx": -60.0, "ty": 0, "defocus": 3.614055106167377, "alpha": 90, "iteration": 577, "gamma": 22.5}
{"beta": 90, "tz": 0, "actin_num": 18, "tx": -60.0, "ty": 0, "defocus": 3.874304022616379, "alpha": 90, "iteration": 578, "gamma": 45.0}
{"beta": 90, "tz": 0, "actin_num": 2, "tx": -60.0, "ty": 0, "defocus": 3.954871685377839, "alpha": 90, "iteration": 579, "gamma": 67.5}
{"beta": 90, "tz": 0, "actin_num": 18, "tx": -60.0, "ty": 0, "defocus": 2.850282391127323, "alpha": 90, "iteration": 580, "gamma": 90.0}
{"beta": 90, "tz": 0, "actin_num": 19, "tx": -60.0, "ty": 0, "defocus": 2.2639188755638435, "alpha": 90, "iteration": 581, "gamma": 112.5}
{"beta": 90, "tz": 0, "actin_num": 1, "tx": -60.0, "ty": 0, "defocus": 1.847343326450333, "alpha": 90, "iteration": 582, "gamma": 135.0}
{"beta": 90, "tz": 0, "actin_num": 3, "tx": -60.0, "ty": 0, "defocus": 3.516272674973446, "alpha": 90, "iteration": 583, "gamma": 157.5}
{"beta": 90, "tz": 0, "actin_num": 2, "tx": -60.0, "ty": 0, "defocus": 2.422823949137093, "alpha": 90, "iteration": 584, "gamma": 180.0}
{"beta": 90, "tz": 0, "actin_num": 8, "tx": -60.0, "ty": 0, "defocus": 2.0971473428153, "alpha": 90, "iteration": 585, "gamma": 202.5}
{"beta": 90, "tz": 0, "actin_num": 2, "tx": -60.0, "ty": 0, "defocus": 2.987914147010861, "alpha": 90, "iteration": 586, "gamma": 225.0}
{"beta": 90, "tz": 0, "actin_num": 17, "tx": -60.0, "ty": 0, "defocus": 3.054277619916148, "alpha": 90, "iteration": 587, "gamma": 247.5}
{"beta": 90, "tz": 0, "actin_num": 5, "tx": -60.0, "ty": 0, "defocus": 2.7489022347475185, "alpha": 90, "iteration": 588, "gamma": 270.0}
{"beta": 90, "tz": 0, "actin_num": 0, "tx": -60.0, "ty": 0, "defocus": 2.8203036339701164, "alpha": 90, "iteration": 589, "gamma": 292.5}
{"beta": 90, "tz": 0, "actin_num": 0, "tx": -60.0, "ty": 0, "defocus": 2.614813041314971, "alpha": 90, "iteration": 590, "gamma": 315.0}
{"beta": 90, "tz": 0, "actin_num": 1, "tx": -60.0, "ty": 0, "defocus": 2.717755047653143, "alpha": 90, "iteration": 591, "gamma": 337.5}
{"beta": 90, "tz": 0, "actin_num": 13, "tx": -30.0, "ty": 0, "defocus": 1.7552021842756356, "alpha": 90, "iteration": 592, "gamma": 0.0}
{"beta": 90, "tz": 0, "actin_num": 0, "tx": -30.0, "ty": 0, "defocus": 1.6858529187744662, "alpha": 90, "iteration": 593, "gamma": 22.5}
{"beta": 90, "tz": 0, "actin_num": 4, "tx": -30.0, "ty": 0, "defocus": 2.6705195168497387, "alpha": 90, "iteration": 594, "gamma": 45.0}
{"beta": 90, "tz": 0, "actin_num": 10, "tx": -30.0, "ty": 0, "defocus": 3.420143318826999, "alpha": 90, "iteration": 595, "gamma": 67.5}
{"beta": 90, "tz": 0, "actin_num": 11, "tx": -30.0, "ty": 0, "defocus": 2.5295303075686504, "alpha": 90, "iteration": 596, "gamma": 90.0}
{"beta": 90, "tz": 0, "actin_num": 15, "tx": -30.0, "ty": 0, "defocus": 2.689913119044565, "alpha": 90, "iteration": 597, "gamma": 112.5}
{"beta": 90, "tz": 0, "actin_num": 1, "tx": -30.0, "ty": 0, "defocus": 2.466701187803903, "alpha": 90, "iteration": 598, "gamma": 135.0}
{"beta": 90, "tz": 0, "actin_num": 10, "tx": -30.0, "ty": 0, "defocus": 3.0158004340934097, "alpha": 90, "iteration": 599, "gamma": 157.5}
{"beta": 90, "tz": 0, "actin_num": 16, "tx": -30.0, "ty": 0, "defocus": 2.305295146462546, "alpha": 90, "iteration": 600, "gamma": 180.0}
{"beta": 90, "tz": 0, "actin_num": 17, "tx": -30.0, "ty": 0, "defocus": 3.774453172104947, "alpha": 90, "iteration": 601, "gamma": 202.5}
{"beta": 90, "tz": 0, "actin_num": 17, "tx": -30.0, "ty": 0, "defocus": 2.016008428917019, "alpha": 90, "iteration": 602, "gamma": 225.0}
{"beta": 90, "tz": 0, "actin_num": 4, "tx": -30.0, "ty": 0, "defocus": 2.9984485218354227, "alpha": 90, "iteration": 603, "gamma": 247.5}
{"beta": 90, "tz": 0, "actin_num": 3, "tx": -30.0, "ty": 0, "defocus": 2.439983119957318, "alpha": 90, "iteration": 604, "gamma": 270.0}
{"beta": 90, "tz": 0, "actin_num": 2, "tx": -30.0, "ty": 0, "defocus": 1.6546072701518357, "alpha": 90, "iteration": 605, "gamma": 292.5}
{"beta": 90, "tz": 0, "actin_num": 0, "tx": -30.0, "ty": 0, "defocus": 3.2858848807041414, "alpha": 90, "iteration": 606, "gamma": 315.0}
{"beta": 90, "tz": 0, "actin_num": 18, "tx": -30.0, "ty": 0, "defocus": 2.1766205585385365, "alpha": 90, "iteration": 607, "gamma": 337.5}
{"beta": 90, "tz": 0, "actin_num": 0, "tx": 0.0, "ty": 0, "defocus": 3.793070216060203, "alpha": 90, "iteration": 608, "gamma": 0.0}
{"beta": 90, "tz": 0, "actin_num": 7, "tx": 0.0, "ty": 0, "defocus": 2.074506005380903, "alpha": 90, "iteration": 609, "gamma": 22.5}
{"beta": 90, "tz": 0, "actin_num": 2, "tx": 0.0, "ty": 0, "defocus": 2.8418209803699694, "alpha": 90, "iteration": 610, "gamma": 45.0}
{"beta": 90, "tz": 0, "actin_num": 6, "tx": 0.0, "ty": 0, "defocus": 3.6297597131651003, "alpha": 90, "iteration": 611, "gamma": 67.5}
{"beta": 90, "tz": 0, "actin_num": 4, "tx": 0.0, "ty": 0, "defocus": 3.9430314186605937, "alpha": 90, "iteration": 612, "gamma": 90.0}
{"beta": 90, "tz": 0, "actin_num": 5, "tx": 0.0, "ty": 0, "defocus": 1.7253254744231694, "alpha": 90, "iteration": 613, "gamma": 112.5}
{"beta": 90, "tz": 0, "actin_num": 9, "tx": 0.0, "ty": 0, "defocus": 2.0768561452769414, "alpha": 90, "iteration": 614, "gamma": 135.0}
{"beta": 90, "tz": 0, "actin_num": 11, "tx": 0.0, "ty": 0, "defocus": 1.9314680376880629, "alpha": 90, "iteration": 615, "gamma": 157.5}
{"beta": 90, "tz": 0, "actin_num": 7, "tx": 0.0, "ty": 0, "defocus": 1.7167686838169713, "alpha": 90, "iteration": 616, "gamma": 180.0}
{"beta": 90, "tz": 0, "actin_num": 16, "tx": 0.0, "ty": 0, "defocus": 2.660521608051334, "alpha": 90, "iteration": 617, "gamma": 202.5}
{"beta": 90, "tz": 0, "actin_num": 17,