{"beta": 90, "tz": 0, "actin_num": 6, "tx": -90.0, "ty": 0, "defocus": 3.1018481199896, "alpha": 90, "iteration": 1680, "gamma": 0.0}
{"beta": 90, "tz": 0, "actin_num": 14, "tx": -90.0, "ty": 0, "defocus": 2.619208056278885, "alpha": 90, "iteration": 1681, "gamma": 22.5}
{"beta": 90, "tz": 0, "actin_num": 9, "tx": -90.0, "ty": 0, "defocus": 2.010400250012481, "alpha": 90, "iteration": 1682, "gamma": 45.0}
{"beta": 90, "tz": 0, "actin_num": 13, "tx": -90.0, "ty": 0, "defocus": 1.9237238354382815, "alpha": 90, "iteration": 1683, "gamma": 67.5}
{"beta": 90, "tz": 0, "actin_num": 6, "tx": -90.0, "ty": 0, "defocus": 3.8748983547825038, "alpha": 90, "iteration": 1684, "gamma": 90.0}
{"beta": 90, "tz": 0, "actin_num": 18, "tx": -90.0, "ty": 0, "defocus": 2.713649579431763, "alpha": 90, "iteration": 1685, "gamma": 112.5}
{"beta": 90, "tz": 0, "actin_num": 19, "tx": -90.0, "ty": 0, "defocus": 3.4018817844995954, "alpha": 90, "iteration": 1686, "gamma": 135.0}
{"beta": 90, "tz": 0, "actin_num": 3, "tx": -90.0, "ty": 0, "defocus": 2.56333622132654, "alpha": 90, "iteration": 1687, "gamma": 157.5}
{"beta": 90, "tz": 0, "actin_num": 10, "tx": -90.0, "ty": 0, "defocus": 2.5202605283166526, "alpha": 90, "iteration": 1688, "gamma": 180.0}
{"beta": 90, "tz": 0, "actin_num": 11, "tx": -90.0, "ty": 0, "defocus": 3.544851165198671, "alpha": 90, "iteration": 1689, "gamma": 202.5}
{"beta": 90, "tz": 0, "actin_num": 8, "tx": -90.0, "ty": 0, "defocus": 3.751999915979436, "alpha": 90, "iteration": 1690, "gamma": 225.0}
{"beta": 90, "tz": 0, "actin_num": 3, "tx": -90.0, "ty": 0, "defocus": 2.346256474950653, "alpha": 90, "iteration": 1691, "gamma": 247.5}
{"beta": 90, "tz": 0, "actin_num": 13, "tx": -90.0, "ty": 0, "defocus": 3.670516813362851, "alpha": 90, "iteration": 1692, "gamma": 270.0}
{"beta": 90, "tz": 0, "actin_num": 4, "tx": -90.0, "ty": 0, "defocus": 2.639685969806856, "alpha": 90, "iteration": 1693, "gamma": 292.5}
{"beta": 90, "tz": 0, "actin_num": 0, "tx": -90.0, "ty": 0, "defocus": 3.65163251706215, "alpha": 90, "iteration": 1694, "gamma": 315.0}
{"beta": 90, "tz": 0, "actin_num": 17, "tx": -90.0, "ty": 0, "defocus": 3.520487712274841, "alpha": 90, "iteration": 1695, "gamma": 337.5}
{"beta": 90, "tz": 0, "actin_num": 10, "tx": -60.0, "ty": 0, "defocus": 3.037669060737119, "alpha": 90, "iteration": 1696, "gamma": 0.0}
{"beta": 90, "tz": 0, "actin_num": 0, "tx": -60.0, "ty": 0, "defocus": 3.8047799740340125, "alpha": 90, "iteration": 1697, "gamma": 22.5}
{"beta": 90, "tz": 0, "actin_num": 6, "tx": -60.0, "ty": 0, "defocus": 3.6749517770284914, "alpha": 90, "iteration": 1698, "gamma": 45.0}
{"beta": 90, "tz": 0, "actin_num": 12, "tx": -60.0, "ty": 0, "defocus": 2.7071222864903746, "alpha": 90, "iteration": 1699, "gamma": 67.5}
{"beta": 90, "tz": 0, "actin_num": 8, "tx": -60.0, "ty": 0, "defocus": 3.628746927814515, "alpha": 90, "iteration": 1700, "gamma": 90.0}
{"beta": 90, "tz": 0, "actin_num": 19, "tx": -60.0, "ty": 0, "defocus": 1.6245448458755294, "alpha": 90, "iteration": 1701, "gamma": 112.5}
{"beta": 90, "tz": 0, "actin_num": 2, "tx": -60.0, "ty": 0, "defocus": 3.4125093792826826, "alpha": 90, "iteration": 1702, "gamma": 135.0}
{"beta": 90, "tz": 0, "actin_num": 8, "tx": -60.0, "ty": 0, "defocus": 3.9730403151443907, "alpha": 90, "iteration": 1703, "gamma": 157.5}
{"beta": 90, "tz": 0, "actin_num": 5, "tx": -60.0, "ty": 0, "defocus": 2.4924792920647425, "alpha": 90, "iteration": 1704, "gamma": 180.0}
{"beta": 90, "tz": 0, "actin_num": 16, "tx": -60.0, "ty": 0, "defocus": 3.1702403877542826, "alpha": 90, "iteration": 1705, "gamma": 202.5}
{"beta": 90, "tz": 0, "actin_num": 13, "tx": -60.0, "ty": 0, "defocus": 3.6912915723177866, "alpha": 90, "iteration": 1706, "gamma": 225.0}
{"beta": 90, "tz": 0, "actin_num": 3, "tx": -60.0, "ty": 0, "defocus": 2.5007231213799566, "alpha": 90, "iteration": 1707, "gamma": 247.5}
{"beta": 90, "tz": 0, "actin_num": 9, "tx": -60.0, "ty": 0, "defocus": 2.817871641117412, "alpha": 90, "iteration": 1708, "gamma": 270.0}
{"beta": 90, "tz": 0, "actin_num": 19, "tx": -60.0, "ty": 0, "defocus": 2.6313156181426423, "alpha": 90, "iteration": 1709, "gamma": 292.5}
{"beta": 90, "tz": 0, "actin_num": 3, "tx": -60.0, "ty": 0, "defocus": 2.3529777590209267, "alpha": 90, "iteration": 1710, "gamma": 315.0}
{"beta": 90, "tz": 0, "actin_num": 0, "tx": -60.0, "ty": 0, "defocus": 2.9235420674084427, "alpha": 90, "iteration": 1711, "gamma": 337.5}
{"beta": 90, "tz": 0, "actin_num": 13, "tx": -30.0, "ty": 0, "defocus": 2.146058855980697, "alpha": 90, "iteration": 1712, "gamma": 0.0}
{"beta": 90, "tz": 0, "actin_num": 5, "tx": -30.0, "ty": 0, "defocus": 3.3002818448678983, "alpha": 90, "iteration": 1713, "gamma": 22.5}
{"beta": 90, "tz": 0, "actin_num": 11, "tx": -30.0, "ty": 0, "defocus": 3.3537733149425795, "alpha": 90, "iteration": 1714, "gamma": 45.0}
{"beta": 90, "tz": 0, "actin_num": 2, "tx": -30.0, "ty": 0, "defocus": 3.981771336604617, "alpha": 90, "iteration": 1715, "gamma": 67.5}
{"beta": 90, "tz": 0, "actin_num": 10, "tx": -30.0, "ty": 0, "defocus": 2.9542671871337394, "alpha": 90, "iteration": 1716, "gamma": 90.0}
{"beta": 90, "tz": 0, "actin_num": 15, "tx": -30.0, "ty": 0, "defocus": 2.146977938436416, "alpha": 90, "iteration": 1717, "gamma": 112.5}
{"beta": 90, "tz": 0, "actin_num": 11, "tx": -30.0, "ty": 0, "defocus": 2.873785160173191, "alpha": 90, "iteration": 1718, "gamma": 135.0}
{"beta": 90, "tz": 0, "actin_num": 3, "tx": -30.0, "ty": 0, "defocus": 3.4388209806854397, "alpha": 90, "iteration": 1719, "gamma": 157.5}
{"beta": 90, "tz": 0, "actin_num": 9, "tx": -30.0, "ty": 0, "defocus": 2.98140176265969, "alpha": 90, "iteration": 1720, "gamma": 180.0}
{"beta": 90, "tz": 0, "actin_num": 15, "tx": -30.0, "ty": 0, "defocus": 3.0437409796605244, "alpha": 90, "iteration": 1721, "gamma": 202.5}
{"beta": 90, "tz": 0, "actin_num": 5, "tx": -30.0, "ty": 0, "defocus": 3.4950141629019216, "alpha": 90, "iteration": 1722, "gamma": 225.0}
{"beta": 90, "tz": 0, "actin_num": 10, "tx": -30.0, "ty": 0, "defocus": 2.338116032847628, "alpha": 90, "iteration": 1723, "gamma": 247.5}
{"beta": 90, "tz": 0, "actin_num": 16, "tx": -30.0, "ty": 0, "defocus": 2.650135494455979, "alpha": 90, "iteration": 1724, "gamma": 270.0}
{"beta": 90, "tz": 0, "actin_num": 7, "tx": -30.0, "ty": 0, "defocus": 3.0202217306903094, "alpha": 90, "iteration": 1725, "gamma": 292.5}
{"beta": 90, "tz": 0, "actin_num": 4, "tx": -30.0, "ty": 0, "defocus": 2.301969577660303, "alpha": 90, "iteration": 1726, "gamma": 315.0}
{"beta": 90, "tz": 0, "actin_num": 15, "tx": -30.0, "ty": 0, "defocus": 3.204050495307343, "alpha": 90, "iteration": 1727, "gamma": 337.5}
{"beta": 90, "tz": 0, "actin_num": 8, "tx": 0.0, "ty": 0, "defocus": 2.1085802381154166, "alpha": 90, "iteration": 1728, "gamma": 0.0}
{"beta": 90, "tz": 0, "actin_num": 3, "tx": 0.0, "ty": 0, "defocus": 1.7322784321131242, "alpha": 90, "iteration": 1729, "gamma": 22.5}
{"beta": 90, "tz": 0, "actin_num": 2, "tx": 0.0, "ty": 0, "defocus": 1.7555120344754283, "alpha": 90, "iteration": 1730, "gamma": 45.0}
{"beta": 90, "tz": 0, "actin_num": 9, "tx": 0.0, "ty": 0, "defocus": 3.1436190291429114, "alpha": 90, "iteration": 1731, "gamma": 67.5}
{"beta": 90, "tz": 0, "actin_num": 2, "tx": 0.0, "ty": 0, "defocus": 2.6372302892749184, "alpha": 90, "iteration": 1732, "gamma": 90.0}
{"beta": 90, "tz": 0, "actin_num": 10, "tx": 0.0, "ty": 0, "defocus": 2.4839292309471492, "alpha": 90, "iteration": 1733, "gamma": 112.5}
{"beta": 90, "tz": 0, "actin_num": 4, "tx": 0.0, "ty": 0, "defocus": 2.8235311966162016, "alpha": 90, "iteration": 1734, "gamma": 135.0}
{"beta": 90, "tz": 0, "actin_num": 3, "tx": 0.0, "ty": 0, "defocus": 3.552315431520606, "alpha": 90, "iteration": 1735, "gamma": 157.5}
{"beta": 90, "tz": 0, "actin_num": 0, "tx": 0.0, "ty": 0, "defocus": 2.143524996157339, "alpha": 90, "iteration": 1736, "gamma": 180.0}
{"beta": 90, "tz": 0, "actin_num": 16, "tx": 0.0, "ty": 0, "defocus": 2.8680651381965228, "alpha": 90, "iteration": 1737,