{"beta": 90, "tz": 0, "actin_num": 3, "tx": -90.0, "ty": 0, "defocus": 2.5719963640333052, "alpha": 90, "iteration": 1120, "gamma": 0.0}
{"beta": 90, "tz": 0, "actin_num": 7, "tx": -90.0, "ty": 0, "defocus": 2.685562897299647, "alpha": 90, "iteration": 1121, "gamma": 22.5}
{"beta": 90, "tz": 0, "actin_num": 4, "tx": -90.0, "ty": 0, "defocus": 2.650965710935746, "alpha": 90, "iteration": 1122, "gamma": 45.0}
{"beta": 90, "tz": 0, "actin_num": 12, "tx": -90.0, "ty": 0, "defocus": 3.7553927118947965, "alpha": 90, "iteration": 1123, "gamma": 67.5}
{"beta": 90, "tz": 0, "actin_num": 15, "tx": -90.0, "ty": 0, "defocus": 3.016778696463569, "alpha": 90, "iteration": 1124, "gamma": 90.0}
{"beta": 90, "tz": 0, "actin_num": 17, "tx": -90.0, "ty": 0, "defocus": 2.717870571678029, "alpha": 90, "iteration": 1125, "gamma": 112.5}
{"beta": 90, "tz": 0, "actin_num": 2, "tx": -90.0, "ty": 0, "defocus": 3.0851425421074907, "alpha": 90, "iteration": 1126, "gamma": 135.0}
{"beta": 90, "tz": 0, "actin_num": 15, "tx": -90.0, "ty": 0, "defocus": 3.712444239173427, "alpha": 90, "iteration": 1127, "gamma": 157.5}
{"beta": 90, "tz": 0, "actin_num": 1, "tx": -90.0, "ty": 0, "defocus": 2.261727795910628, "alpha": 90, "iteration": 1128, "gamma": 180.0}
{"beta": 90, "tz": 0, "actin_num": 12, "tx": -90.0, "ty": 0, "defocus": 2.122094578468958, "alpha": 90, "iteration": 1129, "gamma": 202.5}
{"beta": 90, "tz": 0, "actin_num": 13, "tx": -90.0, "ty": 0, "defocus": 1.7476398066971148, "alpha": 90, "iteration": 1130, "gamma": 225.0}
{"beta": 90, "tz": 0, "actin_num": 5, "tx": -90.0, "ty": 0, "defocus": 2.218228342901516, "alpha": 90, "iteration": 1131, "gamma": 247.5}
{"beta": 90, "tz": 0, "actin_num": 12, "tx": -90.0, "ty": 0, "defocus": 1.8326773827152005, "alpha": 90, "iteration": 1132, "gamma": 270.0}
{"beta": 90, "tz": 0, "actin_num": 11, "tx": -90.0, "ty": 0, "defocus": 2.147885387624221, "alpha": 90, "iteration": 1133, "gamma": 292.5}
{"beta": 90, "tz": 0, "actin_num": 5, "tx": -90.0, "ty": 0, "defocus": 2.279628031000458, "alpha": 90, "iteration": 1134, "gamma": 315.0}
{"beta": 90, "tz": 0, "actin_num": 12, "tx": -90.0, "ty": 0, "defocus": 1.8915183408972518, "alpha": 90, "iteration": 1135, "gamma": 337.5}
{"beta": 90, "tz": 0, "actin_num": 13, "tx": -60.0, "ty": 0, "defocus": 2.653762189369976, "alpha": 90, "iteration": 1136, "gamma": 0.0}
{"beta": 90, "tz": 0, "actin_num": 4, "tx": -60.0, "ty": 0, "defocus": 2.3665082518698903, "alpha": 90, "iteration": 1137, "gamma": 22.5}
{"beta": 90, "tz": 0, "actin_num": 3, "tx": -60.0, "ty": 0, "defocus": 1.7931360062873363, "alpha": 90, "iteration": 1138, "gamma": 45.0}
{"beta": 90, "tz": 0, "actin_num": 1, "tx": -60.0, "ty": 0, "defocus": 3.9031576127704173, "alpha": 90, "iteration": 1139, "gamma": 67.5}
{"beta": 90, "tz": 0, "actin_num": 10, "tx": -60.0, "ty": 0, "defocus": 2.183952149769003, "alpha": 90, "iteration": 1140, "gamma": 90.0}
{"beta": 90, "tz": 0, "actin_num": 2, "tx": -60.0, "ty": 0, "defocus": 3.433758421975992, "alpha": 90, "iteration": 1141, "gamma": 112.5}
{"beta": 90, "tz": 0, "actin_num": 4, "tx": -60.0, "ty": 0, "defocus": 2.1637425022253023, "alpha": 90, "iteration": 1142, "gamma": 135.0}
{"beta": 90, "tz": 0, "actin_num": 17, "tx": -60.0, "ty": 0, "defocus": 3.230486605663344, "alpha": 90, "iteration": 1143, "gamma": 157.5}
{"beta": 90, "tz": 0, "actin_num": 17, "tx": -60.0, "ty": 0, "defocus": 2.3015701491816185, "alpha": 90, "iteration": 1144, "gamma": 180.0}
{"beta": 90, "tz": 0, "actin_num": 16, "tx": -60.0, "ty": 0, "defocus": 2.342059432620864, "alpha": 90, "iteration": 1145, "gamma": 202.5}
{"beta": 90, "tz": 0, "actin_num": 0, "tx": -60.0, "ty": 0, "defocus": 1.7151570085726315, "alpha": 90, "iteration": 1146, "gamma": 225.0}
{"beta": 90, "tz": 0, "actin_num": 6, "tx": -60.0, "ty": 0, "defocus": 2.1245938482127142, "alpha": 90, "iteration": 1147, "gamma": 247.5}
{"beta": 90, "tz": 0, "actin_num": 11, "tx": -60.0, "ty": 0, "defocus": 2.5262166196338196, "alpha": 90, "iteration": 1148, "gamma": 270.0}
{"beta": 90, "tz": 0, "actin_num": 7, "tx": -60.0, "ty": 0, "defocus": 1.6232172380250334, "alpha": 90, "iteration": 1149, "gamma": 292.5}
{"beta": 90, "tz": 0, "actin_num": 11, "tx": -60.0, "ty": 0, "defocus": 1.8104985843204677, "alpha": 90, "iteration": 1150, "gamma": 315.0}
{"beta": 90, "tz": 0, "actin_num": 2, "tx": -60.0, "ty": 0, "defocus": 1.8748142934092138, "alpha": 90, "iteration": 1151, "gamma": 337.5}
{"beta": 90, "tz": 0, "actin_num": 15, "tx": -30.0, "ty": 0, "defocus": 3.383236179658531, "alpha": 90, "iteration": 1152, "gamma": 0.0}
{"beta": 90, "tz": 0, "actin_num": 5, "tx": -30.0, "ty": 0, "defocus": 2.3039944672635397, "alpha": 90, "iteration": 1153, "gamma": 22.5}
{"beta": 90, "tz": 0, "actin_num": 12, "tx": -30.0, "ty": 0, "defocus": 3.333190774679439, "alpha": 90, "iteration": 1154, "gamma": 45.0}
{"beta": 90, "tz": 0, "actin_num": 2, "tx": -30.0, "ty": 0, "defocus": 2.3250950634634546, "alpha": 90, "iteration": 1155, "gamma": 67.5}
{"beta": 90, "tz": 0, "actin_num": 12, "tx": -30.0, "ty": 0, "defocus": 1.7982023668194738, "alpha": 90, "iteration": 1156, "gamma": 90.0}
{"beta": 90, "tz": 0, "actin_num": 7, "tx": -30.0, "ty": 0, "defocus": 3.313663746533991, "alpha": 90, "iteration": 1157, "gamma": 112.5}
{"beta": 90, "tz": 0, "actin_num": 3, "tx": -30.0, "ty": 0, "defocus": 2.5159155684233983, "alpha": 90, "iteration": 1158, "gamma": 135.0}
{"beta": 90, "tz": 0, "actin_num": 5, "tx": -30.0, "ty": 0, "defocus": 2.952214192456469, "alpha": 90, "iteration": 1159, "gamma": 157.5}
{"beta": 90, "tz": 0, "actin_num": 9, "tx": -30.0, "ty": 0, "defocus": 3.2367974225309295, "alpha": 90, "iteration": 1160, "gamma": 180.0}
{"beta": 90, "tz": 0, "actin_num": 2, "tx": -30.0, "ty": 0, "defocus": 2.344015382659452, "alpha": 90, "iteration": 1161, "gamma": 202.5}
{"beta": 90, "tz": 0, "actin_num": 8, "tx": -30.0, "ty": 0, "defocus": 2.226191316295396, "alpha": 90, "iteration": 1162, "gamma": 225.0}
{"beta": 90, "tz": 0, "actin_num": 12, "tx": -30.0, "ty": 0, "defocus": 2.8277935400646586, "alpha": 90, "iteration": 1163, "gamma": 247.5}
{"beta": 90, "tz": 0, "actin_num": 4, "tx": -30.0, "ty": 0, "defocus": 3.4848432841648247, "alpha": 90, "iteration": 1164, "gamma": 270.0}
{"beta": 90, "tz": 0, "actin_num": 13, "tx": -30.0, "ty": 0, "defocus": 2.471928341479971, "alpha": 90, "iteration": 1165, "gamma": 292.5}
{"beta": 90, "tz": 0, "actin_num": 13, "tx": -30.0, "ty": 0, "defocus": 3.9826545617351297, "alpha": 90, "iteration": 1166, "gamma": 315.0}
{"beta": 90, "tz": 0, "actin_num": 14, "tx": -30.0, "ty": 0, "defocus": 2.210742307904327, "alpha": 90, "iteration": 1167, "gamma": 337.5}
{"beta": 90, "tz": 0, "actin_num": 0, "tx": 0.0, "ty": 0, "defocus": 3.0859652615151427, "alpha": 90, "iteration": 1168, "gamma": 0.0}
{"beta": 90, "tz": 0, "actin_num": 2, "tx": 0.0, "ty": 0, "defocus": 2.1335963138440044, "alpha": 90, "iteration": 1169, "gamma": 22.5}
{"beta": 90, "tz": 0, "actin_num": 8, "tx": 0.0, "ty": 0, "defocus": 1.820257738908635, "alpha": 90, "iteration": 1170, "gamma": 45.0}
{"beta": 90, "tz": 0, "actin_num": 5, "tx": 0.0, "ty": 0, "defocus": 3.2147070100451485, "alpha": 90, "iteration": 1171, "gamma": 67.5}
{"beta": 90, "tz": 0, "actin_num": 11, "tx": 0.0, "ty": 0, "defocus": 3.1879540599104432, "alpha": 90, "iteration": 1172, "gamma": 90.0}
{"beta": 90, "tz": 0, "actin_num": 15, "tx": 0.0, "ty": 0, "defocus": 2.8861934780845013, "alpha": 90, "iteration": 1173, "gamma": 112.5}
{"beta": 90, "tz": 0, "actin_num": 13, "tx": 0.0, "ty": 0, "defocus": 3.903581313333819, "alpha": 90, "iteration": 1174, "gamma": 135.0}
{"beta": 90, "tz": 0, "actin_num": 12, "tx": 0.0, "ty": 0, "defocus": 1.714033773956827, "alpha": 90, "iteration": 1175, "gamma": 157.5}
{"beta": 90, "tz": 0, "actin_num": 7, "tx": 0.0, "ty": 0, "defocus": 3.357278009087042, "alpha": 90, "iteration": 1176, "gamma": 180.0}
{"beta": 90, "tz": 0, "actin_num": 19, "tx": 0.0, "ty": 0, "defocus": 1.8208911644731478, "alpha": 90,