{"beta": 90, "tz": 0, "actin_num": 1, "tx": -90.0, "ty": 0, "defocus": 3.264027482795492, "alpha": 90, "iteration": 112, "gamma": 0.0}
{"beta": 90, "tz": 0, "actin_num": 18, "tx": -90.0, "ty": 0, "defocus": 3.74194068027127, "alpha": 90, "iteration": 113, "gamma": 22.5}
{"beta": 90, "tz": 0, "actin_num": 8, "tx": -90.0, "ty": 0, "defocus": 3.6020487169664763, "alpha": 90, "iteration": 114, "gamma": 45.0}
{"beta": 90, "tz": 0, "actin_num": 11, "tx": -90.0, "ty": 0, "defocus": 2.6107475703671708, "alpha": 90, "iteration": 115, "gamma": 67.5}
{"beta": 90, "tz": 0, "actin_num": 12, "tx": -90.0, "ty": 0, "defocus": 3.1931288420317814, "alpha": 90, "iteration": 116, "gamma": 90.0}
{"beta": 90, "tz": 0, "actin_num": 2, "tx": -90.0, "ty": 0, "defocus": 2.5363382892175137, "alpha": 90, "iteration": 117, "gamma": 112.5}
{"beta": 90, "tz": 0, "actin_num": 18, "tx": -90.0, "ty": 0, "defocus": 2.208369474439963, "alpha": 90, "iteration": 118, "gamma": 135.0}
{"beta": 90, "tz": 0, "actin_num": 0, "tx": -90.0, "ty": 0, "defocus": 2.8262882283883473, "alpha": 90, "iteration": 119, "gamma": 157.5}
{"beta": 90, "tz": 0, "actin_num": 14, "tx": -90.0, "ty": 0, "defocus": 3.504532777050202, "alpha": 90, "iteration": 120, "gamma": 180.0}
{"beta": 90, "tz": 0, "actin_num": 2, "tx": -90.0, "ty": 0, "defocus": 3.583830702011637, "alpha": 90, "iteration": 121, "gamma": 202.5}
{"beta": 90, "tz": 0, "actin_num": 17, "tx": -90.0, "ty": 0, "defocus": 2.960718677403989, "alpha": 90, "iteration": 122, "gamma": 225.0}
{"beta": 90, "tz": 0, "actin_num": 10, "tx": -90.0, "ty": 0, "defocus": 3.5052139427078215, "alpha": 90, "iteration": 123, "gamma": 247.5}
{"beta": 90, "tz": 0, "actin_num": 3, "tx": -90.0, "ty": 0, "defocus": 3.8644056104072315, "alpha": 90, "iteration": 124, "gamma": 270.0}
{"beta": 90, "tz": 0, "actin_num": 12, "tx": -90.0, "ty": 0, "defocus": 3.657973045621905, "alpha": 90, "iteration": 125, "gamma": 292.5}
{"beta": 90, "tz": 0, "actin_num": 14, "tx": -90.0, "ty": 0, "defocus": 2.8444180851036336, "alpha": 90, "iteration": 126, "gamma": 315.0}
{"beta": 90, "tz": 0, "actin_num": 4, "tx": -90.0, "ty": 0, "defocus": 3.8568275390777536, "alpha": 90, "iteration": 127, "gamma": 337.5}
{"beta": 90, "tz": 0, "actin_num": 18, "tx": -60.0, "ty": 0, "defocus": 2.8369550572145386, "alpha": 90, "iteration": 128, "gamma": 0.0}
{"beta": 90, "tz": 0, "actin_num": 9, "tx": -60.0, "ty": 0, "defocus": 1.9440915510260495, "alpha": 90, "iteration": 129, "gamma": 22.5}
{"beta": 90, "tz": 0, "actin_num": 7, "tx": -60.0, "ty": 0, "defocus": 3.675771807898397, "alpha": 90, "iteration": 130, "gamma": 45.0}
{"beta": 90, "tz": 0, "actin_num": 16, "tx": -60.0, "ty": 0, "defocus": 3.124405604588951, "alpha": 90, "iteration": 131, "gamma": 67.5}
{"beta": 90, "tz": 0, "actin_num": 16, "tx": -60.0, "ty": 0, "defocus": 2.941655205313679, "alpha": 90, "iteration": 132, "gamma": 90.0}
{"beta": 90, "tz": 0, "actin_num": 14, "tx": -60.0, "ty": 0, "defocus": 2.464398749175996, "alpha": 90, "iteration": 133, "gamma": 112.5}
{"beta": 90, "tz": 0, "actin_num": 4, "tx": -60.0, "ty": 0, "defocus": 3.1115249512271355, "alpha": 90, "iteration": 134, "gamma": 135.0}
{"beta": 90, "tz": 0, "actin_num": 7, "tx": -60.0, "ty": 0, "defocus": 3.8250029214953805, "alpha": 90, "iteration": 135, "gamma": 157.5}
{"beta": 90, "tz": 0, "actin_num": 8, "tx": -60.0, "ty": 0, "defocus": 3.9353578001008698, "alpha": 90, "iteration": 136, "gamma": 180.0}
{"beta": 90, "tz": 0, "actin_num": 7, "tx": -60.0, "ty": 0, "defocus": 2.8695040308534088, "alpha": 90, "iteration": 137, "gamma": 202.5}
{"beta": 90, "tz": 0, "actin_num": 3, "tx": -60.0, "ty": 0, "defocus": 3.446600765356952, "alpha": 90, "iteration": 138, "gamma": 225.0}
{"beta": 90, "tz": 0, "actin_num": 12, "tx": -60.0, "ty": 0, "defocus": 3.963689744918647, "alpha": 90, "iteration": 139, "gamma": 247.5}
{"beta": 90, "tz": 0, "actin_num": 16, "tx": -60.0, "ty": 0, "defocus": 3.2023627470377214, "alpha": 90, "iteration": 140, "gamma": 270.0}
{"beta": 90, "tz": 0, "actin_num": 12, "tx": -60.0, "ty": 0, "defocus": 2.9282308420586594, "alpha": 90, "iteration": 141, "gamma": 292.5}
{"beta": 90, "tz": 0, "actin_num": 13, "tx": -60.0, "ty": 0, "defocus": 3.3990566442116763, "alpha": 90, "iteration": 142, "gamma": 315.0}
{"beta": 90, "tz": 0, "actin_num": 19, "tx": -60.0, "ty": 0, "defocus": 3.709277103250868, "alpha": 90, "iteration": 143, "gamma": 337.5}
{"beta": 90, "tz": 0, "actin_num": 4, "tx": -30.0, "ty": 0, "defocus": 2.7768879084438636, "alpha": 90, "iteration": 144, "gamma": 0.0}
{"beta": 90, "tz": 0, "actin_num": 15, "tx": -30.0, "ty": 0, "defocus": 3.765845616804871, "alpha": 90, "iteration": 145, "gamma": 22.5}
{"beta": 90, "tz": 0, "actin_num": 0, "tx": -30.0, "ty": 0, "defocus": 1.9943830761809798, "alpha": 90, "iteration": 146, "gamma": 45.0}
{"beta": 90, "tz": 0, "actin_num": 9, "tx": -30.0, "ty": 0, "defocus": 1.7557468491985577, "alpha": 90, "iteration": 147, "gamma": 67.5}
{"beta": 90, "tz": 0, "actin_num": 3, "tx": -30.0, "ty": 0, "defocus": 3.03685509821793, "alpha": 90, "iteration": 148, "gamma": 90.0}
{"beta": 90, "tz": 0, "actin_num": 2, "tx": -30.0, "ty": 0, "defocus": 3.8734992242810478, "alpha": 90, "iteration": 149, "gamma": 112.5}
{"beta": 90, "tz": 0, "actin_num": 9, "tx": -30.0, "ty": 0, "defocus": 3.0833911387098976, "alpha": 90, "iteration": 150, "gamma": 135.0}
{"beta": 90, "tz": 0, "actin_num": 5, "tx": -30.0, "ty": 0, "defocus": 3.1000372462499666, "alpha": 90, "iteration": 151, "gamma": 157.5}
{"beta": 90, "tz": 0, "actin_num": 7, "tx": -30.0, "ty": 0, "defocus": 2.6682631534447667, "alpha": 90, "iteration": 152, "gamma": 180.0}
{"beta": 90, "tz": 0, "actin_num": 6, "tx": -30.0, "ty": 0, "defocus": 2.7094646322602083, "alpha": 90, "iteration": 153, "gamma": 202.5}
{"beta": 90, "tz": 0, "actin_num": 11, "tx": -30.0, "ty": 0, "defocus": 3.3380834000407957, "alpha": 90, "iteration": 154, "gamma": 225.0}
{"beta": 90, "tz": 0, "actin_num": 3, "tx": -30.0, "ty": 0, "defocus": 3.888519946945917, "alpha": 90, "iteration": 155, "gamma": 247.5}
{"beta": 90, "tz": 0, "actin_num": 14, "tx": -30.0, "ty": 0, "defocus": 1.6629464906925828, "alpha": 90, "iteration": 156, "gamma": 270.0}
{"beta": 90, "tz": 0, "actin_num": 11, "tx": -30.0, "ty": 0, "defocus": 3.427830843000044, "alpha": 90, "iteration": 157, "gamma": 292.5}
{"beta": 90, "tz": 0, "actin_num": 5, "tx": -30.0, "ty": 0, "defocus": 3.2855218333467118, "alpha": 90, "iteration": 158, "gamma": 315.0}
{"beta": 90, "tz": 0, "actin_num": 0, "tx": -30.0, "ty": 0, "defocus": 3.6982501137370543, "alpha": 90, "iteration": 159, "gamma": 337.5}
{"beta": 90, "tz": 0, "actin_num": 6, "tx": 0.0, "ty": 0, "defocus": 2.44275932293772, "alpha": 90, "iteration": 160, "gamma": 0.0}
{"beta": 90, "tz": 0, "actin_num": 3, "tx": 0.0, "ty": 0, "defocus": 3.2498854241088804, "alpha": 90, "iteration": 161, "gamma": 22.5}
{"beta": 90, "tz": 0, "actin_num": 8, "tx": 0.0, "ty": 0, "defocus": 3.1133856482951714, "alpha": 90, "iteration": 162, "gamma": 45.0}
{"beta": 90, "tz": 0, "actin_num": 12, "tx": 0.0, "ty": 0, "defocus": 2.1767243977660375, "alpha": 90, "iteration": 163, "gamma": 67.5}
{"beta": 90, "tz": 0, "actin_num": 4, "tx": 0.0, "ty": 0, "defocus": 2.6134468617482707, "alpha": 90, "iteration": 164, "gamma": 90.0}
{"beta": 90, "tz": 0, "actin_num": 18, "tx": 0.0, "ty": 0, "defocus": 3.7248622265940163, "alpha": 90, "iteration": 165, "gamma": 112.5}
{"beta": 90, "tz": 0, "actin_num": 17, "tx": 0.0, "ty": 0, "defocus": 1.7367233290000066, "alpha": 90, "iteration": 166, "gamma": 135.0}
{"beta": 90, "tz": 0, "actin_num": 9, "tx": 0.0, "ty": 0, "defocus": 2.2865032455221126, "alpha": 90, "iteration": 167, "gamma": 157.5}
{"beta": 90, "tz": 0, "actin_num": 19, "tx": 0.0, "ty": 0, "defocus": 2.6470723785154124, "alpha": 90, "iteration": 168, "gamma": 180.0}
{"beta": 90, "tz": 0, "actin_num": 18, "tx": 0.0, "ty": 0, "defocus": 2.422384623118187, "alpha": 90, "iteration": 169, "gamma": 202.5}
{"beta": 90, "tz": 0,