{"beta": 90, "tz": 0, "actin_num": 9, "tx": -90.0, "ty": 0, "defocus": 2.2088696405748607, "alpha": 90, "iteration": 224, "gamma": 0.0}
{"beta": 90, "tz": 0, "actin_num": 8, "tx": -90.0, "ty": 0, "defocus": 2.155665755961664, "alpha": 90, "iteration": 225, "gamma": 22.5}
{"beta": 90, "tz": 0, "actin_num": 6, "tx": -90.0, "ty": 0, "defocus": 2.809503854627068, "alpha": 90, "iteration": 226, "gamma": 45.0}
{"beta": 90, "tz": 0, "actin_num": 14, "tx": -90.0, "ty": 0, "defocus": 2.489318896016084, "alpha": 90, "iteration": 227, "gamma": 67.5}
{"beta": 90, "tz": 0, "actin_num": 1, "tx": -90.0, "ty": 0, "defocus": 3.052755114031938, "alpha": 90, "iteration": 228, "gamma": 90.0}
{"beta": 90, "tz": 0, "actin_num": 19, "tx": -90.0, "ty": 0, "defocus": 3.9781152818175007, "alpha": 90, "iteration": 229, "gamma": 112.5}
{"beta": 90, "tz": 0, "actin_num": 0, "tx": -90.0, "ty": 0, "defocus": 2.4291137063888293, "alpha": 90, "iteration": 230, "gamma": 135.0}
{"beta": 90, "tz": 0, "actin_num": 16, "tx": -90.0, "ty": 0, "defocus": 3.8405457178778333, "alpha": 90, "iteration": 231, "gamma": 157.5}
{"beta": 90, "tz": 0, "actin_num": 0, "tx": -90.0, "ty": 0, "defocus": 3.5866966717280673, "alpha": 90, "iteration": 232, "gamma": 180.0}
{"beta": 90, "tz": 0, "actin_num": 12, "tx": -90.0, "ty": 0, "defocus": 3.0489200762263944, "alpha": 90, "iteration": 233, "gamma": 202.5}
{"beta": 90, "tz": 0, "actin_num": 1, "tx": -90.0, "ty": 0, "defocus": 1.7436273658480828, "alpha": 90, "iteration": 234, "gamma": 225.0}
{"beta": 90, "tz": 0, "actin_num": 6, "tx": -90.0, "ty": 0, "defocus": 3.654627870579073, "alpha": 90, "iteration": 235, "gamma": 247.5}
{"beta": 90, "tz": 0, "actin_num": 6, "tx": -90.0, "ty": 0, "defocus": 1.919547713057849, "alpha": 90, "iteration": 236, "gamma": 270.0}
{"beta": 90, "tz": 0, "actin_num": 16, "tx": -90.0, "ty": 0, "defocus": 2.1229996991072766, "alpha": 90, "iteration": 237, "gamma": 292.5}
{"beta": 90, "tz": 0, "actin_num": 6, "tx": -90.0, "ty": 0, "defocus": 3.499412012566446, "alpha": 90, "iteration": 238, "gamma": 315.0}
{"beta": 90, "tz": 0, "actin_num": 11, "tx": -90.0, "ty": 0, "defocus": 1.756693848868711, "alpha": 90, "iteration": 239, "gamma": 337.5}
{"beta": 90, "tz": 0, "actin_num": 2, "tx": -60.0, "ty": 0, "defocus": 1.8449642332870526, "alpha": 90, "iteration": 240, "gamma": 0.0}
{"beta": 90, "tz": 0, "actin_num": 7, "tx": -60.0, "ty": 0, "defocus": 2.674803753287687, "alpha": 90, "iteration": 241, "gamma": 22.5}
{"beta": 90, "tz": 0, "actin_num": 19, "tx": -60.0, "ty": 0, "defocus": 3.770636464333796, "alpha": 90, "iteration": 242, "gamma": 45.0}
{"beta": 90, "tz": 0, "actin_num": 12, "tx": -60.0, "ty": 0, "defocus": 2.42600336249193, "alpha": 90, "iteration": 243, "gamma": 67.5}
{"beta": 90, "tz": 0, "actin_num": 2, "tx": -60.0, "ty": 0, "defocus": 2.1742798485694323, "alpha": 90, "iteration": 244, "gamma": 90.0}
{"beta": 90, "tz": 0, "actin_num": 12, "tx": -60.0, "ty": 0, "defocus": 3.2908895951575934, "alpha": 90, "iteration": 245, "gamma": 112.5}
{"beta": 90, "tz": 0, "actin_num": 2, "tx": -60.0, "ty": 0, "defocus": 2.1835609202965176, "alpha": 90, "iteration": 246, "gamma": 135.0}
{"beta": 90, "tz": 0, "actin_num": 2, "tx": -60.0, "ty": 0, "defocus": 3.2152005558842824, "alpha": 90, "iteration": 247, "gamma": 157.5}
{"beta": 90, "tz": 0, "actin_num": 1, "tx": -60.0, "ty": 0, "defocus": 1.8983620013671967, "alpha": 90, "iteration": 248, "gamma": 180.0}
{"beta": 90, "tz": 0, "actin_num": 14, "tx": -60.0, "ty": 0, "defocus": 3.2692123125242167, "alpha": 90, "iteration": 249, "gamma": 202.5}
{"beta": 90, "tz": 0, "actin_num": 3, "tx": -60.0, "ty": 0, "defocus": 3.750485750774288, "alpha": 90, "iteration": 250, "gamma": 225.0}
{"beta": 90, "tz": 0, "actin_num": 6, "tx": -60.0, "ty": 0, "defocus": 3.6623603532769415, "alpha": 90, "iteration": 251, "gamma": 247.5}
{"beta": 90, "tz": 0, "actin_num": 5, "tx": -60.0, "ty": 0, "defocus": 3.990600195896426, "alpha": 90, "iteration": 252, "gamma": 270.0}
{"beta": 90, "tz": 0, "actin_num": 19, "tx": -60.0, "ty": 0, "defocus": 2.8456072561395267, "alpha": 90, "iteration": 253, "gamma": 292.5}
{"beta": 90, "tz": 0, "actin_num": 14, "tx": -60.0, "ty": 0, "defocus": 3.414959385411014, "alpha": 90, "iteration": 254, "gamma": 315.0}
{"beta": 90, "tz": 0, "actin_num": 15, "tx": -60.0, "ty": 0, "defocus": 2.7794362819635694, "alpha": 90, "iteration": 255, "gamma": 337.5}
{"beta": 90, "tz": 0, "actin_num": 12, "tx": -30.0, "ty": 0, "defocus": 2.7908371660589846, "alpha": 90, "iteration": 256, "gamma": 0.0}
{"beta": 90, "tz": 0, "actin_num": 4, "tx": -30.0, "ty": 0, "defocus": 2.890319745604453, "alpha": 90, "iteration": 257, "gamma": 22.5}
{"beta": 90, "tz": 0, "actin_num": 0, "tx": -30.0, "ty": 0, "defocus": 3.2322962285305463, "alpha": 90, "iteration": 258, "gamma": 45.0}
{"beta": 90, "tz": 0, "actin_num": 5, "tx": -30.0, "ty": 0, "defocus": 2.1834264561076058, "alpha": 90, "iteration": 259, "gamma": 67.5}
{"beta": 90, "tz": 0, "actin_num": 5, "tx": -30.0, "ty": 0, "defocus": 1.9984123186197658, "alpha": 90, "iteration": 260, "gamma": 90.0}
{"beta": 90, "tz": 0, "actin_num": 6, "tx": -30.0, "ty": 0, "defocus": 2.71002353690049, "alpha": 90, "iteration": 261, "gamma": 112.5}
{"beta": 90, "tz": 0, "actin_num": 0, "tx": -30.0, "ty": 0, "defocus": 2.2842625711277558, "alpha": 90, "iteration": 262, "gamma": 135.0}
{"beta": 90, "tz": 0, "actin_num": 14, "tx": -30.0, "ty": 0, "defocus": 3.2897995827470927, "alpha": 90, "iteration": 263, "gamma": 157.5}
{"beta": 90, "tz": 0, "actin_num": 8, "tx": -30.0, "ty": 0, "defocus": 2.17172322135887, "alpha": 90, "iteration": 264, "gamma": 180.0}
{"beta": 90, "tz": 0, "actin_num": 15, "tx": -30.0, "ty": 0, "defocus": 2.2449620656832074, "alpha": 90, "iteration": 265, "gamma": 202.5}
{"beta": 90, "tz": 0, "actin_num": 19, "tx": -30.0, "ty": 0, "defocus": 3.0507896075298944, "alpha": 90, "iteration": 266, "gamma": 225.0}
{"beta": 90, "tz": 0, "actin_num": 13, "tx": -30.0, "ty": 0, "defocus": 3.075708266932598, "alpha": 90, "iteration": 267, "gamma": 247.5}
{"beta": 90, "tz": 0, "actin_num": 3, "tx": -30.0, "ty": 0, "defocus": 3.6716489122566918, "alpha": 90, "iteration": 268, "gamma": 270.0}
{"beta": 90, "tz": 0, "actin_num": 12, "tx": -30.0, "ty": 0, "defocus": 3.019572971382476, "alpha": 90, "iteration": 269, "gamma": 292.5}
{"beta": 90, "tz": 0, "actin_num": 14, "tx": -30.0, "ty": 0, "defocus": 3.116109814105026, "alpha": 90, "iteration": 270, "gamma": 315.0}
{"beta": 90, "tz": 0, "actin_num": 3, "tx": -30.0, "ty": 0, "defocus": 3.6531958955443953, "alpha": 90, "iteration": 271, "gamma": 337.5}
{"beta": 90, "tz": 0, "actin_num": 15, "tx": 0.0, "ty": 0, "defocus": 3.8345967914342176, "alpha": 90, "iteration": 272, "gamma": 0.0}
{"beta": 90, "tz": 0, "actin_num": 8, "tx": 0.0, "ty": 0, "defocus": 2.421921522045017, "alpha": 90, "iteration": 273, "gamma": 22.5}
{"beta": 90, "tz": 0, "actin_num": 3, "tx": 0.0, "ty": 0, "defocus": 2.2325586612208803, "alpha": 90, "iteration": 274, "gamma": 45.0}
{"beta": 90, "tz": 0, "actin_num": 12, "tx": 0.0, "ty": 0, "defocus": 2.4994039473125444, "alpha": 90, "iteration": 275, "gamma": 67.5}
{"beta": 90, "tz": 0, "actin_num": 4, "tx": 0.0, "ty": 0, "defocus": 1.9332012796234797, "alpha": 90, "iteration": 276, "gamma": 90.0}
{"beta": 90, "tz": 0, "actin_num": 12, "tx": 0.0, "ty": 0, "defocus": 1.6331129936617848, "alpha": 90, "iteration": 277, "gamma": 112.5}
{"beta": 90, "tz": 0, "actin_num": 11, "tx": 0.0, "ty": 0, "defocus": 3.588112795016148, "alpha": 90, "iteration": 278, "gamma": 135.0}
{"beta": 90, "tz": 0, "actin_num": 17, "tx": 0.0, "ty": 0, "defocus": 2.090998790944261, "alpha": 90, "iteration": 279, "gamma": 157.5}
{"beta": 90, "tz": 0, "actin_num": 3, "tx": 0.0, "ty": 0, "defocus": 2.7522087500718975, "alpha": 90, "iteration": 280, "gamma": 180.0}
{"beta": 90, "tz": 0, "actin_num": 18, "tx": 0.0, "ty": 0, "defocus": 2.204805069385304, "alpha": 90, "iteration": 281, "gamma": 202.5}
{"beta": 90, "tz": 0, "actin_num": 13,