{"beta": 90, "tz": 0, "actin_num": 15, "tx": -90.0, "ty": 0, "defocus": 3.902444500231839, "alpha": 90, "iteration": 1344, "gamma": 0.0}
{"beta": 90, "tz": 0, "actin_num": 2, "tx": -90.0, "ty": 0, "defocus": 2.2201059153356475, "alpha": 90, "iteration": 1345, "gamma": 22.5}
{"beta": 90, "tz": 0, "actin_num": 12, "tx": -90.0, "ty": 0, "defocus": 3.404874988027406, "alpha": 90, "iteration": 1346, "gamma": 45.0}
{"beta": 90, "tz": 0, "actin_num": 10, "tx": -90.0, "ty": 0, "defocus": 1.9589434390832154, "alpha": 90, "iteration": 1347, "gamma": 67.5}
{"beta": 90, "tz": 0, "actin_num": 17, "tx": -90.0, "ty": 0, "defocus": 3.7465701625092422, "alpha": 90, "iteration": 1348, "gamma": 90.0}
{"beta": 90, "tz": 0, "actin_num": 0, "tx": -90.0, "ty": 0, "defocus": 2.4836608400624076, "alpha": 90, "iteration": 1349, "gamma": 112.5}
{"beta": 90, "tz": 0, "actin_num": 4, "tx": -90.0, "ty": 0, "defocus": 2.7288983296553395, "alpha": 90, "iteration": 1350, "gamma": 135.0}
{"beta": 90, "tz": 0, "actin_num": 13, "tx": -90.0, "ty": 0, "defocus": 1.6241367750158229, "alpha": 90, "iteration": 1351, "gamma": 157.5}
{"beta": 90, "tz": 0, "actin_num": 18, "tx": -90.0, "ty": 0, "defocus": 3.336770877082907, "alpha": 90, "iteration": 1352, "gamma": 180.0}
{"beta": 90, "tz": 0, "actin_num": 5, "tx": -90.0, "ty": 0, "defocus": 3.0888412267275536, "alpha": 90, "iteration": 1353, "gamma": 202.5}
{"beta": 90, "tz": 0, "actin_num": 4, "tx": -90.0, "ty": 0, "defocus": 3.3137963206324494, "alpha": 90, "iteration": 1354, "gamma": 225.0}
{"beta": 90, "tz": 0, "actin_num": 2, "tx": -90.0, "ty": 0, "defocus": 2.093632730327302, "alpha": 90, "iteration": 1355, "gamma": 247.5}
{"beta": 90, "tz": 0, "actin_num": 19, "tx": -90.0, "ty": 0, "defocus": 2.7434784848539198, "alpha": 90, "iteration": 1356, "gamma": 270.0}
{"beta": 90, "tz": 0, "actin_num": 9, "tx": -90.0, "ty": 0, "defocus": 3.997166475830247, "alpha": 90, "iteration": 1357, "gamma": 292.5}
{"beta": 90, "tz": 0, "actin_num": 4, "tx": -90.0, "ty": 0, "defocus": 3.0588061240329925, "alpha": 90, "iteration": 1358, "gamma": 315.0}
{"beta": 90, "tz": 0, "actin_num": 13, "tx": -90.0, "ty": 0, "defocus": 3.007567748786779, "alpha": 90, "iteration": 1359, "gamma": 337.5}
{"beta": 90, "tz": 0, "actin_num": 4, "tx": -60.0, "ty": 0, "defocus": 2.154216064964059, "alpha": 90, "iteration": 1360, "gamma": 0.0}
{"beta": 90, "tz": 0, "actin_num": 13, "tx": -60.0, "ty": 0, "defocus": 3.992931532994315, "alpha": 90, "iteration": 1361, "gamma": 22.5}
{"beta": 90, "tz": 0, "actin_num": 7, "tx": -60.0, "ty": 0, "defocus": 2.6569792116834137, "alpha": 90, "iteration": 1362, "gamma": 45.0}
{"beta": 90, "tz": 0, "actin_num": 14, "tx": -60.0, "ty": 0, "defocus": 3.087937552544844, "alpha": 90, "iteration": 1363, "gamma": 67.5}
{"beta": 90, "tz": 0, "actin_num": 2, "tx": -60.0, "ty": 0, "defocus": 2.3020086901962404, "alpha": 90, "iteration": 1364, "gamma": 90.0}
{"beta": 90, "tz": 0, "actin_num": 4, "tx": -60.0, "ty": 0, "defocus": 3.579852063464407, "alpha": 90, "iteration": 1365, "gamma": 112.5}
{"beta": 90, "tz": 0, "actin_num": 5, "tx": -60.0, "ty": 0, "defocus": 2.0311708708104046, "alpha": 90, "iteration": 1366, "gamma": 135.0}
{"beta": 90, "tz": 0, "actin_num": 6, "tx": -60.0, "ty": 0, "defocus": 2.7975609989692884, "alpha": 90, "iteration": 1367, "gamma": 157.5}
{"beta": 90, "tz": 0, "actin_num": 0, "tx": -60.0, "ty": 0, "defocus": 3.195192098014483, "alpha": 90, "iteration": 1368, "gamma": 180.0}
{"beta": 90, "tz": 0, "actin_num": 13, "tx": -60.0, "ty": 0, "defocus": 2.700922787914248, "alpha": 90, "iteration": 1369, "gamma": 202.5}
{"beta": 90, "tz": 0, "actin_num": 12, "tx": -60.0, "ty": 0, "defocus": 3.612472521880379, "alpha": 90, "iteration": 1370, "gamma": 225.0}
{"beta": 90, "tz": 0, "actin_num": 16, "tx": -60.0, "ty": 0, "defocus": 2.108772901629827, "alpha": 90, "iteration": 1371, "gamma": 247.5}
{"beta": 90, "tz": 0, "actin_num": 0, "tx": -60.0, "ty": 0, "defocus": 1.7786714236374301, "alpha": 90, "iteration": 1372, "gamma": 270.0}
{"beta": 90, "tz": 0, "actin_num": 2, "tx": -60.0, "ty": 0, "defocus": 3.7760721616139694, "alpha": 90, "iteration": 1373, "gamma": 292.5}
{"beta": 90, "tz": 0, "actin_num": 14, "tx": -60.0, "ty": 0, "defocus": 1.6057425720693899, "alpha": 90, "iteration": 1374, "gamma": 315.0}
{"beta": 90, "tz": 0, "actin_num": 3, "tx": -60.0, "ty": 0, "defocus": 2.627383875976405, "alpha": 90, "iteration": 1375, "gamma": 337.5}
{"beta": 90, "tz": 0, "actin_num": 11, "tx": -30.0, "ty": 0, "defocus": 2.968307288418739, "alpha": 90, "iteration": 1376, "gamma": 0.0}
{"beta": 90, "tz": 0, "actin_num": 8, "tx": -30.0, "ty": 0, "defocus": 2.873649756397875, "alpha": 90, "iteration": 1377, "gamma": 22.5}
{"beta": 90, "tz": 0, "actin_num": 17, "tx": -30.0, "ty": 0, "defocus": 1.765801108103942, "alpha": 90, "iteration": 1378, "gamma": 45.0}
{"beta": 90, "tz": 0, "actin_num": 12, "tx": -30.0, "ty": 0, "defocus": 1.6826116124084622, "alpha": 90, "iteration": 1379, "gamma": 67.5}
{"beta": 90, "tz": 0, "actin_num": 13, "tx": -30.0, "ty": 0, "defocus": 2.7677846307161382, "alpha": 90, "iteration": 1380, "gamma": 90.0}
{"beta": 90, "tz": 0, "actin_num": 7, "tx": -30.0, "ty": 0, "defocus": 2.656012616118718, "alpha": 90, "iteration": 1381, "gamma": 112.5}
{"beta": 90, "tz": 0, "actin_num": 10, "tx": -30.0, "ty": 0, "defocus": 2.5057356458620026, "alpha": 90, "iteration": 1382, "gamma": 135.0}
{"beta": 90, "tz": 0, "actin_num": 12, "tx": -30.0, "ty": 0, "defocus": 3.937247702931578, "alpha": 90, "iteration": 1383, "gamma": 157.5}
{"beta": 90, "tz": 0, "actin_num": 17, "tx": -30.0, "ty": 0, "defocus": 1.874309992934652, "alpha": 90, "iteration": 1384, "gamma": 180.0}
{"beta": 90, "tz": 0, "actin_num": 3, "tx": -30.0, "ty": 0, "defocus": 1.9298966251096492, "alpha": 90, "iteration": 1385, "gamma": 202.5}
{"beta": 90, "tz": 0, "actin_num": 14, "tx": -30.0, "ty": 0, "defocus": 2.75745635622157, "alpha": 90, "iteration": 1386, "gamma": 225.0}
{"beta": 90, "tz": 0, "actin_num": 4, "tx": -30.0, "ty": 0, "defocus": 2.2041284815628828, "alpha": 90, "iteration": 1387, "gamma": 247.5}
{"beta": 90, "tz": 0, "actin_num": 10, "tx": -30.0, "ty": 0, "defocus": 2.51536507238379, "alpha": 90, "iteration": 1388, "gamma": 270.0}
{"beta": 90, "tz": 0, "actin_num": 5, "tx": -30.0, "ty": 0, "defocus": 3.5623406405187756, "alpha": 90, "iteration": 1389, "gamma": 292.5}
{"beta": 90, "tz": 0, "actin_num": 3, "tx": -30.0, "ty": 0, "defocus": 3.3279925453690815, "alpha": 90, "iteration": 1390, "gamma": 315.0}
{"beta": 90, "tz": 0, "actin_num": 6, "tx": -30.0, "ty": 0, "defocus": 2.8588789233847063, "alpha": 90, "iteration": 1391, "gamma": 337.5}
{"beta": 90, "tz": 0, "actin_num": 6, "tx": 0.0, "ty": 0, "defocus": 2.3730420070976908, "alpha": 90, "iteration": 1392, "gamma": 0.0}
{"beta": 90, "tz": 0, "actin_num": 16, "tx": 0.0, "ty": 0, "defocus": 3.282651904170785, "alpha": 90, "iteration": 1393, "gamma": 22.5}
{"beta": 90, "tz": 0, "actin_num": 12, "tx": 0.0, "ty": 0, "defocus": 2.8377009313276393, "alpha": 90, "iteration": 1394, "gamma": 45.0}
{"beta": 90, "tz": 0, "actin_num": 11, "tx": 0.0, "ty": 0, "defocus": 3.053542338211849, "alpha": 90, "iteration": 1395, "gamma": 67.5}
{"beta": 90, "tz": 0, "actin_num": 10, "tx": 0.0, "ty": 0, "defocus": 3.6483079083918133, "alpha": 90, "iteration": 1396, "gamma": 90.0}
{"beta": 90, "tz": 0, "actin_num": 0, "tx": 0.0, "ty": 0, "defocus": 2.7197959116718184, "alpha": 90, "iteration": 1397, "gamma": 112.5}
{"beta": 90, "tz": 0, "actin_num": 8, "tx": 0.0, "ty": 0, "defocus": 2.3556640141581147, "alpha": 90, "iteration": 1398, "gamma": 135.0}
{"beta": 90, "tz": 0, "actin_num": 5, "tx": 0.0, "ty": 0, "defocus": 1.9933853363796095, "alpha": 90, "iteration": 1399, "gamma": 157.5}
{"beta": 90, "tz": 0, "actin_num": 8, "tx": 0.0, "ty": 0, "defocus": 2.7989539635983802, "alpha": 90, "iteration": 1400, "gamma": 180.0}
{"beta": 90, "tz": 0, "actin_num": 13, "tx": 0.0, "ty": 0, "defocus": 2.6689148318685056, "alpha": 90,