{"beta": 90, "tz": 0, "actin_num": 11, "tx": -90.0, "ty": 0, "defocus": 2.6852062172981066, "alpha": 90, "iteration": 1568, "gamma": 0.0}
{"beta": 90, "tz": 0, "actin_num": 2, "tx": -90.0, "ty": 0, "defocus": 3.4187538778639723, "alpha": 90, "iteration": 1569, "gamma": 22.5}
{"beta": 90, "tz": 0, "actin_num": 16, "tx": -90.0, "ty": 0, "defocus": 3.098174467368874, "alpha": 90, "iteration": 1570, "gamma": 45.0}
{"beta": 90, "tz": 0, "actin_num": 14, "tx": -90.0, "ty": 0, "defocus": 2.8922416339944483, "alpha": 90, "iteration": 1571, "gamma": 67.5}
{"beta": 90, "tz": 0, "actin_num": 5, "tx": -90.0, "ty": 0, "defocus": 1.6347230438900333, "alpha": 90, "iteration": 1572, "gamma": 90.0}
{"beta": 90, "tz": 0, "actin_num": 10, "tx": -90.0, "ty": 0, "defocus": 1.8728136233170127, "alpha": 90, "iteration": 1573, "gamma": 112.5}
{"beta": 90, "tz": 0, "actin_num": 13, "tx": -90.0, "ty": 0, "defocus": 2.5841211225233622, "alpha": 90, "iteration": 1574, "gamma": 135.0}
{"beta": 90, "tz": 0, "actin_num": 5, "tx": -90.0, "ty": 0, "defocus": 3.4957278173838913, "alpha": 90, "iteration": 1575, "gamma": 157.5}
{"beta": 90, "tz": 0, "actin_num": 7, "tx": -90.0, "ty": 0, "defocus": 2.3958614671694676, "alpha": 90, "iteration": 1576, "gamma": 180.0}
{"beta": 90, "tz": 0, "actin_num": 9, "tx": -90.0, "ty": 0, "defocus": 3.641628889530561, "alpha": 90, "iteration": 1577, "gamma": 202.5}
{"beta": 90, "tz": 0, "actin_num": 9, "tx": -90.0, "ty": 0, "defocus": 3.9629410524035937, "alpha": 90, "iteration": 1578, "gamma": 225.0}
{"beta": 90, "tz": 0, "actin_num": 12, "tx": -90.0, "ty": 0, "defocus": 2.4223730244189596, "alpha": 90, "iteration": 1579, "gamma": 247.5}
{"beta": 90, "tz": 0, "actin_num": 1, "tx": -90.0, "ty": 0, "defocus": 1.958881620930375, "alpha": 90, "iteration": 1580, "gamma": 270.0}
{"beta": 90, "tz": 0, "actin_num": 0, "tx": -90.0, "ty": 0, "defocus": 3.8867984426062954, "alpha": 90, "iteration": 1581, "gamma": 292.5}
{"beta": 90, "tz": 0, "actin_num": 2, "tx": -90.0, "ty": 0, "defocus": 3.808957551852393, "alpha": 90, "iteration": 1582, "gamma": 315.0}
{"beta": 90, "tz": 0, "actin_num": 14, "tx": -90.0, "ty": 0, "defocus": 3.603059700899676, "alpha": 90, "iteration": 1583, "gamma": 337.5}
{"beta": 90, "tz": 0, "actin_num": 0, "tx": -60.0, "ty": 0, "defocus": 1.707749231932863, "alpha": 90, "iteration": 1584, "gamma": 0.0}
{"beta": 90, "tz": 0, "actin_num": 9, "tx": -60.0, "ty": 0, "defocus": 2.0370083577289644, "alpha": 90, "iteration": 1585, "gamma": 22.5}
{"beta": 90, "tz": 0, "actin_num": 19, "tx": -60.0, "ty": 0, "defocus": 2.55629614678434, "alpha": 90, "iteration": 1586, "gamma": 45.0}
{"beta": 90, "tz": 0, "actin_num": 13, "tx": -60.0, "ty": 0, "defocus": 2.99670726212851, "alpha": 90, "iteration": 1587, "gamma": 67.5}
{"beta": 90, "tz": 0, "actin_num": 12, "tx": -60.0, "ty": 0, "defocus": 2.778575752125292, "alpha": 90, "iteration": 1588, "gamma": 90.0}
{"beta": 90, "tz": 0, "actin_num": 18, "tx": -60.0, "ty": 0, "defocus": 2.019119693616238, "alpha": 90, "iteration": 1589, "gamma": 112.5}
{"beta": 90, "tz": 0, "actin_num": 1, "tx": -60.0, "ty": 0, "defocus": 2.3586844820250215, "alpha": 90, "iteration": 1590, "gamma": 135.0}
{"beta": 90, "tz": 0, "actin_num": 3, "tx": -60.0, "ty": 0, "defocus": 2.680737061011849, "alpha": 90, "iteration": 1591, "gamma": 157.5}
{"beta": 90, "tz": 0, "actin_num": 2, "tx": -60.0, "ty": 0, "defocus": 1.8906687707497034, "alpha": 90, "iteration": 1592, "gamma": 180.0}
{"beta": 90, "tz": 0, "actin_num": 4, "tx": -60.0, "ty": 0, "defocus": 3.340598304902131, "alpha": 90, "iteration": 1593, "gamma": 202.5}
{"beta": 90, "tz": 0, "actin_num": 4, "tx": -60.0, "ty": 0, "defocus": 1.6756030862418805, "alpha": 90, "iteration": 1594, "gamma": 225.0}
{"beta": 90, "tz": 0, "actin_num": 8, "tx": -60.0, "ty": 0, "defocus": 2.464927308220047, "alpha": 90, "iteration": 1595, "gamma": 247.5}
{"beta": 90, "tz": 0, "actin_num": 4, "tx": -60.0, "ty": 0, "defocus": 2.150946038378515, "alpha": 90, "iteration": 1596, "gamma": 270.0}
{"beta": 90, "tz": 0, "actin_num": 13, "tx": -60.0, "ty": 0, "defocus": 2.4086901491606985, "alpha": 90, "iteration": 1597, "gamma": 292.5}
{"beta": 90, "tz": 0, "actin_num": 17, "tx": -60.0, "ty": 0, "defocus": 3.2270143643845706, "alpha": 90, "iteration": 1598, "gamma": 315.0}
{"beta": 90, "tz": 0, "actin_num": 13, "tx": -60.0, "ty": 0, "defocus": 1.8596951449012755, "alpha": 90, "iteration": 1599, "gamma": 337.5}
{"beta": 90, "tz": 0, "actin_num": 6, "tx": -30.0, "ty": 0, "defocus": 2.445735548455338, "alpha": 90, "iteration": 1600, "gamma": 0.0}
{"beta": 90, "tz": 0, "actin_num": 9, "tx": -30.0, "ty": 0, "defocus": 2.482614304940422, "alpha": 90, "iteration": 1601, "gamma": 22.5}
{"beta": 90, "tz": 0, "actin_num": 7, "tx": -30.0, "ty": 0, "defocus": 2.4200949714518525, "alpha": 90, "iteration": 1602, "gamma": 45.0}
{"beta": 90, "tz": 0, "actin_num": 19, "tx": -30.0, "ty": 0, "defocus": 2.7698590431014583, "alpha": 90, "iteration": 1603, "gamma": 67.5}
{"beta": 90, "tz": 0, "actin_num": 4, "tx": -30.0, "ty": 0, "defocus": 2.5734600184659886, "alpha": 90, "iteration": 1604, "gamma": 90.0}
{"beta": 90, "tz": 0, "actin_num": 7, "tx": -30.0, "ty": 0, "defocus": 3.957038283848248, "alpha": 90, "iteration": 1605, "gamma": 112.5}
{"beta": 90, "tz": 0, "actin_num": 10, "tx": -30.0, "ty": 0, "defocus": 2.47551666104648, "alpha": 90, "iteration": 1606, "gamma": 135.0}
{"beta": 90, "tz": 0, "actin_num": 12, "tx": -30.0, "ty": 0, "defocus": 1.792367412745764, "alpha": 90, "iteration": 1607, "gamma": 157.5}
{"beta": 90, "tz": 0, "actin_num": 19, "tx": -30.0, "ty": 0, "defocus": 2.4157965710351457, "alpha": 90, "iteration": 1608, "gamma": 180.0}
{"beta": 90, "tz": 0, "actin_num": 16, "tx": -30.0, "ty": 0, "defocus": 3.256925065231402, "alpha": 90, "iteration": 1609, "gamma": 202.5}
{"beta": 90, "tz": 0, "actin_num": 2, "tx": -30.0, "ty": 0, "defocus": 2.7008728303010727, "alpha": 90, "iteration": 1610, "gamma": 225.0}
{"beta": 90, "tz": 0, "actin_num": 8, "tx": -30.0, "ty": 0, "defocus": 3.0448405988767124, "alpha": 90, "iteration": 1611, "gamma": 247.5}
{"beta": 90, "tz": 0, "actin_num": 12, "tx": -30.0, "ty": 0, "defocus": 3.6107363712292058, "alpha": 90, "iteration": 1612, "gamma": 270.0}
{"beta": 90, "tz": 0, "actin_num": 18, "tx": -30.0, "ty": 0, "defocus": 1.6982722273023971, "alpha": 90, "iteration": 1613, "gamma": 292.5}
{"beta": 90, "tz": 0, "actin_num": 1, "tx": -30.0, "ty": 0, "defocus": 3.592490035847978, "alpha": 90, "iteration": 1614, "gamma": 315.0}
{"beta": 90, "tz": 0, "actin_num": 0, "tx": -30.0, "ty": 0, "defocus": 3.3590775424490182, "alpha": 90, "iteration": 1615, "gamma": 337.5}
{"beta": 90, "tz": 0, "actin_num": 0, "tx": 0.0, "ty": 0, "defocus": 3.7702243611705173, "alpha": 90, "iteration": 1616, "gamma": 0.0}
{"beta": 90, "tz": 0, "actin_num": 13, "tx": 0.0, "ty": 0, "defocus": 3.7046214822792547, "alpha": 90, "iteration": 1617, "gamma": 22.5}
{"beta": 90, "tz": 0, "actin_num": 13, "tx": 0.0, "ty": 0, "defocus": 1.7208835439680168, "alpha": 90, "iteration": 1618, "gamma": 45.0}
{"beta": 90, "tz": 0, "actin_num": 6, "tx": 0.0, "ty": 0, "defocus": 2.582328589781868, "alpha": 90, "iteration": 1619, "gamma": 67.5}
{"beta": 90, "tz": 0, "actin_num": 13, "tx": 0.0, "ty": 0, "defocus": 2.8379055511649156, "alpha": 90, "iteration": 1620, "gamma": 90.0}
{"beta": 90, "tz": 0, "actin_num": 18, "tx": 0.0, "ty": 0, "defocus": 3.5930004484289153, "alpha": 90, "iteration": 1621, "gamma": 112.5}
{"beta": 90, "tz": 0, "actin_num": 12, "tx": 0.0, "ty": 0, "defocus": 3.8420370781229076, "alpha": 90, "iteration": 1622, "gamma": 135.0}
{"beta": 90, "tz": 0, "actin_num": 3, "tx": 0.0, "ty": 0, "defocus": 3.773543203449981, "alpha": 90, "iteration": 1623, "gamma": 157.5}
{"beta": 90, "tz": 0, "actin_num": 5, "tx": 0.0, "ty": 0, "defocus": 2.383088575984976, "alpha": 90, "iteration": 1624, "gamma": 180.0}
{"beta": 90, "tz": 0, "actin_num": 12, "tx": 0.0, "ty": 0, "defocus": 3.9477944052112526, "alpha": 90,